obs_id,domain,x1,x2,true_mean,y
CS0001,development,0.34524134176,0.0310495804816,5.65322318694,4.5842093649
CS0002,development,2.52711798191,-0.738882690188,10.9408951921,12.0293293503
CS0003,development,1.7613441913,-0.385425987437,8.98519956752,9.65591925584
CS0004,development,-0.36389524696,-0.353003827824,4.69581409947,6.51498701786
CS0005,development,1.53749056565,-2.12475315203,10.6246849137,11.4516565024
CS0006,development,-0.51959598229,-0.0858496418297,4.06382760562,3.76058354532
CS0007,development,-0.454051119621,0.310755465451,3.71899120222,4.67965323408
CS0008,development,0.144450175727,0.695405627116,4.45441359891,3.96670356742
CS0009,development,0.617012126182,-0.251698139117,6.53606201931,7.8993563641
CS0010,development,-0.91744967505,0.209710489136,2.91344806294,3.24342707779
CS0011,development,-1.54110869368,0.882870257088,0.858338304127,1.23189350856
CS0012,development,1.43239522329,0.606434112007,7.13706951218,7.75130379412
CS0013,development,0.942402289548,0.488912145988,6.29811000391,6.29417272122
CS0014,development,0.505804692695,-0.169440040145,6.21493743356,6.39737267265
CS0015,development,-0.285299879153,1.89205828521,2.15893029944,0.393070435835
CS0016,development,-0.22081975531,2.3362683972,1.75483841274,2.19432757003
CS0017,development,1.86456410669,-1.31919946827,10.3121675753,11.5375629393
CS0018,development,-0.0892389666539,2.54661783408,1.7655806658,2.10650978466
CS0019,development,-0.231658601153,-0.371562499088,4.9825577966,4.85983491906
CS0020,development,0.0345187688531,-0.226013854817,5.34025416349,5.58382966506
CS0021,development,-1.03323907133,0.0679498801046,2.85198200122,3.18211619671
CS0022,development,-1.99389551966,-0.312835078624,1.38761105503,2.21224077803
CS0023,development,-1.08461437466,0.513886650304,2.21410727031,2.8546867886
CS0024,development,1.49575899489,-1.4989393689,9.79024523246,10.5090662077
CS0025,development,-0.310608205326,1.53200913044,2.54037263282,2.20164508494
CS0026,development,-1.41867737299,0.600580330988,1.44194885684,1.20391693261
CS0027,development,1.11956852351,0.151634389287,7.05717577988,7.90405623955
CS0028,development,0.41667431971,-1.1409960093,7.20254385058,8.20139763701
CS0029,development,0.718894293526,0.281645527997,6.09981395346,6.22918207809
CS0030,development,0.101983116313,0.982257152646,4.02525764945,4.66046300452
CS0031,development,0.10291293153,0.071056261053,5.1205583498,5.96662447891
CS0032,development,0.321124479247,-0.00726111447148,5.65096229586,4.76225735792
CS0033,development,-0.205451553083,-0.50465475403,5.19468259867,5.14880231603
CS0034,development,0.121528605387,0.656909597769,4.45476569345,3.28427788407
CS0035,development,-1.47976028796,0.287036077945,1.69603613055,1.48958559585
CS0036,development,-0.431357937281,0.310840906681,3.76427503742,3.97591021791
CS0037,development,0.0996553933492,-1.42089754423,6.90438783977,7.36752570887
CS0038,development,-1.01794309739,-1.35542522311,4.59062407295,4.64244982056
CS0039,development,-0.95031029496,-0.0940385477708,3.2122256674,2.17595760358
CS0040,development,-0.510600430454,-1.24258960466,5.46990666468,4.71653567631
CS0041,development,0.564955272872,1.971678757,3.76389603734,3.75853904609
CS0042,development,0.235752492113,1.14163336921,4.10154494117,3.65814145306
CS0043,development,-0.798115171502,-1.06199602979,4.67816489275,5.37263605787
CS0044,development,0.619849063564,-0.169992524707,6.44368915678,5.21555193729
CS0045,development,0.782616282948,-1.80304404874,8.72888542438,8.86248007024
CS0046,development,-0.626018131465,1.83470541999,1.54631723308,1.10213268101
CS0047,development,0.793807259955,-0.0533923787882,6.65168537446,6.92932260145
CS0048,development,-0.0687859120818,0.711734301021,4.00834701461,4.53067385146
CS0049,development,-0.314119834086,0.212192247699,4.11712963459,4.26246156711
CS0050,development,-0.85965276828,-1.0726966803,4.5679304798,5.33252187343
CS0051,development,-0.306917292139,0.496477545239,3.79039236144,3.8248822269
CS0052,development,1.5128455275,0.314769359302,7.64796782384,8.19319327426
CS0053,development,-1.33551855832,2.97048904064,-1.23562396541,-1.12273368197
CS0054,development,0.609936683749,0.290312746819,5.87149807131,5.55273474567
CS0055,development,0.146001462292,1.27811090393,3.75826983987,4.06714663971
CS0056,development,-0.172401338941,0.120357000106,4.51076892199,4.14988147041
CS0057,development,0.658757502582,0.648092301729,5.53980424309,4.92922496741
CS0058,development,-0.031153826837,-0.788915184705,5.88439056797,4.99442529047
CS0059,development,-0.23753752806,0.795043906335,3.57087225628,2.6342356649
CS0060,development,-0.548803929361,-0.115541899658,4.04104242087,3.53882809197
CS0061,development,-1.03749815687,-2.04757266724,5.38209088695,6.49312480651
CS0062,development,1.43509483428,-0.226665788468,8.14218861472,9.2073489358
CS0063,development,0.00442173369367,1.02332184975,3.78085724768,2.71468856439
CS0064,development,-1.37839208014,-0.0672896815813,2.32396345762,2.09537086617
CS0065,development,-0.624548501228,-0.626506634428,4.50271095886,3.34332087066
CS0066,development,0.357167321189,-0.156626929687,5.902286958,5.39807900338
CS0067,development,-0.464391238858,0.211987292575,3.81683277119,3.88823737035
CS0068,development,1.57563900192,0.73543530741,7.26875563495,6.78076212622
CS0069,development,0.373292162414,-1.31564228907,7.32535507172,7.48813637063
CS0070,development,-0.086887030886,0.264621277235,4.50868040555,5.06847664424
CS0071,development,1.90225538131,0.861784274643,7.77036963305,6.85229295089
CS0072,development,0.472313380494,0.552105948357,5.28209962296,5.4340914278
CS0073,development,-0.517797235294,-0.105123020299,4.09055315377,2.60285872694
CS0074,development,-1.27101219224,0.427684354779,1.94475438978,0.356664378893
CS0075,development,-1.66174139143,-0.517356196139,2.2973446525,0.695388102824
CS0076,development,-1.29442452521,0.311105013749,2.03782493308,1.28028476849
CS0077,development,0.0440093072607,1.8037422047,2.92352796888,1.63233255088
CS0078,development,0.913777658575,-0.167767955463,7.02887686371,8.08853240496
CS0079,development,1.96511573446,-1.68032659002,10.9466233769,10.1770511085
CS0080,development,-0.554139846128,-0.28573967026,4.23460791206,5.0440597286
CS0081,development,-0.574428002193,0.828611483782,2.85681021508,3.9918044943
CS0082,development,2.04326235095,1.72726974931,7.01380100273,6.55855383146
CS0083,development,-0.852916311162,0.152378956463,3.11131262992,3.1577853977
CS0084,development,-0.300139089099,2.85146573102,0.977962944575,1.06946305789
CS0085,development,0.252046080208,-1.79369375033,7.65652466081,8.08876367484
CS0086,development,-2.35019335975,0.713317523005,-0.556367747103,-0.65281155203
CS0087,development,-0.669127845276,0.385635397065,3.19898183297,3.29710104295
CS0088,development,0.805049547111,-0.273620433258,6.93844361413,6.80546239197
CS0089,development,-0.649953227086,-1.31286620477,5.27553299155,4.78791468165
CS0090,development,0.154322295613,-1.17528970789,6.7189922407,7.62068024592
CS0091,development,0.466840698447,-1.9057449802,8.22057537314,6.93169169901
CS0092,development,-0.57888866984,0.333954440123,3.44147733217,1.63199409168
CS0093,development,2.5093496127,-0.561011965293,10.6919135838,10.5070486838
CS0094,development,-1.60551872603,-0.282154982411,2.12754852683,2.65364707255
CS0095,development,-1.06790832775,-0.538201357569,3.51002497358,4.75210347132
CS0096,development,-1.70239098152,-0.0727593651139,1.68252927509,2.33610868934
CS0097,development,-0.668253031125,0.336406563326,3.25980606176,2.50227599055
CS0098,development,1.88989716915,1.32468739278,7.19016946696,6.29233244379
CS0099,development,0.552605245904,0.741704422194,5.21516518518,6.05529127046
CS0100,development,0.950966956502,0.909093917547,5.81102121195,5.19110800132
CS0101,development,1.51233172375,-1.43451915069,9.74608642832,10.6428458891
CS0102,development,0.682706628935,0.447692395528,5.82818238324,5.55895499079
CS0103,development,0.778276651838,-0.0519229686263,6.61886086603,5.96904721493
CS0104,development,0.814023889905,-1.22674926894,8.10014690253,8.30384368857
CS0105,development,-0.118364257825,0.658902558373,3.9725884143,3.25125221708
CS0106,development,0.0502088821809,0.269475071582,4.77704767846,2.85148742924
CS0107,development,-2.5211993183,0.164702776475,-0.240041968365,-1.7501473948
CS0108,development,-0.524561275968,-0.0878578532004,4.0563068719,2.60009179815
CS0109,development,-0.740474398994,0.484183890473,2.93803053344,2.63856149642
CS0110,development,-1.35301331119,-0.926242077217,3.40546387027,3.90798573096
CS0111,development,0.014013345993,-1.58959086532,6.93553573037,7.17516997989
CS0112,development,-0.831166870592,1.4636441617,1.58129326477,2.34854337647
CS0113,development,0.703079480659,1.23164420686,4.92818591309,6.16817244412
CS0114,development,-0.923177983247,-0.00554579738917,3.16029899037,2.99295374186
CS0115,development,-1.50868422243,1.16778851076,0.581285342219,1.33803024798
CS0116,development,-0.178676325079,0.832328493319,3.64385315786,3.44818826973
CS0117,development,-1.75505140899,-1.51109463228,3.30321074075,2.73971845383
CS0118,development,-0.202008756083,-0.105923561001,4.72309076103,5.16706123237
CS0119,development,1.14137920799,-0.727697067013,8.1559948964,9.26173970205
CS0120,development,0.02419563975,-0.422619286376,5.55553442315,5.40723531423
CS0121,development,0.357151779618,0.471008305946,5.1490935921,5.69398458565
CS0122,development,-1.24635125589,-0.265410216337,2.82578974782,2.80509474699
CS0123,development,-1.43234612606,0.4099309858,1.64339056492,3.54741571932
CS0124,development,0.466149966284,-0.49460047939,6.52582050784,6.56744781054
CS0125,development,-0.861080437022,-1.7425829649,5.36893868383,6.77922498416
CS0126,development,-0.104231075258,-0.431706605663,5.30958577628,5.73028533355
CS0127,development,-1.49149992853,1.4175062146,0.315992685423,1.09516269895
CS0128,development,-0.394728940841,0.501754512686,3.60843670309,3.18152902974
CS0129,development,-1.14119649788,0.636818057931,1.95342533472,2.40671182564
CS0130,development,-2.56567523727,0.635450858626,-0.893891504882,-0.214554728608
CS0131,development,0.994782099672,0.834723906841,5.98789551113,4.99108105412
CS0132,development,1.08810692826,0.624036974853,6.42736948669,7.66524813613
CS0133,development,-0.376396150225,-0.894970495796,5.32117229451,4.37758627339
CS0134,development,-0.600806703391,0.0789619282611,3.70363227931,3.39019573354
CS0135,development,0.133819664782,-0.459630604115,5.8191960545,7.67508293814
CS0136,development,-0.875340509684,0.81893947878,2.2665916061,3.42626797038
CS0137,development,0.502263691094,-0.565770449971,6.68345192215,7.0751548286
CS0138,development,-0.847928596812,0.302290570975,2.94139412121,2.32279702111
CS0139,development,0.915366322661,-0.292074361968,7.18122187968,7.66973712012
CS0140,development,0.164649439239,0.231981141281,5.05092150894,4.42335620149
CS0141,development,-0.226995106521,-0.625251611797,5.29631172111,5.04008879846
CS0142,development,-0.0719523752939,0.354666097775,4.43049593208,6.23525273397
CS0143,development,-1.6221356806,0.257984240731,1.44614754993,1.71914914465
CS0144,development,-0.298371097306,2.96424729855,0.846161047123,1.49371298205
CS0145,development,-0.0794841757496,0.71375361759,3.98452730739,3.18079347689
CS0146,development,1.05483313635,1.41038562113,5.41720352735,4.67211575525
CS0147,development,2.55432630371,0.46701984281,9.54822879605,9.47431095286
CS0148,development,0.100398977252,0.217454505817,4.93985254752,3.73996322213
CS0149,development,-0.728161233172,-1.65243380476,5.52659809937,6.84687116425
CS0150,development,-0.235020622536,0.515166089747,3.91175944723,4.73375519042
CS0151,development,1.89215030075,0.724489215042,7.91491354345,8.76968145306
CS0152,development,1.08096013381,-0.324461727694,7.55127434086,8.22208494652
CS0153,development,1.37299773277,2.03215472693,5.30740979322,4.72130783546
CS0154,development,-1.89484325156,0.703552011123,0.36605108353,0.349743319771
CS0155,development,-0.0487371536606,0.475239936455,4.33223776893,3.96342064609
CS0156,development,0.44958563941,0.77619920966,4.96773222723,7.069990992
CS0157,development,-0.2532875809,-0.129383971213,4.64868560366,3.18075518886
CS0158,development,-0.691549301775,2.26973725193,0.89321669414,1.61834398529
CS0159,development,0.860728194399,0.127832609651,6.56805725722,6.90208466379
CS0160,development,1.00036961321,-1.46286280029,8.75617458676,7.53219296672
CS0161,development,-0.314735045885,0.0814749262207,4.27275999677,5.47990636121
CS0162,development,0.264310517323,-0.861371698426,6.56226707276,7.36417358947
CS0163,development,-0.0336333868377,-0.999601424323,6.13225493551,5.85239260306
CS0164,development,-2.65300002235,0.5861471267,-1.00937659673,-1.72640063616
CS0165,development,0.174548052551,-0.410807597006,5.84206522151,5.53460566906
CS0166,development,1.67923094724,1.11732966644,7.01766629476,7.51543317206
CS0167,development,-0.101908948366,0.397924726763,4.31867243115,4.19783618746
CS0168,development,-0.192606379965,1.34521709002,3.00052673205,2.96636585349
CS0169,development,0.539711162136,-0.818652224965,7.06180499423,7.42874256434
CS0170,development,0.0687116736419,1.11839631304,3.79534777164,3.66601453244
CS0171,development,0.660820063441,-0.264123630343,6.63858848329,6.88315656196
CS0172,development,-0.239464620866,-0.369301774067,4.96423288715,6.17867606567
CS0173,development,-0.677600256002,1.01623637868,2.42531583358,2.40812769996
CS0174,development,0.768695016694,0.348972764248,6.11862271629,5.33051182168
CS0175,development,0.782064950929,1.52883536459,4.72952746434,5.92714520196
CS0176,development,0.465620763504,0.799017007184,4.97242111839,6.03752937236
CS0177,development,-1.55576391599,-1.20545062574,3.33501291892,3.27748277157
CS0178,development,0.395510635209,-0.422839587648,6.2984287756,6.24748501673
CS0179,development,1.09394426662,0.268327376243,6.86589568174,6.86491944973
CS0180,development,-2.97195785309,-0.266151439685,-0.624533978567,-0.361009147004
CS0181,development,-0.163937540437,0.6697225159,3.86845790005,5.65139805708
CS0182,development,0.518468706717,-0.551174443686,6.69834674586,7.18874115452
CS0183,development,-1.08342424908,0.829842369042,1.83734065899,3.88568009506
CS0184,development,0.0111476435529,0.36847111592,4.580129948,4.05332510549
CS0185,development,0.700377945172,1.5500045721,4.54075040383,4.85740305669
CS0186,development,-0.179231668699,0.473125904714,4.07378557695,4.26008244812
CS0187,development,0.490958892488,-0.321349256104,6.3675368923,7.21472114777
CS0188,development,-0.686355445712,1.09901446263,2.30847175342,1.832166533
CS0189,development,-0.798607811593,0.125753776821,3.25187984463,4.53751723573
CS0190,development,0.608972246211,-0.124815273015,6.36772282004,7.7039710179
CS0191,development,-0.455510781986,1.17694593374,2.67664331554,2.5491092452
CS0192,development,-0.619061636985,1.3963368376,2.08627252091,3.42294800684
CS0193,development,1.31977846055,0.710401432936,6.78707520159,6.23728253586
CS0194,development,0.0719678472477,-1.33390958703,6.74462719893,6.19677100845
CS0195,development,1.13608798731,0.133636261504,7.11181246081,6.72253011476
CS0196,development,-0.0813783257534,1.20436569133,3.39200451889,3.57229411066
CS0197,development,2.01439717225,1.03006400814,7.79271753473,6.47344378878
CS0198,development,-1.07533315341,-0.00531681707372,2.85571387367,3.03536248228
CS0199,development,1.31903702627,0.810566739372,6.66539396528,7.1921531226
CS0200,development,-1.2385505687,-0.558952406768,3.19364175073,3.44773916753
CS0201,development,0.464497503709,0.54429364561,5.27584263269,6.18307432731
CS0202,development,-1.9167801893,-0.370400754249,1.61092052651,2.14312694134
CS0203,development,-0.350837600363,-0.587152041851,5.0029072495,4.76860845289
CS0204,development,0.179219291735,-1.18589198164,6.78150896144,6.71318427604
CS0205,development,-0.321741141278,-0.144100133172,4.52943787725,4.45903001004
CS0206,development,-1.15281067901,1.86813773244,0.452613363041,-0.862621914088
CS0207,development,0.428591497533,2.03037491956,3.4207330916,3.82133650533
CS0208,development,0.822131116233,1.20319383501,5.20042963045,5.26009451149
CS0209,development,-0.26070666541,0.125876109788,4.32753533744,3.83221242336
CS0210,development,-0.385653411935,-0.559432500491,4.90001217672,5.88994020895
CS0211,development,-1.19794473116,0.11870515207,2.4616643552,2.37741042056
CS0212,development,0.410521113031,0.504519058572,5.21561935578,5.01659720271
CS0213,development,-2.3383934462,1.20373110133,-1.12126421399,-1.36567935891
CS0214,development,0.75314522804,0.882689639279,5.44706288894,4.76276081153
CS0215,development,1.09775931738,-1.04171537056,8.44557707944,7.90839941013
CS0216,development,0.753895720881,0.810108213382,5.5356615857,5.22938136178
CS0217,development,0.772459334151,1.79282710648,4.39352614052,2.26369926789
CS0218,development,0.447035032225,-0.357221123396,6.32273541252,6.57122333839
CS0219,development,0.908640213736,0.914008352789,5.72047040412,7.13678701419
CS0220,development,0.755597852215,-0.715920238062,7.37029999011,7.76176503837
CS0221,development,-1.77628149256,-0.160327760652,1.63983032767,1.68365519989
CS0222,development,0.505807691554,-1.30598951659,7.57880280301,7.10726687305
CS0223,development,0.594515825209,0.134111581112,6.02809775308,5.9725822247
CS0224,development,1.07836201274,-0.998131382611,8.35448168461,8.04148047582
CS0225,development,1.26792111717,-0.0370769709821,7.58033459952,8.2335801066
CS0226,development,2.31059564672,-0.426844938513,10.1334052197,9.44499173582
CS0227,development,-1.5122893163,0.96337596456,0.819370209928,1.62435840445
CS0228,development,-0.592007447843,-0.651795372531,4.59813955135,5.30185716743
CS0229,development,0.519218380243,-0.0884182682122,6.14453868234,5.71825864772
CS0230,development,-1.81900242841,1.1935510441,-0.0702661097438,-0.977853315015
CS0231,development,0.195747675685,1.94784566561,3.05408055264,3.43123611028
CS0232,development,-1.88497775445,0.364073042595,0.793156839986,1.52364636658
CS0233,development,0.273867162906,-1.03569882565,6.79057291659,7.96377590126
CS0234,development,0.180079229304,1.4595008603,3.60875742625,3.10269216879
CS0235,development,-1.12354977466,0.141517253729,2.5830797462,2.66398374982
CS0236,development,0.103804407354,-1.57306286805,7.09528425637,8.08459406062
CS0237,development,-0.414020651628,0.394649151581,3.69837971485,3.47225670673
CS0238,development,1.12200118632,-1.35244939739,8.86694164952,9.24253561848
CS0239,development,0.499618041919,1.10157159196,4.67735017349,4.69212870271
CS0240,development,1.2407340242,-1.50193748228,9.28379302715,7.77020323983
CS0241,development,-0.467130103997,-0.00908948551325,4.07664717462,3.39579010304
CS0242,development,0.3024441515,-0.0333232655662,5.64487622168,5.96845222306
CS0243,development,0.35110013207,0.58602482796,4.99897047059,5.07155100303
CS0244,development,1.61671769052,-1.538531468,10.0796731426,9.53251521535
CS0245,development,1.18393859209,-0.545621998586,8.02262358248,6.56881425444
CS0246,development,0.857438254863,1.24542958728,5.22036100498,4.20086406685
CS0247,development,-0.709109492896,-0.624818593175,4.33156332602,3.80834062337
CS0248,development,0.564307596763,-0.605136497105,6.85477899005,7.39632421418
CS0249,development,0.650261078234,0.28203190809,5.96208386676,7.16603535948
CS0250,development,0.76138060104,0.524074248621,5.89387210374,6.3582736302
CS0251,development,2.16263093187,0.834470098266,8.32389774583,9.64073459807
CS0252,development,1.0046642296,0.323318027964,6.62134682565,6.93340155721
CS0253,development,-0.541516735161,-1.24055514348,5.40563270185,5.01543281542
CS0254,development,-0.0630965423639,0.468774069731,4.3112780316,3.86493067962
CS0255,development,-0.98575551102,-0.524243574716,3.65758126762,4.68573058024
CS0256,development,-0.203533070903,0.572774517826,3.9056044368,3.33254434487
CS0257,development,-0.919413376382,-2.92224183115,6.66786344461,8.03317102454
CS0258,development,1.21736337559,1.89509322775,5.16061487788,4.58950073331
CS0259,development,-0.621279108461,-0.0109057779671,3.77052871664,4.13192047864
CS0260,development,0.202047484686,-0.382405826121,5.86298196072,5.70788112523
CS0261,development,0.681445342568,-0.0120669069913,6.37737097353,7.47543234622
CS0262,development,-0.666938768771,-1.09319374161,4.97795495239,6.89988988484
CS0263,development,0.431061886844,0.508457495588,5.25197477898,5.02824960523
CS0264,development,0.644726375556,0.112360472786,6.15462018377,6.58090360496
CS0265,development,-0.0460374308324,-0.211624359916,5.16187437023,5.64993104675
CS0266,development,-0.333121646641,-0.0655717155872,4.41244276542,5.00980010751
CS0267,development,-1.53870369048,-0.36876687678,2.36511287117,2.3854593918
CS0268,development,0.909387554982,-1.79004935557,8.96683433664,8.476183347
CS0269,development,-1.18708131641,1.21621437898,1.1663801124,0.366538693365
CS0270,development,-2.0730415912,0.962503741906,-0.301087672681,-0.414840428011
CS0271,development,0.23429127267,-2.52381416082,8.49715953833,8.38507295441
CS0272,development,1.88434586821,-1.61715917288,10.7092827439,10.7271097047
CS0273,development,-1.28986477648,-0.0428028272819,2.47163383978,2.52736307395
CS0274,development,-0.281477446717,1.35526494567,2.81072717177,2.97058939575
CS0275,development,-1.07953562407,0.657627341439,2.05177594213,1.42400316612
CS0276,development,-0.484557469103,-1.61383899709,5.96749185831,5.51879889626
CS0277,development,0.362589981581,1.78456782086,3.58369857812,4.73460007917
CS0278,development,0.385820640635,-1.57289996895,7.65912124401,7.23858603034
CS0279,development,-1.97357451474,0.277296448536,0.720095232283,0.818112575724
CS0280,development,-0.717287123015,0.413258682021,3.06951533555,3.31063649205
CS0281,development,1.77512183891,-1.91906593442,10.8531227991,11.2356656306
CS0282,development,-1.26042869088,0.513902581488,1.86245952046,2.16695682206
CS0283,development,0.610043092044,0.31273568999,5.8448033561,5.46544124156
CS0284,development,-1.15875359681,0.251787311328,2.38034803279,1.95234932994
CS0285,development,0.360536044949,0.21910432067,5.45814690509,4.6672161634
CS0286,development,-0.296528275031,0.234169027696,4.1259406167,4.48195281034
CS0287,development,0.920216257004,-2.70461726031,10.0859732264,11.1352276325
CS0288,development,-0.522550638404,-0.129740397591,4.1105872003,4.00111888322
CS0289,development,-1.02017359514,0.349217120605,2.540592265,2.47183136577
CS0290,development,1.46144622707,0.414925803207,7.4249814903,6.04726848664
CS0291,development,-0.387318241041,0.191830885944,3.99516645479,3.7674649742
CS0292,development,-0.58596191707,-0.0674874547797,3.9090611116,4.11752801183
CS0293,development,0.564436345197,0.348051062736,5.71121141511,6.66402192286
CS0294,development,1.66446142527,0.926796517577,7.21676702944,7.91781119878
CS0295,development,-0.331158836602,-0.793244393011,5.28957559841,6.68354767873
CS0296,development,1.33878637581,-0.475015795773,8.24759170655,8.72160740512
CS0297,development,0.42143800975,0.308419878324,5.47277216551,5.42415326237
CS0298,development,0.06235121227,0.948048817071,3.98704384405,3.52064313163
CS0299,development,-0.631900347674,-0.947299171678,4.87295831067,4.6797752766
CS0300,development,-0.410909970693,-0.319550667432,4.56164085953,5.20513454073
CS0301,development,-1.51179662828,1.43907341697,0.249518643081,0.387608339894
CS0302,development,-0.130358468242,-0.421339399934,5.24489034344,6.08357862566
CS0303,development,0.230380483692,-0.156084475976,5.64806233856,6.45997470497
CS0304,development,0.821861786524,-0.145309720541,6.8180952377,8.27888303396
CS0305,development,0.521780191508,0.675376391806,5.23310871285,4.29583177445
CS0306,development,1.03127070309,1.01209945782,5.84802205679,4.86599232951
CS0307,development,-0.221100157192,0.101006750054,4.43659158555,3.63145655707
CS0308,development,1.29818981891,0.806406277409,6.62869210493,6.72243445458
CS0309,development,-1.10683577435,0.575059803937,2.09625668657,2.58749461127
CS0310,development,-0.919576865892,0.284501735333,2.81944418582,2.66796755236
CS0311,development,1.5698913821,-1.03464286033,9.38135419659,9.13306456258
CS0312,development,-1.10545502361,0.387030669384,2.32465314952,2.17722529794
CS0313,development,0.460483970156,0.79797688445,4.96339567897,5.50418960691
CS0314,development,1.76060284709,0.0400302033311,8.47316945018,10.0416206943
CS0315,development,-0.137257677303,1.35336516088,3.10144645234,3.43991229943
CS0316,development,0.820417417587,0.341318112422,6.23125310027,6.56753105621
CS0317,development,-0.00022717529698,0.240450202857,4.71100540598,2.5691238135
CS0318,development,0.495062258109,1.04398322542,4.73734464571,6.13262733689
CS0319,development,-0.914451058015,2.21519415527,0.512864897642,2.63606276089
CS0320,development,-0.428502367303,-0.265738328198,4.46188125923,4.90937032604
CS0321,development,-0.330031085418,0.571146268457,3.65456230701,2.65798058452
CS0322,development,-0.36184415499,-0.0815646535243,4.37418927425,6.48857982963
CS0323,development,0.49674284456,2.20846616638,3.34332628947,3.65227861374
CS0324,development,0.177142154784,0.317609756148,4.97315260219,5.89379928805
CS0325,development,-0.31411430085,-1.60440936734,6.2970626391,7.03939823275
CS0326,development,2.06853072621,2.21291407247,6.48156456546,6.1522899855
CS0327,development,-0.356767946747,-0.509098338267,4.89738211243,3.95761577308
CS0328,development,-0.429250638642,0.914610273248,3.04396639482,2.73928163128
CS0329,development,-0.793744722433,1.01296945041,2.19694721464,1.57887703089
CS0330,development,-0.853403231175,0.635039335391,2.53114633518,3.29852036932
CS0331,development,0.339193759708,-1.04942425626,6.93769662693,8.25514910492
CS0332,development,0.359934554974,0.401656571571,5.23788122406,5.39187340098
CS0333,development,-0.332613302838,1.17312788463,2.92701993276,3.01525164277
CS0334,development,0.567137985663,0.20721129004,5.88562242328,4.40331697922
CS0335,development,0.122632411063,-0.576421896101,5.93697109745,7.00506913557
CS0336,development,0.490412138618,0.903975019347,4.89605425402,5.67000770106
CS0337,development,-0.944926692084,0.122918944092,2.96264388292,2.76625541129
CS0338,development,-0.153204770467,1.08115036211,3.39621002454,3.55469390768
CS0339,development,-1.27969673556,-0.912004060755,3.53501140178,3.91758864517
CS0340,development,0.934875319663,-0.263307693873,7.18571987197,8.0082318688
CS0341,development,-0.673327092194,-0.894732919039,4.72702531846,4.04696918437
CS0342,development,-0.0690079470487,-1.10206400273,6.18446090918,6.73218724822
CS0343,development,-1.28158509012,0.114371187244,2.29958439507,2.46677381876
CS0344,development,1.3627628336,-0.200666338966,7.96632527395,7.7046329814
CS0345,development,-2.01057231121,0.197294974835,0.742101407778,0.684576259465
CS0346,development,-0.732724662255,1.91517609342,1.23633936339,1.1640834074
CS0347,development,-0.603173756211,1.04414111805,2.54068314592,2.94319768573
CS0348,development,0.524057857355,1.8858580472,3.78508605807,4.5519072612
CS0349,development,0.210122465595,1.50283040959,3.61684843968,4.1443503976
CS0350,development,-0.346778643255,-0.297785510523,4.66378532612,4.51655515269
CS0351,development,-0.93745795051,-1.17535670714,4.53551214755,3.7770068813
CS0352,development,1.4693407822,-1.56640789101,9.81837103361,11.0688840635
CS0353,development,0.716933497472,0.877300025215,5.38110696469,5.59150797516
CS0354,development,0.0175466735429,-0.418186558072,5.53691721677,5.13176855847
CS0355,development,0.659538859589,0.711942742331,5.46474642838,5.48233483172
CS0356,development,-0.574950519366,0.94886595835,2.71145981125,2.47733669532
CS0357,development,-0.0859754625062,-0.206389514405,5.07571649227,5.6844852153
CS0358,development,0.55573332737,0.256560616999,5.80359391434,6.92795826267
CS0359,development,-0.257798884519,1.45004581456,2.74434725349,2.27462449251
CS0360,development,0.444995213831,0.867054442586,4.84952509656,5.1682372391
CS0361,development,0.309511062683,0.385090865692,5.15691308654,5.973614311
CS0362,development,0.469429652189,0.67137685586,5.13320707735,3.69953098022
CS0363,development,-0.05327660656,-0.519704714778,5.51709244461,4.44639295057
CS0364,development,-0.889175656537,-0.328465312407,3.61580706182,3.55926034371
CS0365,development,-1.58292776916,-0.478577075592,2.4084369524,3.3705164261
CS0366,development,0.803179151369,-0.820584688323,7.59105992873,8.4631583489
CS0367,development,0.254450713663,0.232354239507,5.23007633992,5.48850252662
CS0368,development,-3.89882754034,0.100276262539,-2.91798659573,-2.26780706287
CS0369,development,-0.0772899947754,-1.06943477542,6.12874174095,7.4327793459
CS0370,development,0.552398609016,1.26140722535,4.59110854762,5.61874661862
CS0371,development,0.142587604601,1.18770998374,3.85992322872,3.77309039125
CS0372,development,0.259800222715,-0.656693426683,6.30763255745,7.51606214315
CS0373,development,0.359182856919,-0.540211969978,6.36662007781,8.3392918788
CS0374,development,-1.08185168677,2.03815352425,0.390512397362,-0.634455386158
CS0375,development,2.00078512891,-2.33392327028,11.8022781821,11.9349567201
CS0376,development,-0.74836954679,1.59605600026,1.58799370611,0.66325425322
CS0377,development,1.27323751754,-0.991422902193,8.73618251772,7.93855341832
CS0378,development,-0.795680940515,-0.291036516805,3.75788193914,4.04799670847
CS0379,development,0.416414596085,0.680731026008,5.01595196096,6.55089704676
CS0380,development,0.396849456137,-1.06955572317,7.07716578008,6.8603936395
CS0381,development,1.13474223457,2.21160921335,4.61555341313,4.24846688757
CS0382,development,-0.334642610945,0.726267281772,3.45919403998,3.87789154904
CS0383,development,1.68785840586,-0.681322922121,9.19330431826,8.84071688639
CS0384,development,-1.21640953398,-2.44559197918,5.50189130705,5.42935442343
CS0385,development,-2.67582574091,-0.0271162677137,-0.319111960564,0.798038842779
CS0386,development,-1.34942988954,-0.718205787115,3.16298716546,3.19127132613
CS0387,development,0.335814262048,-0.730739958272,6.54851647402,5.88611377561
CS0388,development,0.0820728891444,0.422150833419,4.65756477819,4.1490788815
CS0389,development,-1.46845559746,0.738416488358,1.17698901905,1.03683438382
CS0390,development,-0.837943903967,0.448964393005,2.78535492046,2.78127056501
CS0391,development,0.107150001814,0.209612402242,4.96276512094,5.42687507517
CS0392,development,0.0487886474397,-0.964263926176,6.25469400629,5.83953776265
CS0393,development,-0.385718919732,1.92266047764,1.92136958737,2.86547137638
CS0394,development,-1.57658035038,0.330095883714,1.45072423879,0.643704670859
CS0395,development,1.17726081575,-0.159170648693,7.54552640994,6.33627989661
CS0396,development,0.0309638704014,-0.983311314751,6.2419013185,5.88622509105
CS0397,development,-0.217788243838,-1.7544657879,6.6697824578,6.74390888862
CS0398,development,1.22776612373,0.505652335073,6.84874944538,6.05057927221
CS0399,development,0.617797720048,0.548079408813,5.57790014952,6.14437530194
CS0400,development,-1.19581297392,-0.956108487999,3.75570423776,3.46091477547
CS0401,development,-0.92267887691,-1.04158571096,4.40454509933,2.78878152466
CS0402,development,-0.52247189162,0.930266079045,2.83873692191,3.41090622075
CS0403,development,-0.0306072581547,0.433158579388,4.41899518843,6.5679281129
CS0404,development,0.285677206231,1.4953831327,3.77689465322,4.48423855221
CS0405,development,1.32661757035,-0.389293360355,8.12038717313,8.18356227226
CS0406,development,-1.40210553358,0.115406746019,2.05730083761,1.12290088716
CS0407,development,-0.287300812712,-0.518653827502,5.04778296758,4.41244192805
CS0408,development,0.973655364089,0.194475790558,6.71393977951,6.68343018407
CS0409,development,0.0690568899778,0.166820728646,4.93792890558,3.30346247579
CS0410,development,-0.617774495431,0.416391239738,3.26478152145,3.13481448791
CS0411,development,-0.255805918912,-0.404182195652,4.97340679696,4.63470123808
CS0412,development,-1.47466745404,-2.02050665052,4.47527307253,3.56266053071
CS0413,development,-0.380445121549,0.102610050194,4.11597769667,4.26698572765
CS0414,development,-0.937084240906,0.324865830156,2.735992522,2.25893018882
CS0415,development,0.159062824949,-0.665735328722,6.11700804437,5.763751479
CS0416,development,-1.88285023937,-0.415346146184,1.73271489668,1.60559054922
CS0417,development,-0.639063887232,-0.367430005776,4.16278823247,4.1476519552
CS0418,development,0.850183177875,-0.481074648674,7.27765593416,7.35350075279
CS0419,development,-1.41887645829,2.00475189853,-0.24345519481,1.62268747083
CS0420,development,3.26176446892,-0.332344035574,11.9223417805,12.8816801994
CS0421,development,1.45282077605,-0.500554753261,8.506307256,8.78345417078
CS0422,development,1.20975738863,1.38188811267,5.76124904206,4.85399999317
CS0423,development,1.34116855019,-0.0947962010154,7.7960925416,7.10504606682
CS0424,development,0.0295083337896,1.16605693172,3.65974834951,3.76117408665
CS0425,development,-1.07970035193,-0.939829223051,3.96839436381,4.92065309038
CS0426,development,1.19987411891,-0.0784847834193,7.49392997793,9.10956427154
CS0427,development,-2.12958049983,0.200193298395,0.500607042263,1.2920751547
CS0428,development,-0.271474338569,0.120938737281,4.31192483812,5.75038379372
CS0429,development,0.833340319838,-0.781249741238,7.60418032916,8.57863756061
CS0430,development,0.310459846736,0.297393461647,5.2640475395,5.36190543738
CS0431,development,0.630278749874,0.322908538415,5.87306725365,6.52117295747
CS0432,development,-0.875353006452,-0.160804758568,3.44225969738,3.19262413812
CS0433,development,1.48219383819,-0.400180797438,8.44460463331,8.73270235134
CS0434,development,2.27140592261,-1.08420739051,10.8438607138,9.36070111057
CS0435,development,0.902312780619,0.678880163083,5.98996936554,4.319044055
CS0436,development,-0.827695532031,-0.812684849468,4.3198307553,4.68453431812
CS0437,development,-0.375253751563,0.923009896261,3.14188062136,3.0344770072
CS0438,development,-0.068180846746,0.458345003573,4.31362430222,4.9340210588
CS0439,development,-0.683296103563,-0.220202046889,3.89765024914,3.21112093582
CS0440,development,-0.477413004817,-0.826390598866,5.036842709,5.40499425927
CS0441,development,-1.2581731354,0.666877224064,1.68340106032,-0.307214047471
CS0442,development,1.16454091966,-0.36140903929,7.76277268647,7.79265963887
CS0443,development,0.946416716163,0.506437467902,6.28510847084,5.93290753651
CS0444,development,0.0757387253338,-2.53492091871,8.19338255312,6.92859082455
CS0445,development,0.935791372796,0.796123467879,5.91623458414,4.58003517496
CS0446,development,-1.59253518825,0.99538196584,0.620471264501,2.06514764175
CS0447,development,0.555470697058,0.141518765036,5.94111887607,5.00388086563
CS0448,development,-0.61253765911,-0.417882521394,4.27638370745,4.19688258975
CS0449,development,0.697955912532,0.528784854037,5.76137000022,6.22556920134
CS0450,development,-1.47234906215,-0.466510111722,2.61511400976,2.61812695402
CS0451,development,0.265982903386,0.521002844531,4.90676239333,3.60400612551
CS0452,development,0.0141829701742,0.849284014471,4.00922512298,3.42945907224
CS0453,development,-1.52829518851,-0.0144486996439,1.96074806255,1.9125634642
CS0454,development,-1.32681272794,-0.165200990102,2.54461573224,2.30158822603
CS0455,development,0.659120552394,0.0844520385358,6.21689865855,7.79565406716
CS0456,development,-1.59946842301,0.270466646368,1.47650317833,0.0701246256317
CS0457,development,-0.888180514098,-1.48779700889,5.00899538247,5.18179243161
CS0458,development,-0.160221513072,0.754725661688,3.77388617983,4.87712032873
CS0459,development,0.0828788171464,0.558763329771,4.49524163857,5.64075311536
CS0460,development,0.266946037888,0.350169066529,5.11368919594,5.85200799863
CS0461,development,-0.037674906273,0.74495356707,4.03070590697,4.36514348901
CS0462,development,0.855881718543,-2.18522415588,9.33403242414,8.62809916492
CS0463,development,-0.104719797873,-0.593893582866,5.50323270369,5.30719227333
CS0464,development,0.266428454151,0.0369956644368,5.48846211098,5.74315737925
CS0465,development,0.684650760717,0.360949374172,5.93616227243,5.00542240242
CS0466,development,-0.0451030930757,-0.18462325296,5.1313417174,5.37147318216
CS0467,development,-1.80808495442,1.29671995935,-0.172233860057,-2.25763123525
CS0468,development,0.314447836327,-0.972006289894,6.79530322053,7.36085123079
CS0469,development,-0.233534405078,0.438351229484,4.00690971446,3.73474012115
CS0470,development,1.13184780645,1.88430962884,5.00252405829,4.75400989633
CS0471,development,-0.280544605581,-1.40574955607,6.12581025612,6.89691753785
CS0472,development,-0.70808234653,-1.58489316482,5.48570710472,5.08933140775
CS0473,development,1.34032466085,-0.921149472145,8.78602868827,9.53387634515
CS0474,development,1.93066821947,-1.3692363715,10.5044200848,10.0196536464
CS0475,development,-0.108178133793,-1.40257092693,6.46672884473,6.25228269039
CS0476,development,0.511001976746,-0.628419143588,6.7761069258,8.03452924075
CS0477,development,0.92900158965,1.58526841032,4.95568108691,3.37301134323
CS0478,development,0.127553450829,0.8848658611,4.19326786834,4.89601047732
CS0479,development,-0.426338838001,1.43761955302,2.42217886038,3.26601366051
CS0480,development,0.659584386429,-0.258854802213,6.62979453551,6.83663972351
CS0481,development,-1.62706248501,0.314082772376,1.36897570312,1.81443391098
CS0482,development,0.354741075284,0.801021671306,4.748256145,2.89822177635
CS0483,development,-0.391222356218,-2.36757750188,7.05864828982,7.60475765267
CS0484,development,-1.49459279103,0.405333673655,1.52441400955,1.87610255467
CS0485,development,1.15816302224,0.560308490611,6.64395585575,7.59916142933
CS0486,development,0.127535054244,-0.621073502,6.00035831089,6.77735190474
CS0487,development,0.316680454154,-0.333205661829,6.0332077025,5.45840410231
CS0488,development,1.45622796048,0.398508756985,7.43424541259,6.77475860987
CS0489,development,-0.94082966773,-0.122963075875,3.26589635559,3.84474661943
CS0490,development,-0.919727447537,0.430187870221,2.64431966066,3.29752636736
CS0491,development,-2.70995327637,1.29230496507,-1.97067251082,-2.73080721501
CS0492,development,0.524631323044,0.281312730706,5.71168736924,5.67318835782
CS0493,development,0.993246501083,-0.0136473568847,7.00286983043,6.40795633753
CS0494,development,0.0549577916257,0.678608190574,4.29558575456,5.18236029876
CS0495,development,0.142236453448,-2.34677804904,8.10060656574,7.18404262317
CS0496,development,-1.07281129563,0.071612063713,2.76844293229,1.93266882832
CS0497,development,-1.03905125718,-0.44542605896,3.4564087564,3.89322437822
CS0498,development,-0.244968608584,-0.501514993131,5.11188077459,5.49282180106
CS0499,development,0.558591042765,1.91846454919,3.8150246265,4.07277434528
CS0500,development,-0.0301054951375,-0.986002261542,6.12299172358,6.958856572
CS0501,development,-0.982997638316,-0.56630764701,3.71357389978,4.6520549209
CS0502,development,-0.0902312023492,0.38074794175,4.3626400652,4.86418321856
CS0503,development,-0.759834417764,0.0724446011518,3.39339764309,3.33099241932
CS0504,development,0.744631510309,-0.597789093188,7.20660993244,7.67403105382
CS0505,development,-0.297321695644,-0.181038641711,4.62260297877,3.89803468307
CS0506,development,-1.02985099029,-2.52320216772,5.96814062069,5.84619456144
CS0507,development,-0.465710690475,0.956329413046,2.92098332339,3.59198380857
CS0508,development,1.24218567825,-0.0119454205615,7.49870586118,8.16764325604
CS0509,development,1.34332465728,0.772272852922,6.75992189106,8.77775967623
CS0510,development,-0.501530532427,-0.466038534767,4.55618517687,3.92304117385
CS0511,development,-1.06946941982,0.269368935178,2.53781843814,2.2870871812
CS0512,development,-0.319720721517,-0.39774271727,4.83784981769,3.6910651537
CS0513,development,0.313268222754,0.209533179215,5.37509663045,7.59413888553
CS0514,development,-0.498369998786,-1.09903295871,5.32209955287,4.0475195929
CS0515,development,0.0427259871949,-0.237726577609,5.37072386752,5.23433076542
CS0516,development,1.16497544967,2.26531760276,4.61156977603,4.88030760225
CS0517,development,2.0273415955,-0.375797565067,9.50564026908,10.1474156884
CS0518,development,-1.206515024,-1.07293404666,3.87449080798,3.31117793824
CS0519,development,-2.2308021293,1.74390102417,-1.55428548759,-2.6165335248
CS0520,development,0.338131207726,-0.535293092102,6.31861412597,7.16486767881
CS0521,development,0.177981012912,1.57873301584,3.46148240682,3.25447846619
CS0522,development,-1.39930459408,0.549972646441,1.54142363612,1.30261622179
CS0523,development,-0.533184045663,0.380799415582,3.47667260998,4.36886645837
CS0524,development,0.131568863796,0.422645648699,4.75596294915,5.73935257793
CS0525,development,0.408376123895,1.54698350364,3.96037204342,3.09600262007
CS0526,development,0.836525267215,1.02361848889,5.44470834776,5.69589342209
CS0527,development,-0.0315067131522,0.889896115,3.8691112357,3.33313084197
CS0528,development,-1.72188200152,0.433838670447,1.03562959243,2.50223598243
CS0529,development,-0.266340234381,-0.150332434954,4.64771845318,4.44511881603
CS0530,development,1.00913459725,1.12159448881,5.67235580793,4.40594125123
CS0531,development,1.30583281931,1.25873720829,6.10118098868,6.12589899211
CS0532,development,-1.78348726061,1.73606326504,-0.650250439263,-0.86916106442
CS0533,development,1.0609716664,-0.944508974187,8.25535410182,8.71335735824
CS0534,development,1.3721220614,1.97318821495,5.37641826485,5.61339795069
CS0535,development,0.654109973469,-0.993380618622,7.50027668928,6.67861153105
CS0536,development,-0.562114781589,-0.360784700751,4.30871207772,3.85153079773
CS0537,development,-0.876808474231,1.06025652844,1.97407521741,1.52472235647
CS0538,development,-0.919103757292,-0.745361413435,4.05622618154,4.58568910839
CS0539,development,-1.01004158268,-0.461598015653,3.53383445342,3.58741549319
CS0540,development,0.324023515009,1.02992187155,4.41214078416,4.19366419635
CS0541,development,0.996102857336,-0.845568051001,8.00688737587,8.54880794355
CS0542,development,0.641695697555,0.265926020121,5.96428017097,6.37783222865
CS0543,development,1.13139476612,1.8487592401,5.04427844413,5.77747016917
CS0544,development,-0.171845232984,-0.645856996207,5.43133792948,5.62860721376
CS0545,development,0.912031686535,-0.195296104989,7.05841869906,6.9573291315
CS0546,development,0.920910040658,2.00166104339,4.43982682925,3.32698278082
CS0547,development,0.148682203092,-0.61049991429,6.02996430333,4.97467405017
CS0548,development,-0.734110581696,1.63314575069,1.57200393578,2.04705649873
CS0549,development,-1.11817466904,-0.844583536902,3.7771509062,4.15555891125
CS0550,development,-0.226963586781,-0.262086185678,4.86057624925,5.5664857898
CS0551,development,0.254557411613,0.169283168898,5.30597502055,4.52481928301
CS0552,development,0.316033825333,1.29398969501,4.07928001665,4.24430802973
CS0553,development,-0.571873293873,0.342304946305,3.44548747669,3.48429801172
CS0554,development,0.522801932484,-0.826002082129,7.03680636352,6.43837949649
CS0555,development,1.30054983097,-1.00442005757,8.80640373102,8.25952311934
CS0556,development,0.417474401066,0.112514631118,5.69993124479,4.94731498121
CS0557,development,-0.0973503573246,0.615530085126,4.0666631832,3.37873047591
CS0558,development,1.48681382213,0.750291456969,7.0732778959,8.10841005624
CS0559,development,1.15065413015,0.63658638639,6.53740459663,7.4558416322
CS0560,development,1.42419140081,-0.682924017339,8.66789162243,9.04702700249
CS0561,development,1.87358970812,0.95171855451,7.60511715082,7.98377548998
CS0562,development,0.877725316212,0.784574084564,5.81396173095,5.96460731836
CS0563,development,-0.574780648857,-0.749128834376,4.74939330354,4.38080463542
CS0564,development,1.49433012552,-0.363590913437,8.42496934717,8.7049143786
CS0565,development,2.38576493668,-0.0482826773602,9.8294690862,9.99475661281
CS0566,development,0.402104058019,1.02226823293,4.57748623652,4.32280622261
CS0567,development,-0.326277721903,0.074428531188,4.25813031877,3.1178452953
CS0568,development,-1.65130275275,0.614107561439,0.960465420769,0.283498441686
CS0569,development,-2.234062776,-0.750132056215,1.43203291545,1.74893046041
CS0570,development,-1.52226514562,0.859822899826,0.923682228968,1.18166389424
CS0571,development,2.28547695759,0.760306483213,8.65858613532,9.43800349694
CS0572,development,0.105400044477,-1.62810605514,7.16452735513,6.09620440009
CS0573,development,1.84171254381,-1.56763616135,10.5645884812,10.886140076
CS0574,development,0.330359114354,-0.529396938441,6.29599455484,6.91843611652
CS0575,development,-0.966572505046,0.250565864246,2.76617595281,1.96059583552
CS0576,development,-0.803086576806,-0.562869075545,4.06926973704,3.25387341406
CS0577,development,1.28084620172,-0.273725082553,7.8901625025,7.33717213624
CS0578,development,0.598510448275,-0.813480936213,7.17319802001,8.3611167528
CS0579,development,-1.59348553636,-0.42402892942,2.32186364259,3.42841086763
CS0580,development,-1.23688739906,0.594545168098,1.81277100016,1.35457369156
CS0581,development,0.440384160973,-1.3349347384,7.48269000803,6.75425404597
CS0582,development,0.838128504235,-0.198697816813,6.91469438865,6.99272843715
CS0583,development,-0.329984352246,1.25935357917,2.82880700051,2.23414957027
CS0584,development,0.0122330111088,-0.813020394755,6.00009049592,5.37458438282
CS0585,development,1.12763712003,-1.06174386865,8.52936688244,8.25450334785
CS0586,development,0.924964361707,2.44883163493,3.91133076149,4.89874776475
CS0587,development,-1.19017306323,0.945638405981,1.48488778636,1.52435381307
CS0588,development,-0.100639932552,0.199541473507,4.55927036669,5.26742183475
CS0589,development,-0.0800493759244,1.59808886484,2.92219461034,2.52173711163
CS0590,development,1.94027538652,0.668542392924,8.07829990153,7.18553312363
CS0591,development,-1.21929333499,0.694263417469,1.72829722906,2.27578680637
CS0592,development,-0.799020854419,-0.289959869653,3.74991013475,4.37246448954
CS0593,development,1.37887856964,0.6177846716,7.01641553337,8.03648326972
CS0594,development,0.831275314184,0.272836331054,6.3351470311,7.37071222962
CS0595,development,0.227225690122,-0.0493163493068,5.51363099941,5.1762808759
CS0596,development,-1.53377769446,-0.236725420704,2.21651511592,1.83294543613
CS0597,development,1.5650812669,0.0617485222027,8.05606430716,8.45317093188
CS0598,development,0.299967830532,0.601879858564,4.87767983079,4.63577221433
CS0599,development,1.56184762687,-0.512599791317,8.73881500332,9.15384352561
CS0600,development,1.14660020964,1.9223599062,4.98636853183,5.09910303147
CS0601,development,-0.457200963576,-1.32547717012,5.67617067699,4.01715941162
CS0602,development,-1.07940779635,-0.97761698925,4.0143247944,3.69084906201
CS0603,development,-0.0150574505812,-0.188845898106,5.19650017656,5.2501808814
CS0604,development,-0.381521951061,-0.00283574729105,4.24035899463,5.01365804218
CS0605,development,0.00924993362198,0.95085835245,3.8774698443,3.04531390566
CS0606,development,0.316391815299,-1.00970224717,6.84442632721,7.823917197
CS0607,development,0.454903731741,-0.878081395172,6.96350513769,6.84500952478
CS0608,development,1.25829415192,-1.00479687783,8.72234455725,8.31558677387
CS0609,development,-0.414613640425,0.389460053534,3.70342065491,3.63646116648
CS0610,development,0.915250387477,-0.645263209111,7.60481662589,6.58411160549
CS0611,development,-1.57447003186,-0.3812719439,2.30858626896,1.6721568562
CS0612,development,1.49355373267,-0.546661100653,8.64310078613,11.2409760567
CS0613,development,0.0216962649788,0.73671702546,4.15933209941,3.43880722005
CS0614,development,-0.68453652219,0.711690919785,2.77689785188,1.82219042953
CS0615,development,0.647608675781,-0.246922461032,6.5915243048,7.53312781175
CS0616,development,-1.4607563824,-0.539477015546,2.72585965385,3.01936309645
CS0617,development,1.34497335032,1.42251230734,5.98293193183,6.00470572779
CS0618,development,-0.388162213667,-0.122500047759,4.37067562998,3.18745334214
CS0619,development,0.486375886922,-0.891811157843,7.04292516326,5.77657521596
CS0620,development,1.27727153726,-1.43901428838,9.28136022057,7.63821041643
CS0621,development,0.352166722124,-0.104713071878,5.8299891305,6.07743013819
CS0622,development,-1.59828435176,-0.822310716913,2.79020415678,3.49343416046
CS0623,development,-0.680739461163,0.576215453666,2.94706253327,3.34951051715
CS0624,development,-0.233069324249,0.778656459156,3.59947360051,1.83289065354
CS0625,development,0.983597247624,0.84985056795,5.94737381371,6.7435154365
CS0626,development,1.47914079671,1.12905470809,6.60341594372,6.35316495155
CS0627,development,2.23173665299,0.453395901771,8.91939822386,8.37410695679
CS0628,development,-0.399742302328,-0.306755765608,4.56862231407,3.72813503039
CS0629,development,-0.460762826672,0.813037448031,3.10282940902,3.09470018978
CS0630,development,1.25250611395,-2.27093111936,10.2301295711,9.98209616471
CS0631,development,0.734391867221,0.521090276175,5.84347540303,5.57240788883
CS0632,development,1.57370141375,1.50476207907,6.34168833262,6.22429751235
CS0633,development,-0.115340829165,0.788912296924,3.82262358536,4.38431375189
CS0634,development,0.518046389832,1.81987960821,3.85223724981,2.82238387238
CS0635,development,-1.84598748674,1.05056670555,0.0473449798513,-0.84606273625
CS0636,development,1.2652750222,-1.48120571868,9.30799690683,9.34879907032
CS0637,development,-0.0703790965689,-2.13569314281,7.42207357824,8.67295229637
CS0638,development,0.33367980519,1.1350346477,4.30531803315,3.52276291921
CS0639,development,0.849051576016,1.13085269105,5.34107992277,5.32684326782
CS0640,development,-0.633975316538,-0.432666708152,4.25124941671,4.77611516102
CS0641,development,1.19326423406,-1.84763323033,9.60368834452,10.0169742393
CS0642,development,-0.364527694477,-0.299254745724,4.63005030592,3.35907175577
CS0643,development,-0.205114472495,0.413208182271,4.09392123628,5.07378068292
CS0644,development,1.7987399334,-0.339238844356,9.00456648004,9.22020557889
CS0645,development,-0.224562690768,0.396577638438,4.07498145234,4.26756353854
CS0646,development,0.339378882051,1.53252050573,3.83973315722,3.44185653372
CS0647,development,-1.69788241203,-3.07732190643,5.29702146366,5.12692617216
CS0648,development,-2.54246009958,-0.8969384218,0.991405907008,0.458668899273
CS0649,development,3.75993058492,1.25039703625,11.0193847263,12.4581427511
CS0650,development,-1.79086399679,2.01086091024,-0.994761085867,-1.21414061843
CS0651,external,0.392065248265,-0.463633896387,6.34049117219,5.51587494723
CS0652,external,4.04693343192,-1.17822995536,14.5077428103,15.1191365657
CS0653,external,-1.23716375329,0.579054503148,1.83080708964,2.10876139608
CS0654,external,3.17357966461,-0.684912105902,12.1690538563,13.3195810647
CS0655,external,0.0378322791993,-2.02584609759,7.50667987551,7.98961710107
CS0656,external,0.387344223486,0.228229970724,5.5008124821,5.13112695284
CS0657,external,0.150383901255,-1.66406227716,7.29764253511,5.38847134377
CS0658,external,0.990735906458,-0.656758187675,7.76958163812,7.9292689028
CS0659,external,0.0940448730146,-0.759994438251,6.10008307193,6.43389962545
CS0660,external,1.60841358403,-1.32028094326,9.80116429997,9.90052516941
CS0661,external,0.875000995686,-1.02076218832,7.97491661735,7.76023380601
CS0662,external,0.730108356665,-0.596275578335,7.17574740733,7.00401771846
CS0663,external,1.61709483303,0.0569716505985,8.16582368533,7.76972817229
CS0664,external,1.93548494637,-1.18291176067,10.2904640055,10.1519231646
CS0665,external,2.43838437039,-1.07247255138,11.1637358024,11.0165362004
CS0666,external,5.07451300286,-0.76310690495,16.0647542917,15.9284840742
CS0667,external,2.33663706343,-2.27974747432,12.4089710961,12.6330095176
CS0668,external,2.2610470449,-0.781878026459,10.4603477215,10.7361640708
CS0669,external,0.702478302083,-1.37359602342,8.05327183226,8.49619201161
CS0670,external,1.85665728923,0.961008698032,7.56010414082,6.42306110278
CS0671,external,1.50699661951,-0.0351100505833,8.05612529972,7.70895208746
CS0672,external,-1.18238754884,-1.37929885649,4.29038353011,4.7937408841
CS0673,external,1.34587157858,-0.296963401606,8.04809923908,7.8604571442
CS0674,external,1.56699002322,0.620711388673,7.38912638004,7.73030384845
CS0675,external,0.429265858997,-2.75655423437,9.16639679924,10.3967245257
CS0676,external,0.457538933647,0.0161827205933,5.89565860258,5.7971009059
CS0677,external,-0.00726946888522,-1.72143597564,7.05118423299,7.11719170001
CS0678,external,2.50675843772,-1.32093806315,11.5986425512,11.6231882886
CS0679,external,2.81102255067,-1.45291890079,12.3655477823,10.7972188368
CS0680,external,1.20688630894,-1.30029964326,8.97413218979,8.62140145696
CS0681,external,2.04907298997,-2.28842578065,11.8442569167,10.7833807851
CS0682,external,1.45879071123,0.324293842065,7.52842881199,6.07150972843
CS0683,external,2.22030918645,-0.0269365508372,9.4729422339,9.38324131281
CS0684,external,0.806418830593,-1.26147055039,8.12660232165,9.22504395247
CS0685,external,0.462665214106,0.600467353781,5.20476960368,4.64114211207
CS0686,external,-0.283565948204,-0.0932723262504,4.54479489509,3.69411511576
CS0687,external,1.40205683133,0.583274555788,7.10418419572,7.55325089153
CS0688,external,0.799149444518,-0.373899800665,7.04697864983,6.63044126342
CS0689,external,0.911676243998,-2.22459918186,9.49287150623,9.02381792613
CS0690,external,0.861492640882,-1.12312500888,8.07073529242,8.83237160925
CS0691,external,0.223653188827,-2.3834899254,8.30749428813,8.24590338221
CS0692,external,1.26329799057,0.184256551572,7.30548811925,8.56106896803
CS0693,external,1.26800201183,-2.1661526249,10.1353871735,9.62385055725
CS0694,external,2.54936868372,-1.8315895877,12.2966448727,11.7493718561
CS0695,external,1.30364110706,-1.22338193867,9.07534054052,9.003674697
CS0696,external,-0.0175236594111,-1.46531286029,6.72332811353,6.3896037494
CS0697,external,1.77654998672,0.165643339581,8.35432796595,8.11354111349
CS0698,external,-0.338800016633,-0.800881574225,5.2834578558,5.23417159994
CS0699,external,1.6178143104,-1.13444475586,9.59696232783,8.6715966044
CS0700,external,3.17768877533,-0.807645977342,12.3245527235,12.0862223431
CS0701,external,0.809937272645,-0.692517596483,7.45089566107,8.14552549485
CS0702,external,1.48765446243,-0.289556113642,8.32277626122,7.49633485025
CS0703,external,-0.541269584541,-0.370816252556,4.36244033399,3.58889711964
CS0704,external,0.086905661454,-1.48199873948,6.95220981028,6.06788862401
CS0705,external,1.56190169888,-1.63517996839,10.0860193598,10.3001470952
CS0706,external,0.991842883182,0.160857280459,6.79065702981,6.68287062914
CS0707,external,1.76706955397,0.33704960897,8.12967957718,7.38600792038
CS0708,external,0.544168773534,-0.726074944341,6.95962748028,7.96519517858
CS0709,external,-0.767092760383,-0.541279621242,4.11535002472,3.45475250569
CS0710,external,1.26006763433,-1.74585431046,9.61516044122,8.55396077367
CS0711,external,1.98376383681,-1.47840110805,10.7416090033,10.0511802354
CS0712,external,1.47111857466,-0.549793710914,8.60198960242,8.93748179798
CS0713,external,1.74408372959,-0.573237232083,9.17605213768,9.19020759474
CS0714,external,0.594697371551,-1.50631237779,7.99696959645,8.98778342011
CS0715,external,1.58145404716,-1.39788940447,9.84037537968,9.40615443113
CS0716,external,3.10664996805,0.410192024305,10.7210695069,11.0580555906
CS0717,external,1.64578997176,-1.17837282126,9.70562732903,11.725333293
CS0718,external,1.77875054336,-1.01924988246,9.78060094568,10.3200788851
CS0719,external,1.83451886288,-1.95286569471,11.0124765594,12.4727994792
CS0720,external,-1.43233183647,-1.55035577525,3.99576325736,3.46158614073
CS0721,external,0.711873367138,-1.02996557902,7.6597054291,6.35500305125
CS0722,external,2.43956513111,-1.7294290513,11.9544451238,13.492584852
CS0723,external,2.28430508002,-1.590626928,11.4773624736,10.3435396431
CS0724,external,1.32685961346,-1.623114712,9.60145688132,9.60197948993
CS0725,external,-0.00478425669219,0.664400661376,4.19315069296,3.45406098332
CS0726,external,0.635326462697,-2.31563878565,9.04941946817,8.44674865367
CS0727,external,1.61434066777,-1.71502460057,10.2867108562,10.9420469463
CS0728,external,1.8291079561,-0.896547192074,9.73407254269,10.1202446936
CS0729,external,0.309543430817,-0.643278886564,6.39102152551,6.99199061253
CS0730,external,0.194382683121,1.83564807292,3.18598767874,4.88653920966
CS0731,external,0.387344388008,-1.26652530153,7.29451913786,8.56048521519
CS0732,external,1.42598971125,-1.24936842902,9.35122153731,9.97621437454
CS0733,external,2.21768066235,-1.06830769902,10.7173305635,9.76176615052
CS0734,external,1.63981036068,0.208358504809,8.02959051559,7.63472928382
CS0735,external,0.513439211195,-0.358366607969,6.45691835195,6.82893237285
CS0736,external,0.651065139132,0.794120517188,5.34918565764,4.30731318152
CS0737,external,0.0640292678855,0.652147971387,4.34548097011,4.12253831182
CS0738,external,-0.210042774143,0.193607639131,4.34758528476,6.23439487589
CS0739,external,0.364198258189,-0.61896128971,6.47115006403,7.20528181543
CS0740,external,1.99923084981,-0.117054439113,9.13892702655,10.3657898301
CS0741,external,0.629421348863,-1.31931695732,7.84202304651,7.22637838874
CS0742,external,-0.099633276732,-0.781302519715,5.73829647019,5.15378056332
CS0743,external,-0.678711458144,-0.765097479334,4.56069405891,4.09925204488
CS0744,external,0.414352886633,-0.985997781156,7.01190311065,7.08422317194
CS0745,external,1.9837014084,-0.806423289505,9.9351107642,10.4652389393
CS0746,external,1.44954107448,-0.197569714941,8.13616580689,9.56102747982
CS0747,external,-0.66823445555,-1.09265964411,4.97472266183,5.44004644422
CS0748,external,1.38588318199,-1.32915420586,9.36675141102,8.44394606397
CS0749,external,2.69250359234,-0.185246009549,10.6073023961,9.34042545584
CS0750,external,0.515405618669,-0.0726487083516,6.11798968736,3.8701492807
CS0751,external,-0.55339852083,-0.151619969233,4.07514692142,4.55864042058
CS0752,external,1.23346341852,-1.38415725203,9.12791553948,7.77350314718
CS0753,external,1.27965651691,-0.144096596848,7.73222895004,7.60837440655
CS0754,external,1.00446773051,-0.240698675493,7.29777387162,6.42052994519
CS0755,external,-0.757893047302,2.39959254996,0.604702845444,-0.557258419196
CS0756,external,2.66588151852,0.839396528038,9.3244872034,8.97844280705
CS0757,external,1.75324809533,-0.707532404977,9.35553507663,10.3468925302
CS0758,external,-0.0330509326758,-0.784168574812,5.87490042442,5.66046909191
CS0759,external,1.63337388707,-0.189030689714,8.49358460179,9.76567022141
CS0760,external,1.09603285703,-0.750370205068,8.09250996014,7.60463772074
CS0761,external,1.31639714951,-1.25403462834,9.13763585304,9.89108223704
CS0762,external,1.09443245878,-1.80036227057,9.34929964223,8.75553824439
CS0763,external,1.6323801503,-1.60258877866,10.187866835,9.36195467274
CS0764,external,1.40530242535,-1.54858312007,9.66890459479,9.55485300665
CS0765,external,-0.600388469287,-1.73527075349,5.88154796561,5.14665727707
CS0766,external,1.91954307253,0.0303859190211,8.80262304223,8.58838534074
CS0767,external,1.77290243784,0.395429922497,8.07128896869,7.68370349131
CS0768,external,1.89398113167,-0.733579917784,9.66825816468,8.91456149706
CS0769,external,2.93679596075,0.492203931983,10.2829472031,9.72127865109
CS0770,external,0.847142860273,-0.320119311466,7.07842889431,8.00838513268
CS0771,external,1.56440734047,-0.475506773502,8.69942280914,8.10453737719
CS0772,external,1.45058757543,-2.15340009431,10.485255264,10.1318744698
CS0773,external,0.608797848436,0.0652703857223,6.13927123401,7.03417755208
CS0774,external,1.85431768169,-1.24462810724,10.2021890921,11.6006261311
CS0775,external,0.0771208823008,-1.1042773671,6.47937460513,7.61796937902
CS0776,external,0.492255271059,-1.13928413016,7.35165149831,9.24698823195
CS0777,external,-0.0377297646283,0.130401397719,4.76805879348,5.28173603652
CS0778,external,0.399222606977,-0.495344526813,6.39285864613,8.07045886017
CS0779,external,0.929060387012,-0.50650837299,7.46593082161,7.19899763286
CS0780,external,1.10346801799,0.756746475413,6.29884026548,6.39948038355
CS0781,external,2.01567397997,-0.151743083097,9.21343965965,9.40062448198
CS0782,external,0.143819642765,-1.05494932871,6.55357847998,6.73042911197
CS0783,external,1.79402577062,-0.800845178034,9.54906575489,9.42525743155
CS0784,external,1.47547845959,-1.21502135411,9.40898254411,8.51044859923
CS0785,external,4.05873625544,-1.0483838843,14.375533172,14.6170182609
CS0786,external,-0.228271187106,-0.704024197069,5.38828666227,7.52824124688
CS0787,external,2.69555516364,0.332859064986,9.9916794493,10.6569651257
CS0788,external,-0.885634619538,-0.224280578996,3.49786745572,3.86834439142
CS0789,external,2.2427138911,-0.983060167527,10.6650999832,10.0510438132
CS0790,external,2.50551943282,-0.187363302302,10.2358748284,10.1003962144
CS0791,external,1.07355112906,-2.16081209553,9.74007677276,9.90802379371
CS0792,external,0.88781684856,0.582494786209,6.07663995367,6.08980433176
CS0793,external,0.595410502298,-0.15657460282,6.37871052798,6.78128076055
CS0794,external,1.65347133233,-0.951383749896,9.44860316453,9.33824860837
CS0795,external,-0.110169258933,-1.08670022119,6.08370174757,4.30107517782
CS0796,external,0.65707535877,0.0168233044364,6.29396275222,6.43422071594
CS0797,external,-0.376873462916,-0.810203173941,5.2184968829,4.77326390146
CS0798,external,-0.06337428988,-0.9651652387,6.03144970668,6.41224647817
CS0799,external,0.758101841628,-0.0527270994031,6.57947620254,6.62490972842
CS0800,external,2.58174031093,-1.14174847185,11.5335787881,12.2913188497
CS0801,external,-0.143501922176,-1.6973164089,6.74977584632,6.26661615474
CS0802,external,2.60091922129,-1.32397731748,11.7906112235,12.6180235775
CS0803,external,1.19127427249,0.339647835739,6.9749711421,8.20259990665
CS0804,external,1.83787041233,-1.2414066545,10.1654288101,9.01031541686
CS0805,external,-1.17094260541,-1.10221798318,3.980776369,3.77825216223
CS0806,external,2.18892098146,-1.29226502806,10.9285599966,8.86490807937
CS0807,external,-0.321769650121,1.18080511938,2.9394945565,3.37545275637
CS0808,external,1.49802561682,-0.114272540007,8.13317828165,9.27453829205
CS0809,external,0.829953428542,0.108035139721,6.53026468942,8.70746614653
CS0810,external,1.61895419193,-0.781795992451,9.17606357479,10.67326588
CS0811,external,-0.321591226217,-1.0780625066,5.65049255549,6.6063714243
CS0812,external,0.501507124221,-0.503944039211,6.6077470955,7.98301812489
CS0813,external,0.848322232846,-0.471453432341,7.2623885845,8.23765422826
CS0814,external,1.21703823813,0.260155158185,7.12189028645,6.76154035653
CS0815,external,-0.867418136423,-0.419301756739,3.76832583524,3.409596328
CS0816,external,1.75151543831,-0.799098785166,9.46194941883,10.0204472021
CS0817,external,0.20777657986,-0.157025847431,5.60398417664,7.3686463791
CS0818,external,-0.143331623176,-0.462065871779,5.26781579978,6.03777412286
CS0819,external,1.05079800129,-1.13360728273,8.46192474185,6.97526782445
CS0820,external,1.19474252051,-1.67189241762,9.39575594215,11.0202395629
CS0821,external,0.285343305129,-0.638132213806,6.33644526682,7.44873604634
CS0822,external,1.09962957945,0.00450416803572,7.19385415727,7.41361900964
CS0823,external,0.199651563835,-2.01948898594,7.82268991079,6.69445429352
CS0824,external,-0.464281166754,-1.7785681626,6.20571946161,4.15680092981
CS0825,external,2.37269167184,-1.19635966438,11.1810149409,10.6189296357
CS0826,external,0.870953110393,-0.776578881883,7.67380087905,8.26651528655
CS0827,external,2.14884570132,-1.02317724708,10.5255040991,8.99573435595
CS0828,external,2.47149734137,0.34540758014,9.52850558657,9.32334567383
CS0829,external,-0.512365105296,-1.33442089725,5.57657486611,5.07736155091
CS0830,external,1.45237130803,0.580818353443,7.20776059193,7.58548571296
CS0831,external,1.43203624158,-1.06193771875,9.13839774566,9.82238481168
CS0832,external,0.166642851237,-0.93349625153,6.45348120431,5.92707781495
CS0833,external,0.0675924922109,-0.589230424811,5.84226149419,5.05160207564
CS0834,external,2.77230090414,-0.806357568343,11.5122308903,11.0306525844
CS0835,external,1.46446102743,0.767345752174,7.00810715225,5.87015415873
CS0836,external,0.468112568992,-0.552365399305,6.59906361715,6.94092416202
CS0837,external,1.02220001489,-0.574808372304,7.73417007655,7.97367675781
CS0838,external,1.54720828555,-0.53028147583,8.73075434209,8.83488733264
CS0839,external,0.916970161188,-0.564495372194,7.51133476901,7.32843217193
CS0840,external,1.07134828534,-0.975176784579,8.31290871217,8.36421278175
CS0841,external,1.22815382186,-1.22763464363,8.92946921608,8.95298037542
CS0842,external,0.262834487392,-1.19864060223,6.96403769746,8.10078043711
CS0843,external,1.12703443257,-1.16443791047,8.6513943577,8.62709777531
CS0844,external,1.53197803476,-1.00131968296,9.26553968906,9.5281386365
CS0845,external,2.40536644692,-1.20242879878,11.2536474524,11.6190008186
CS0846,external,-1.08041514276,-0.540194194185,3.48740274751,2.73528983766
CS0847,external,1.08565708556,-0.809957726059,8.14326344239,8.7923657697
CS0848,external,0.243692064908,-1.68757993548,7.51248005239,7.63236007491
CS0849,external,0.534613420054,-2.04035578105,8.51765377736,8.76285498401
CS0850,external,1.35568816539,-1.87468001089,9.96099234384,8.39246109951
CS0851,external,0.541462175741,-0.190276124334,6.31125570068,6.3101465343
CS0852,external,1.56599895259,0.0417802070312,8.08186165674,7.69747351878
CS0853,external,2.43510084146,-1.58532149392,11.7725874756,13.6646073531
CS0854,external,2.33606290228,-1.38029257883,11.3284768991,11.3040449906
CS0855,external,1.09253611243,-0.669746993956,7.9887686176,8.21738238114
CS0856,external,-0.72219467724,-0.535016922358,4.19763095235,4.49243124037
CS0857,external,0.393981281159,-0.305078055048,6.15405622838,4.90366045651
CS0858,external,-0.225717089528,-0.745264422996,5.44288312854,6.50975868173
CS0859,external,0.712753299698,-0.117353476859,6.56633077163,5.97497748782
CS0860,external,0.775166061102,1.0466617225,5.29433805521,6.09587807355
CS0861,external,4.50794551809,0.359660701189,13.5842981948,14.2627937475
CS0862,external,-2.70728106299,-0.240078302724,-0.126468162707,-0.632042661177
CS0863,external,0.726431972692,-2.18934556735,9.0800786262,9.19975394199
CS0864,external,2.78039594413,-1.15410698257,11.9457202674,10.3463543268
CS0865,external,1.83025764544,0.292384217963,8.30965422933,8.64617336214
CS0866,external,3.25010631364,-0.177801979086,11.7135750022,12.1171946787
CS0867,external,0.8594601962,-1.43184478313,8.43713413215,7.54410204477
CS0868,external,-0.684519512881,-1.10925613321,4.9620683341,5.75952186776
CS0869,external,1.02715880509,-0.412552300174,7.5493803704,6.87674473598
CS0870,external,0.303714428461,-0.0340150035283,5.64824686116,5.35221875034
CS0871,external,2.43894712658,-1.20730503672,11.3266602972,12.3015296472
CS0872,external,-0.167034496421,-0.229788714901,4.94167746504,3.47645289465
CS0873,external,-0.421486606254,0.771333526408,3.2314265558,4.40681630441
CS0874,external,1.21493605104,-2.74350046512,10.7220726602,10.8439090897
CS0875,external,2.82415477173,-0.694006382213,11.4811172021,10.7980703988
CS0876,external,2.32292515984,-1.84724436946,11.862543563,11.7560252908
CS0877,external,1.44755118232,0.387150267991,7.43052204306,6.81805023172
CS0878,external,0.356331239221,-1.20126497759,7.15418045155,8.04356089107
CS0879,external,1.00456192838,-1.96601400913,9.36834066772,10.3530724852
CS0880,external,2.8598981542,0.831352586718,9.72217320434,8.73451784158
CS0881,external,0.849174319868,-0.209361958213,6.94958298959,7.49755152265
CS0882,external,2.06805993292,0.704386394344,8.29085619263,8.76030307044
CS0883,external,0.437153499424,-0.743939827028,6.76703479128,6.84805733746
CS0884,external,1.19740201697,-0.489622804824,7.98235139973,7.50951092064
CS0885,external,0.774966927224,-1.05972178978,7.82160000218,7.93740058682
CS0886,external,3.68130088001,-0.187386667662,12.5874657612,11.6956827198
CS0887,external,1.86076876013,-0.132863175347,8.88097333068,9.04229358326
CS0888,external,1.23945180628,-2.36315538628,10.3146900761,8.80103989976
CS0889,external,0.94126546219,-1.62978556503,8.83827360242,8.97913158247
CS0890,external,-0.0280675913978,1.04772414941,3.68659583792,3.55578426343
CS0891,external,1.24442513432,-0.950066267396,8.62892978951,8.94635769127
CS0892,external,-0.252029562993,-0.0918069474837,4.60610921099,4.63786819012
CS0893,external,1.84086083005,-1.17185433311,10.0879468598,10.5753119677
CS0894,external,0.931491224145,0.284762431514,6.52126753047,6.83083023903
CS0895,external,2.43368796062,-0.528942333493,10.5021067214,10.6785167091
CS0896,external,0.92176976331,0.267745621322,6.52224478103,5.52316997858
CS0897,external,1.6731820862,-0.247397873966,8.64324162115,8.98799899515
CS0898,external,0.465201779362,-2.14454764831,8.5038607367,9.02812117793
CS0899,external,0.777790014437,-2.00415153131,8.96056186644,9.50012975341
CS0900,external,1.10429479692,-1.44855822286,8.94685946127,10.1662694705
CS0901,external,2.59175106658,-2.28029515973,12.9198563248,14.0358216444
CS0902,external,-0.50226332857,-1.17100860938,5.40068367411,3.52596909775
CS0903,external,-0.472514728799,-1.96805480335,6.41663630642,5.90048841988
CS0904,external,1.23987771312,0.277103358703,7.1472313958,7.70055355743
CS0905,external,-0.586077441329,-0.403928942325,4.31255984813,3.49145327005
CS0906,external,1.63433000769,-0.762241597806,9.18334993274,10.1132911274
CS0907,external,0.951476260626,-1.6912613216,8.93246610718,8.69272527894
CS0908,external,1.85984348725,-1.80069418642,10.8805199982,9.77206511405
CS0909,external,-1.29900111515,-1.62054252218,4.34664879632,4.03280496471
CS0910,external,1.63200797174,-0.819273801143,9.24714450485,8.33344261475
CS0911,external,-1.12135967764,-0.783079621991,3.69697619111,4.55773942902
CS0912,external,0.441515292526,-1.65416982223,7.86803437173,8.25899864262
CS0913,external,2.31316287972,-1.0957504054,10.9412262459,11.5926692553
CS0914,external,3.03101661159,0.218655177746,10.7996470099,10.7634769165
CS0915,external,1.12631717323,-1.9990904922,9.6515429371,9.92185584859
CS0916,external,0.19970270969,0.175206102579,5.18915809628,6.5213267967
CS0917,external,-0.473479284091,0.547159460657,3.39645007903,4.5078746429
CS0918,external,2.51251557458,-1.09672430358,11.3411003135,10.7822525163
CS0919,external,1.71076535229,-2.27916054316,11.1565233564,11.4564551273
CS0920,external,1.42945861241,-0.499718791086,8.45857977413,8.00624108058
CS0921,external,0.775479536538,-1.27565633645,8.08174667681,7.60568501518
CS0922,external,0.0116641726578,-0.817041165691,6.00377774414,6.52060547448
CS0923,external,3.15177505205,-0.790230880734,12.251827161,13.8496906066
CS0924,external,1.14199490789,-0.054732040975,7.34966826495,8.11057792922
CS0925,external,1.4946645575,-0.582999346158,8.68892833039,9.08386368199
CS0926,external,-0.254646743439,-1.3912074106,6.16015540584,6.9256770227
CS0927,external,2.95886090105,-0.542971170501,11.5692872067,12.4492860333
CS0928,external,0.525419325529,-2.53830481666,9.09680443105,9.11529084946
CS0929,external,-1.33383508045,-0.540063271946,2.98040576544,3.56755245656
CS0930,external,0.025987355535,-1.12025154514,6.39627656524,5.85871212232
CS0931,external,3.21983621446,-2.37158066328,14.2855692248,14.7059289593
CS0932,external,1.4346360194,-2.16679425747,10.4694251478,11.5103202296
CS0933,external,-1.21613579568,-0.341123274014,2.97707633745,3.74089837174
CS0934,external,2.00159817876,-3.82219485648,13.5898301853,14.1957129479
CS0935,external,0.729857924033,-0.717151423451,7.32029755621,8.24319691926
CS0936,external,0.703568510751,-0.168063648738,6.60881339999,6.43138772577
CS0937,external,1.76706515791,-1.87382268191,10.7827175341,10.3993586213
CS0938,external,-0.298940795705,-1.14846265334,5.7802735926,6.49538788509
CS0939,external,0.975657593319,-1.23455566164,8.4327819806,7.65463748088
CS0940,external,2.34508312634,-0.344912501313,10.1040612542,11.1086881158
CS0941,external,1.29315368018,0.256852597021,7.27808424394,7.36922435448
CS0942,external,0.232748295942,-0.886501688412,6.52929861798,5.45763092628
CS0943,external,0.283255422472,0.282593818269,5.22739826302,4.31305594648
CS0944,external,-0.191317549468,-1.23743692029,6.10228920541,7.15907225517
CS0945,external,-0.639973862237,-1.25069166062,5.22088226827,4.65147922005
CS0946,external,-0.648413154786,-1.10905508262,5.03403978958,6.52809899631
CS0947,external,2.58530179032,-0.247668406279,10.4678056682,10.7491454584
CS0948,external,0.441425971842,-0.0695561253032,5.96631929405,4.88970883665
CS0949,external,0.67842412159,-0.788825694654,7.30343907677,7.89944091172
CS0950,external,0.488750753307,-0.291770300707,6.32762586746,6.60320126912
CS0951,external,1.21830825323,-0.350016377568,7.85663615954,8.8736697201
CS0952,external,2.36436612335,0.169433252353,9.52541234388,10.1295056822
CS0953,external,0.809142472904,-1.39707073555,8.29476982846,7.85479983503
CS0954,external,0.608396354392,-0.0424993913456,6.2677919784,5.9573702903
CS0955,external,0.401014134233,-0.179722905651,6.01769575525,5.56515318265
CS0956,external,2.17108373252,-0.132736859258,9.50145169615,10.7441052809
CS0957,external,0.889196186341,-0.0796573600145,6.8739812047,6.17005076286
CS0958,external,0.513237609066,0.768666971225,5.10407485266,4.15987954737
CS0959,external,3.19844760427,-0.887142037527,12.4614656536,13.9491296018
CS0960,external,1.08905927019,0.0194183269069,7.15481654809,6.91184873936
CS0961,external,-0.0751858983797,-1.43455764638,6.57109737889,5.12482516955
CS0962,external,-0.190576626985,-0.777871101475,5.5522920678,5.33881574109
CS0963,external,1.08455654159,-1.92678255471,9.48125214883,9.03796112735
CS0964,external,0.828435489601,-0.983799713867,7.83743063584,9.56504431639
CS0965,external,0.994923888075,-1.11560273535,8.32857105857,9.25654334054
CS0966,external,1.39835675501,-0.847702338372,8.81395631606,7.42939406748
CS0967,external,2.09337315635,0.701286978542,8.34520193846,9.61611107815
CS0968,external,1.21473352538,-0.0234487924236,7.45760560167,6.4894472614
CS0969,external,0.507552021332,-2.74989890526,9.31498272897,8.69863345534
CS0970,external,1.60098335652,0.345712230403,7.78711203656,8.54139324835
CS0971,external,1.01398094232,0.71217237571,6.17335503379,6.54129701063
CS0972,external,0.907103601754,0.0401246889604,6.76605757676,6.96224982031
CS0973,external,0.602457385065,0.489242116538,5.61782423028,4.24242803064
CS0974,external,1.11870450159,-1.40094364982,8.91854138295,8.1625108779
CS0975,external,1.72264046744,-0.401187055461,8.92670540144,10.812026281
CS0976,external,2.49559701919,-0.561309549243,10.6647654975,10.060273471
CS0977,external,1.24454997659,-1.9671186196,9.84964229671,10.358976912
CS0978,external,1.41250445047,-1.61053548568,9.75765148376,10.2423422461
CS0979,external,0.406085168973,0.248745517017,5.51367571753,5.3794999739
CS0980,external,0.240271926642,0.169085203362,5.27764160925,5.3814692368
CS0981,external,2.18188911563,0.458715803651,8.81331926687,8.0733699199
CS0982,external,2.96118598339,0.0922954031879,10.8116174829,11.0586498474
CS0983,external,3.96843205981,-1.65945761399,14.9282132564,13.7521847701
CS0984,external,1.52035227206,-1.91512984018,10.3388603523,10.6642375835
CS0985,external,0.332407553583,-0.0177176039159,5.68607623186,5.80034481478
CS0986,external,3.1683847058,-1.35079749243,12.9577264025,14.05461396
CS0987,external,3.71611634067,-0.482792583014,13.011583781,12.6976753111
CS0988,external,-0.513955067487,-0.492504408109,4.56309515476,4.84029386211
CS0989,external,0.277789409941,0.445160070934,5.02138673476,5.20276533297
CS0990,external,-0.047057150752,-1.4252045348,6.61613114025,6.80641409836
CS0991,external,1.51445626185,-1.03027154431,9.26523837687,10.2414213673
CS0992,external,2.47092952913,-0.784316998451,10.8830394564,10.0106573309
CS0993,external,2.20978703924,-0.147654302528,9.59675924152,9.30657040378
CS0994,external,3.50894357988,-1.12130747626,13.3634561313,13.2529133599
CS0995,external,1.40308153145,1.6170071935,5.86575443071,7.12284601515
CS0996,external,0.811444905703,0.581820512206,5.92470519676,8.00542003299
CS0997,external,1.79513147464,0.0342047329789,8.5492172697,8.69606801814
CS0998,external,1.50482239663,-0.994290541398,9.20279344293,8.74461284126
CS0999,external,0.840261914126,-1.2189979966,8.14332142417,8.42666044342
CS1000,external,3.04646076493,-0.0886525833731,11.1993046299,11.8512908807
