obs_id,date,month,time_index,temperature
TC001,2014-01-01,1,0,24.2
TC002,2014-02-01,2,1,24.99881703
TC003,2014-03-01,3,2,27.136455
TC004,2014-04-01,4,3,27.85394742
TC005,2014-05-01,5,4,24.48558295
TC006,2014-06-01,6,5,22.60287467
TC007,2014-07-01,7,6,20.13307192
TC008,2014-08-01,8,7,19.29447243
TC009,2014-09-01,9,8,19.93703944
TC010,2014-10-01,10,9,18.51112877
TC011,2014-11-01,11,10,22.36000032
TC012,2014-12-01,12,11,23.94385896
TC013,2015-01-01,1,12,25.85833004
TC014,2015-02-01,2,13,26.2927516
TC015,2015-03-01,3,14,26.30073745
TC016,2015-04-01,4,15,26.44406578
TC017,2015-05-01,5,16,27.17590208
TC018,2015-06-01,6,17,24.45300956
TC019,2015-07-01,7,18,24.12675393
TC020,2015-08-01,8,19,21.51398078
TC021,2015-09-01,9,20,21.31523463
TC022,2015-10-01,10,21,19.37095897
TC023,2015-11-01,11,22,22.64388459
TC024,2015-12-01,12,23,25.07748998
TC025,2016-01-01,1,24,26.65574995
TC026,2016-02-01,2,25,28.46770799
TC027,2016-03-01,3,26,26.77249639
TC028,2016-04-01,4,27,26.19969289
TC029,2016-05-01,5,28,27.27361456
TC030,2016-06-01,6,29,23.87181594
TC031,2016-07-01,7,30,22.69363657
TC032,2016-08-01,8,31,21.21451373
TC033,2016-09-01,9,32,21.42634331
TC034,2016-10-01,10,33,21.70279688
TC035,2016-11-01,11,34,20.93887447
TC036,2016-12-01,12,35,22.47128701
TC037,2017-01-01,1,36,22.89824358
TC038,2017-02-01,2,37,24.1924914
TC039,2017-03-01,3,38,26.49541326
TC040,2017-04-01,4,39,26.66744446
TC041,2017-05-01,5,40,24.16728937
TC042,2017-06-01,6,41,24.24739692
TC043,2017-07-01,7,42,20.71695603
TC044,2017-08-01,8,43,18.73874288
TC045,2017-09-01,9,44,19.06131717
TC046,2017-10-01,10,45,20.20418324
TC047,2017-11-01,11,46,21.62146944
TC048,2017-12-01,12,47,24.19571295
TC049,2018-01-01,1,48,27.89970131
TC050,2018-02-01,2,49,28.16809108
TC051,2018-03-01,3,50,27.7037311
TC052,2018-04-01,4,51,27.80503668
TC053,2018-05-01,5,52,29.01148709
TC054,2018-06-01,6,53,27.68266108
TC055,2018-07-01,7,54,26.1540778
TC056,2018-08-01,8,55,22.7339298
TC057,2018-09-01,9,56,21.0135162
TC058,2018-10-01,10,57,22.4884708
TC059,2018-11-01,11,58,22.81298826
TC060,2018-12-01,12,59,24.83517258
TC061,2019-01-01,1,60,27.13664857
TC062,2019-02-01,2,61,26.73840691
TC063,2019-03-01,3,62,27.35678307
TC064,2019-04-01,4,63,28.52070728
TC065,2019-05-01,5,64,27.17500971
TC066,2019-06-01,6,65,24.16244777
TC067,2019-07-01,7,66,22.53161687
TC068,2019-08-01,8,67,21.11396912
TC069,2019-09-01,9,68,21.89148122
TC070,2019-10-01,10,69,22.11788844
TC071,2019-11-01,11,70,23.30584665
TC072,2019-12-01,12,71,23.70948139
TC073,2020-01-01,1,72,24.54829244
TC074,2020-02-01,2,73,25.82818948
TC075,2020-03-01,3,74,26.29493062
TC076,2020-04-01,4,75,27.52153685
TC077,2020-05-01,5,76,28.64820624
TC078,2020-06-01,6,77,27.20544891
TC079,2020-07-01,7,78,22.94603839
TC080,2020-08-01,8,79,21.48712609
TC081,2020-09-01,9,80,22.62137505
TC082,2020-10-01,10,81,22.41417114
TC083,2020-11-01,11,82,22.92076627
TC084,2020-12-01,12,83,22.4352013
TC085,2021-01-01,1,84,24.73384351
TC086,2021-02-01,2,85,24.13546121
TC087,2021-03-01,3,86,25.127831
TC088,2021-04-01,4,87,25.20474961
TC089,2021-05-01,5,88,25.76179215
TC090,2021-06-01,6,89,24.90497683
TC091,2021-07-01,7,90,22.33224319
TC092,2021-08-01,8,91,21.05539744
TC093,2021-09-01,9,92,21.41609549
TC094,2021-10-01,10,93,21.14357973
TC095,2021-11-01,11,94,23.18312446
TC096,2021-12-01,12,95,24.97409444
TC097,2022-01-01,1,96,26.00991177
TC098,2022-02-01,2,97,28.2714231
TC099,2022-03-01,3,98,29.31587205
TC100,2022-04-01,4,99,27.19757099
TC101,2022-05-01,5,100,26.48563419
TC102,2022-06-01,6,101,26.25112784
TC103,2022-07-01,7,102,26.13170116
TC104,2022-08-01,8,103,22.84740502
TC105,2022-09-01,9,104,20.24742484
TC106,2022-10-01,10,105,21.69344449
TC107,2022-11-01,11,106,22.74051896
TC108,2022-12-01,12,107,24.94684193
TC109,2023-01-01,1,108,26.0051699
TC110,2023-02-01,2,109,27.69508431
TC111,2023-03-01,3,110,27.08049694
TC112,2023-04-01,4,111,25.42321274
TC113,2023-05-01,5,112,24.08629724
TC114,2023-06-01,6,113,23.60007456
TC115,2023-07-01,7,114,22.82027863
TC116,2023-08-01,8,115,22.50626804
TC117,2023-09-01,9,116,20.69017866
TC118,2023-10-01,10,117,19.51966996
TC119,2023-11-01,11,118,22.09255506
TC120,2023-12-01,12,119,26.55521687
TC121,2024-01-01,1,120,27.0830385
TC122,2024-02-01,2,121,30.11554644
TC123,2024-03-01,3,122,30.47057392
TC124,2024-04-01,4,123,29.25287986
TC125,2024-05-01,5,124,28.4712486
TC126,2024-06-01,6,125,27.68527276
TC127,2024-07-01,7,126,23.20614837
TC128,2024-08-01,8,127,20.7529089
TC129,2024-09-01,9,128,20.90876716
TC130,2024-10-01,10,129,20.47486764
TC131,2024-11-01,11,130,23.86904883
TC132,2024-12-01,12,131,23.6812634
TC133,2025-01-01,1,132,24.94370103
TC134,2025-02-01,2,133,28.6530702
TC135,2025-03-01,3,134,28.02759771
TC136,2025-04-01,4,135,27.47726736
TC137,2025-05-01,5,136,26.08786365
TC138,2025-06-01,6,137,22.31548325
TC139,2025-07-01,7,138,20.65855289
TC140,2025-08-01,8,139,20.81954844
TC141,2025-09-01,9,140,19.91980975
TC142,2025-10-01,10,141,20.82884432
TC143,2025-11-01,11,142,20.03071544
TC144,2025-12-01,12,143,22.14273217
