obs_id,r_mean,g_mean,b_mean,exg,leaf_area_cm2,lesion_fraction,stress,health_score
RGB0001,0.355316439217,0.341911032102,0.248819590486,0.079686034501,37.4882759657,0.820989305126,1,58.3674336214
RGB0002,0.28940488756,0.531709165928,0.188650776876,0.58536266742,48.9465100205,0.00359890425465,0,106.649380731
RGB0003,0.228810298774,0.57891906105,0.193261014964,0.735766808363,37.9786168303,0.0723802061516,0,101.778279727
RGB0004,0.370635649535,0.355538149856,0.218926859455,0.121513790723,39.222432634,0.669026443723,1,61.194323356
RGB0005,0.317641471239,0.385947899639,0.212372415853,0.241881912185,37.729147778,0.43007040329,1,81.9094721248
RGB0006,0.325790835093,0.52728575352,0.206245425703,0.522535246243,43.0154309032,0.164260674087,0,97.0336925067
RGB0007,0.32221886129,0.346752932297,0.234281179202,0.137005824102,33.3783092415,0.725006644217,1,63.8490817013
RGB0008,0.375669601922,0.302469428557,0.255799824226,-0.0265305690334,32.0376647101,0.566908611917,1,56.878067808
RGB0009,0.291539597926,0.54581452747,0.222267975685,0.577821481328,42.9151352368,0.0808660191023,0,99.0214294713
RGB0010,0.335277621085,0.519889318662,0.264723227239,0.439777789,38.9074757303,0.161164766671,0,92.8088799121
RGB0011,0.260331714079,0.536072650359,0.200200688629,0.61161289801,41.0695846075,0.0861044153103,0,106.132661826
RGB0012,0.287241638281,0.53292319469,0.23178354415,0.54682120695,39.0830636298,0.247174712114,0,93.3989417032
RGB0013,0.286607927117,0.510250149746,0.195720296211,0.538172076164,34.0490145099,0.0520013081588,0,101.596642197
RGB0014,0.299873404223,0.469943721392,0.179006957173,0.461007081387,42.679408858,0.0221947173855,0,98.6986224523
RGB0015,0.307994145507,0.535103021333,0.21050887012,0.551703027039,43.9924352762,0.108651370492,0,104.050784005
RGB0016,0.327521708683,0.485401225682,0.218790873847,0.424489868835,43.517358825,0.00611883439028,0,92.427350233
RGB0017,0.434655774879,0.397025119422,0.219479574557,0.139914889408,35.7320245642,0.39532366706,1,75.582360577
RGB0018,0.307980575363,0.564466037066,0.218729006048,0.602222492722,32.4169092132,0.0188278656577,0,106.62425828
RGB0019,0.419522295156,0.276006891485,0.188178145426,-0.0556866576131,36.8875891721,0.38213578668,1,64.9770166205
RGB0020,0.287988746825,0.509660387086,0.180387325983,0.550944701363,47.6926028557,0.0559767604684,0,103.089021013
RGB0021,0.416704333352,0.343024358572,0.222191824102,0.0471525596901,39.3835280831,0.287342126871,1,70.7154649126
RGB0022,0.334951408091,0.400300809903,0.22182242127,0.243827790445,39.6327488108,0.478312412464,1,71.7021430763
RGB0023,0.278662429534,0.462217664565,0.192999839174,0.452773060422,39.5208570693,0.0808404243657,0,95.2281709421
RGB0024,0.39761722029,0.381572756657,0.230218689665,0.135309603358,37.2717701459,0.556311604931,1,69.0854325603
RGB0025,0.260174466913,0.55327215034,0.209477741807,0.636892091961,42.2452057292,0.0783340809169,0,107.72744021
RGB0026,0.228561588244,0.56118993317,0.215788261052,0.678030017044,36.7194224344,0.0902311950044,0,110.593944106
RGB0027,0.242833427601,0.546852798041,0.197771433335,0.653100735147,38.302575161,0.018030789764,0,110.700235907
RGB0028,0.372137164138,0.35532618842,0.23366520084,0.104850011862,41.6533492409,0.376286635259,1,69.9556468683
RGB0029,0.247312125091,0.55137842237,0.165964654695,0.689480064954,33.5110406194,0.0645305497697,0,112.970763703
RGB0030,0.270412043559,0.535216244657,0.204982337629,0.595038108126,44.8279652247,0.156587067827,0,101.798164912
RGB0031,0.374876456489,0.373891466633,0.238741808833,0.134164667944,39.2329158022,0.744648398552,1,59.9827342539
RGB0032,0.297024040248,0.546785147842,0.194102297115,0.602443958321,38.9603522215,0.0861422389519,0,103.752149744
RGB0033,0.40326183228,0.396068863348,0.2071185091,0.181757385316,32.6080819357,0.194382599283,1,84.3325420249
RGB0034,0.300172401095,0.525127683242,0.192229624531,0.557853340857,44.8490164535,0.0128458832299,0,103.773611031
RGB0035,0.361099482043,0.349944933919,0.247328374078,0.0914620117167,35.4671246447,0.604056955164,1,59.9615535357
RGB0036,0.2645169859,0.591062569172,0.158282911194,0.75932524125,46.6775082669,0.13903698652,0,106.092191017
RGB0037,0.303552027994,0.576043757073,0.200692244578,0.647843241573,40.2904192669,0.0853988558655,0,105.277197094
RGB0038,0.333009209525,0.366352685577,0.245174834432,0.154521327196,41.4896525196,0.221102888051,1,75.9092338645
RGB0039,0.330922523336,0.510164294288,0.206366752721,0.483039312521,43.2241989358,0.00734484869116,0,97.3429376145
RGB0040,0.287781973975,0.48821009964,0.203712892385,0.484925332921,43.8225284842,0.110645331266,0,99.5257850698
RGB0041,0.299665164792,0.45578335742,0.196012008421,0.415889541625,40.0226305487,0.103532854162,0,93.2315638013
RGB0042,0.235712552108,0.534615968284,0.135957650951,0.697561733509,45.5729059757,0.0592591237599,0,109.689501313
RGB0043,0.358600806477,0.384200108076,0.246094333875,0.163705075801,33.7736059738,0.723077160657,1,56.1537695161
RGB0044,0.238237350781,0.520920488996,0.179827565094,0.623776062117,36.8020087204,0.15811141514,0,99.8785929503
RGB0045,0.220702937383,0.500308647228,0.190697767983,0.58921658909,43.462370489,0.0915782703678,0,104.270861823
RGB0046,0.285345723917,0.504962240325,0.185141697084,0.539437059649,39.99709489,0.0946884223691,0,100.885059292
RGB0047,0.367371858247,0.356327737359,0.227677404791,0.117606211681,34.2743981984,0.535676993768,1,71.9215156041
RGB0048,0.336662560227,0.375038293518,0.231421040696,0.181992986113,37.7351031395,0.448894784013,1,73.2269258002
RGB0049,0.282796411294,0.497316683853,0.222172542935,0.489664413477,42.1908907628,0.10789909482,0,95.9612027584
RGB0050,0.299050665952,0.556717102686,0.206330950509,0.60805258891,42.5552734045,0.052385001649,0,106.703259502
RGB0051,0.298289314199,0.505516623063,0.205418801238,0.507325130688,39.5494620208,0.0924317641837,0,102.262673056
RGB0052,0.287002292297,0.512303787152,0.163828839894,0.573776442112,42.8207347665,0.0928451943641,0,105.423063025
RGB0053,0.259167487336,0.469294657558,0.210753291848,0.468668535932,33.6300459038,0.126987241621,0,101.963487814
RGB0054,0.257404216539,0.609803892133,0.20817760069,0.754025967037,39.7435543433,0.0587777081886,0,116.599736281
RGB0055,0.389437898234,0.380703462082,0.153057809814,0.218911216117,43.5313931519,0.269511501699,1,90.3836399133
RGB0056,0.319026071753,0.513187251023,0.198467429856,0.508881000437,45.5687412387,0.131123941715,0,91.7451366271
RGB0057,0.260039738126,0.492286759915,0.22050477253,0.504029009173,44.8263816702,0.0754380747711,0,100.371088988
RGB0058,0.313599977877,0.538000136744,0.228330605168,0.534069690442,42.0230413676,0.102158681501,0,96.1888687758
RGB0059,0.346090905925,0.321282665225,0.256839137427,0.0396352870977,31.2590127734,0.421980785195,1,71.4558132385
RGB0060,0.247844856531,0.478773827887,0.184297628995,0.525405170249,39.8309051689,0.131002214349,0,99.8620113217
RGB0061,0.281662977804,0.462984053851,0.175581606115,0.468723523782,41.0238001238,0.122883721136,0,97.358729927
RGB0062,0.285086392479,0.522901917895,0.177709504786,0.583007938525,36.8347108089,0.247522830001,0,96.7490272344
RGB0063,0.357647775433,0.389262420247,0.242489148401,0.178387916661,35.7627505867,0.60999743051,1,72.7177635607
RGB0064,0.293806905452,0.534720088493,0.185744698584,0.589888572951,42.6226552788,0.230538627574,0,98.3389599982
RGB0065,0.324628343668,0.539541725768,0.162169663068,0.592285444801,45.2699711541,0.1966178211,0,98.1906359667
RGB0066,0.198030442745,0.545330546235,0.205401089019,0.687229560705,41.8868110436,0.486803157081,0,94.6237125557
RGB0067,0.257778149006,0.560761820747,0.201894260945,0.661851231543,49.1836553635,0.184971940375,0,101.473008475
RGB0068,0.389696484981,0.300279786566,0.197871769253,0.0129913188992,36.1484475666,0.516022458034,1,65.7289930382
RGB0069,0.294494915648,0.547585341088,0.194539922778,0.60613584375,46.5646111303,0.18115852052,0,101.065160681
RGB0070,0.280963290387,0.476842031767,0.198791699518,0.473929073629,41.3084758357,0.0717200733532,0,99.8606513509
RGB0071,0.392599826157,0.382669449419,0.216319242821,0.15641982986,36.2819536534,0.0759010462747,1,85.7583955476
RGB0072,0.259567271923,0.461623143324,0.178704349523,0.484974665202,40.3599983883,0.0780602415589,0,102.099714715
RGB0073,0.388214319332,0.417025907099,0.275882007896,0.169955486971,36.9848567096,0.292508137743,1,78.7670200732
RGB0074,0.364638714326,0.351453533649,0.227492666077,0.110775686896,37.7720615021,0.231586653822,1,74.9249119181
RGB0075,0.408145378066,0.310099439362,0.264006873975,-0.0519533733181,38.9691236245,0.185806976086,1,65.590542269
RGB0076,0.406458258855,0.374629613107,0.19689397411,0.145906993248,37.5264321358,0.626144430749,1,63.3977337431
RGB0077,0.225564705944,0.539046567854,0.217248212594,0.635280217169,44.9219096764,0.103751161002,0,105.326387449
RGB0078,0.292435422688,0.505112154845,0.202196311058,0.515592575944,39.9963173419,0.0211856848524,0,98.1091394663
RGB0079,0.366655739419,0.377873637459,0.258759519069,0.13033201643,38.4309138467,0.729241866233,1,57.9261308205
RGB0080,0.38321477891,0.295225988039,0.18019600518,0.0270411919878,44.3025848477,0.407571115238,1,68.1345651705
RGB0081,0.277205205971,0.54858366716,0.236590633699,0.58337149465,42.2960157762,0.0569607655346,0,105.714630429
RGB0082,0.399063982876,0.362810931526,0.180413427641,0.146144452536,42.761381751,0.386999158124,1,74.7981202296
RGB0083,0.321079012521,0.462345587316,0.212318870812,0.391293291298,39.6105818819,0.0263701087771,0,93.5437268287
RGB0084,0.289830484772,0.593921710159,0.177441209921,0.720571725626,44.3904647117,0.0625414703663,0,114.150363316
RGB0085,0.291094608362,0.445976424069,0.211460273196,0.38939796658,37.2928362803,0.0433614138092,0,96.8094313888
RGB0086,0.311897383581,0.477581999196,0.188715147354,0.454551467458,34.8138896499,0.0027424990738,0,99.8422399244
RGB0087,0.251612156472,0.566007899518,0.142351220851,0.738052421714,47.2709625566,0.0679402110018,0,110.184164069
RGB0088,0.350309456101,0.35962678786,0.226355310025,0.142588809593,34.7917511764,0.374968853319,1,78.0874814687
RGB0089,0.319228554858,0.568632881344,0.171936359948,0.646100847882,34.7046836611,0.0318568096776,0,108.591117794
RGB0090,0.235996219332,0.484686273523,0.257346205601,0.476030122113,39.3835243895,0.0661624682522,0,99.9986525507
RGB0091,0.204435345744,0.563883559334,0.225411906776,0.697919866149,39.6303512617,0.0147923355165,0,104.416020293
RGB0092,0.292691753387,0.522321347315,0.204386917096,0.547564024146,38.8427069628,0.0312039244556,0,97.8267083908
RGB0093,0.390774454801,0.391020887117,0.209815809637,0.181451509796,32.5420676094,0.208293011347,1,82.5352328969
RGB0094,0.245940191148,0.59660854743,0.199482162239,0.747794741473,38.1057286557,0.29888164591,0,105.734693819
RGB0095,0.36463431496,0.544147318549,0.193957077792,0.529703244348,41.3136321406,0.118138989653,0,103.710623102
RGB0096,0.31254337378,0.521103333219,0.228329553816,0.501333738841,40.790561638,0.00969108891936,0,106.122652369
RGB0097,0.293864515109,0.524738803122,0.200760011628,0.554853079507,45.413161551,0.13736297775,0,100.534406606
RGB0098,0.374053048922,0.348768198124,0.241272506649,0.0822108406762,38.2625056736,0.493602389943,1,66.6786867844
RGB0099,0.381722143883,0.36945968002,0.204785625198,0.15241159096,38.7371065533,0.499329555009,1,68.0140267032
RGB0100,0.29781025418,0.518027389317,0.208741083214,0.529503441241,45.4780586434,0.0247967333277,0,100.110001673
RGB0101,0.372617086641,0.366219902317,0.230385192778,0.129437525216,38.5942778487,0.493036280996,1,70.1360299239
RGB0102,0.263782905421,0.462558971494,0.176901066611,0.484433970957,41.4980273056,0.108567136222,0,100.211509611
RGB0103,0.375045469086,0.356699343738,0.157051894573,0.181301323817,39.9139541946,0.560707809564,1,67.6633990928
RGB0104,0.2574460651,0.566636497,0.195841012865,0.679985916034,40.7111529471,0.05199270305,0,106.524039007
RGB0105,0.363285702234,0.3355812339,0.182103972354,0.125772793212,38.1568974746,0.218607105981,1,72.2736858736
RGB0106,0.351838802483,0.396578503567,0.234543363515,0.206774841136,42.8364919621,0.728418377774,1,65.9695343687
RGB0107,0.406448649883,0.396690450029,0.250893214413,0.136039035762,35.9510875132,0.423404207279,1,68.1784375451
RGB0108,0.270650252395,0.493616564796,0.247199850718,0.469383026479,36.9385907884,0.398976314703,0,84.0496193802
RGB0109,0.276981007493,0.488013865157,0.205622374912,0.493424347909,38.4105429966,0.0469581594953,0,104.968883375
RGB0110,0.311639731289,0.503140756616,0.149546136309,0.545095645635,38.7171777772,0.139744932727,0,100.250790082
RGB0111,0.234927336006,0.52417890638,0.15688342851,0.656547048243,37.462665659,0.0479141202119,0,105.216259608
RGB0112,0.396212031183,0.397666540795,0.206035417104,0.193085633303,35.3372838512,0.535970241593,1,73.4209875107
RGB0113,0.293636795676,0.514062065348,0.231137633243,0.503349701777,39.8835287999,0.00198448594971,0,106.676060848
RGB0114,0.359010868345,0.382039470729,0.233000725018,0.172067348096,41.4216162071,0.583990862237,1,68.8447039268
RGB0115,0.256129694018,0.549213821158,0.134001993109,0.70829595519,43.2454345131,0.149732434032,0,102.742681318
RGB0116,0.295033892287,0.51797266962,0.204086015655,0.536825431298,42.8206234407,0.070994565931,0,99.3605737672
RGB0117,0.256802220613,0.57498275164,0.219327772461,0.673835510206,43.3178340728,0.0763828079281,0,101.861366843
RGB0118,0.280548073051,0.557968045023,0.190765741207,0.644622275787,43.5536041677,0.0862077947415,0,111.08612585
RGB0119,0.261546783993,0.543026321521,0.171385101481,0.653120757569,42.6049642711,0.0147331138434,0,106.342674848
RGB0120,0.230039544207,0.511755510143,0.195514214529,0.597957261549,43.7349780305,0.0920826585541,0,105.797991174
RGB0121,0.244833593175,0.534009163942,0.205520794269,0.61766394044,43.3457948931,0.00977145595632,0,106.401934028
RGB0122,0.397200269394,0.351890984504,0.210734543116,0.0958471564989,36.5646896163,0.2933620525,1,71.9169667422
RGB0123,0.317439740188,0.522645477046,0.170976311078,0.556874902826,45.6973949651,0.00996917715894,0,104.48822733
RGB0124,0.284979201945,0.515659663302,0.204458234635,0.541881890024,39.7654229239,0.0777230368115,0,98.9856512538
RGB0125,0.258954598552,0.57605721495,0.183559406952,0.709600424396,48.7555345299,0.049575889986,0,108.238022044
RGB0126,0.258859227955,0.552089748798,0.162157420351,0.683162849291,41.0203319844,0.258290681396,0,99.2007838943
RGB0127,0.279628407939,0.490964125661,0.191450143952,0.510849699431,40.2639222938,0.00565758930111,0,104.020776623
RGB0128,0.418634015865,0.347598809155,0.242381752217,0.0341818502281,40.6692145648,0.230414138146,1,71.9632800281
RGB0129,0.201794116558,0.519655995632,0.222216219322,0.615301655384,38.5869978256,0.0597110706674,0,105.407569814
RGB0130,0.270711994589,0.485144451076,0.173065266638,0.526511640925,41.70253972,0.0395728264161,0,97.618857453
RGB0131,0.398607990536,0.337777075183,0.245783405653,0.0311627541771,39.6264955096,0.293035715888,1,67.95053672
RGB0132,0.25705402983,0.481189956844,0.224999440595,0.480326443263,40.6990632567,0.0543069425191,0,95.4497147699
RGB0133,0.233118641182,0.511451668844,0.20627898978,0.583505706727,51.0749496307,0.0239569492608,0,103.028321113
RGB0134,0.367470230844,0.353625908718,0.223334782467,0.116446804126,41.4262205631,0.65679003164,1,65.8314766512
RGB0135,0.226012664354,0.53702985908,0.174101247085,0.673945806721,42.1228843474,0.123081426291,0,107.984244256
RGB0136,0.300279154305,0.560582785176,0.172071050962,0.648815365086,46.4889647379,0.0200994205097,0,104.612054757
RGB0137,0.379793344062,0.332448825979,0.237101515237,0.048002792658,38.3107120724,0.584429816058,1,61.4488266126
RGB0138,0.383635765561,0.408348938563,0.256761444593,0.176300666972,44.9629599009,0.324542474293,1,74.2508924549
RGB0139,0.316291803159,0.340745565138,0.223289519954,0.141909807163,36.0981429445,0.377340248736,1,72.6488234624
RGB0140,0.396063758731,0.368695633053,0.23572729132,0.105600216054,33.1580079024,0.436796605039,1,69.8110336028
RGB0141,0.272294709439,0.601988395558,0.223248633253,0.708433448425,43.0756118465,0.124398333408,0,107.912755957
RGB0142,0.281769943774,0.462734442101,0.196241526266,0.447457414162,40.8395525646,0.00290030542466,0,103.163937878
RGB0143,0.415583194223,0.276652510655,0.249333918193,-0.111612091106,43.3291970285,0.211705498827,1,69.3501793844
RGB0144,0.410598176989,0.346513619159,0.263669542134,0.0187595191944,42.317377161,0.34102723682,1,72.5478944482
RGB0145,0.304941620287,0.438822460106,0.205713702474,0.366989597452,44.1325722028,0.223425091826,0,82.2360759104
RGB0146,0.295452685412,0.499160141099,0.231785609273,0.471081987514,37.5517302412,0.181358541949,0,91.389005153
RGB0147,0.32233470715,0.526566299835,0.20149341251,0.52930448001,33.675570647,0.0855708365489,0,101.186818257
RGB0148,0.297627924099,0.553041920872,0.203875990316,0.604579927328,41.1626970235,0.00813645058149,0,107.101871857
RGB0149,0.295215271185,0.501230509968,0.147429555768,0.559816192983,43.5179676356,0.17522405491,0,94.8673285655
RGB0150,0.333306308034,0.523029696635,0.235669815745,0.477083269491,39.7869474069,0.0435320472995,0,101.202950606
RGB0151,0.228302544342,0.528628498872,0.209325057549,0.619629395853,41.5195584351,0.134387121072,0,103.043348866
RGB0152,0.404001783783,0.332433556303,0.275803702588,-0.0149383737644,35.4813156907,0.298465406445,1,67.6399475766
RGB0153,0.275665326878,0.503348746944,0.187549433497,0.543482733512,42.6410678181,0.100856955916,0,103.171570085
RGB0154,0.389739580283,0.337214363078,0.246297253696,0.0383918921767,34.5566326257,0.237553365894,1,71.2648196492
RGB0155,0.432604585007,0.442809587348,0.22034239717,0.232672192519,41.0477971116,0.521218422036,1,72.4216555121
RGB0156,0.284790809927,0.481622993957,0.204303362512,0.474151815474,39.5992423065,0.299849815067,0,95.3009772753
RGB0157,0.371769272433,0.340786796092,0.226569579465,0.0832347402855,37.2525909613,0.479633416775,1,68.3850380098
RGB0158,0.292754543094,0.542464595709,0.199007859904,0.59316678842,41.8308663658,0.0278359681882,0,104.872918763
RGB0159,0.303326262667,0.546512019112,0.142439013611,0.647258761947,48.7751133486,0.0222744583831,0,107.240507213
RGB0160,0.285291454135,0.539721391873,0.215594832686,0.578556496924,39.8729570957,0.0145263854691,0,102.255314501
RGB0161,0.30815812852,0.34207334374,0.224022341116,0.151966217845,38.4617641579,0.479245080989,1,67.8310666058
RGB0162,0.293654975694,0.532431383946,0.157059780394,0.614148011805,42.7593104312,0.0822111519618,0,106.231323813
RGB0163,0.363675042911,0.484389666741,0.223958375201,0.381145915371,46.2655449689,0.192669373569,0,93.9621859556
RGB0164,0.270421918027,0.543928226284,0.226975126074,0.590459408467,39.5096153607,0.000544593484596,0,103.603832948
RGB0165,0.258032180196,0.537254462583,0.189852963547,0.626623781423,35.3395066244,0.186239150923,0,101.31201643
RGB0166,0.329192091967,0.550268549283,0.210595815865,0.560749190735,44.1909941739,0.0429210766288,0,100.078072841
RGB0167,0.351353261305,0.31174783338,0.257159556253,0.0149828492022,33.5869605387,0.521583754092,1,59.6126120642
RGB0168,0.434029857868,0.349117638024,0.217105234359,0.04710018382,36.559940399,0.529393233553,1,65.5873518159
RGB0169,0.266043545974,0.476113351487,0.232129101315,0.454054055684,41.3271096926,0.0552295143434,0,98.8646992078
RGB0170,0.28523023369,0.496651316399,0.209016651937,0.49905574717,47.4314662761,0.0576412605408,0,98.1321502468
RGB0171,0.365719175528,0.497998226933,0.199911662979,0.430365615359,38.7720367215,0.117112716552,0,93.6769986592
RGB0172,0.393885511957,0.35142107915,0.214270713111,0.0946859332324,37.5093876539,0.379466459105,1,72.568822427
RGB0173,0.249251986798,0.507473351331,0.201912533764,0.5637821821,35.6746273014,0.00967914302718,0,104.300825209
RGB0174,0.285952411515,0.483961696467,0.1573750087,0.52459597272,43.5335693126,0.113195505614,0,102.07896155
RGB0175,0.440713918749,0.301240727413,0.197730743939,-0.0359632078615,45.1220056916,0.189537660142,1,71.6603403765
RGB0176,0.213891976257,0.519705841507,0.223056962304,0.602462744452,45.4227009178,0.13644941579,0,101.912867398
RGB0177,0.278939740133,0.46568061758,0.175593857304,0.476827637724,39.7893545464,0.101915388598,0,95.2062446498
RGB0178,0.342612889909,0.386202477357,0.200983261918,0.228808802887,42.1050537616,0.463050601673,1,75.5496586564
RGB0179,0.256496419493,0.46845839689,0.165785058953,0.514635315334,41.1997094273,0.116632415921,0,101.249691635
RGB0180,0.375403792248,0.330555275836,0.20917664979,0.0765301096348,40.6287533655,0.332707753256,1,70.7468352661
RGB0181,0.279735066443,0.508538799289,0.193054742148,0.544287789987,44.6662126379,0.0336134660965,0,108.072073305
RGB0182,0.305203646953,0.551450754425,0.187212883029,0.610484978869,43.0071726447,0.134935334848,0,95.07218532
RGB0183,0.218127862422,0.526153639139,0.215342793413,0.618836622445,34.7746423038,0.0121940030412,0,108.112731268
RGB0184,0.258757419377,0.509881589203,0.190156681178,0.570849077851,47.178773364,0.0108070385571,0,105.335221249
RGB0185,0.376307555889,0.364040508651,0.209331612767,0.142441848647,32.5958615984,0.762332214669,1,56.4366495069
RGB0186,0.307252078148,0.58516400363,0.19327387163,0.669802057482,42.1296130904,0.138073689451,0,107.382041281
RGB0187,0.314666105389,0.515405728053,0.246199233222,0.469946117495,39.8398545813,0.0325942828234,0,102.705692471
RGB0188,0.271543459295,0.562026313422,0.208056047657,0.644453119892,42.0764012977,0.0401829075433,0,109.440613068
RGB0189,0.387324020661,0.372324447121,0.232894137835,0.124430735745,40.860799757,0.605426585529,1,69.4025042971
RGB0190,0.214600520856,0.477613238037,0.206363145038,0.534262810179,43.5075364026,0.0473734078926,0,102.832515233
RGB0191,0.343604177566,0.543546820321,0.146980792796,0.596508670279,52.757617193,0.115666297777,0,105.631294877
RGB0192,0.371682216589,0.397228510585,0.237958626528,0.184816178052,39.2013978494,0.646696203019,1,65.6139002658
RGB0193,0.346054671877,0.364799014122,0.218092702045,0.165450654321,40.22679786,0.473326732428,1,66.7837479598
RGB0194,0.243535753487,0.528331478403,0.215698565071,0.597428638247,42.7260565612,0.129459129594,0,100.439757145
RGB0195,0.364685586428,0.350814014111,0.248658339976,0.0882841018166,38.9289209092,0.29675872099,1,68.506457744
RGB0196,0.261202089528,0.518863451219,0.206404353004,0.570120459907,39.6320694765,0.170823583761,0,101.042389184
RGB0197,0.421812882744,0.338962881346,0.221976594364,0.0341362855832,30.1343465336,0.502860007503,1,62.9485974426
RGB0198,0.400382094398,0.347105533575,0.228936882035,0.0648920907177,37.5177333841,0.145057970185,1,76.7855928049
RGB0199,0.321364719377,0.353187924506,0.255749473011,0.129261656625,36.0345222417,0.586168811558,1,67.7824894378
RGB0200,0.373763293404,0.378480081228,0.206155559938,0.177041309115,37.2132208154,0.549556971454,1,63.2599487081
RGB0201,0.287823677469,0.536683527974,0.207613983505,0.577929394974,45.3222604367,0.189794901708,0,99.2065906179
RGB0202,0.253070283864,0.521146478943,0.186185053208,0.603037620814,39.2712803961,0.096854494036,0,104.782449028
RGB0203,0.417517385661,0.387543402951,0.203308695675,0.154260724566,34.8588001014,0.355623100745,1,71.4809657776
RGB0204,0.320909165896,0.491975623891,0.212231299261,0.450810782625,33.7917680782,0.0575529417295,0,95.8664696765
RGB0205,0.369215491494,0.312739985401,0.257780898532,-0.0015164192252,32.0891448841,0.549407178852,1,61.3242633492
RGB0206,0.358131506408,0.361609777347,0.240141836625,0.12494621166,43.8026793816,0.481941647071,1,67.6019743288
RGB0207,0.318833398191,0.379579823645,0.207665669188,0.232660579909,36.9459192969,0.174123058245,1,83.5987219389
RGB0208,0.330752984406,0.535267621388,0.2015076236,0.53827463477,35.540486604,0.0386478269667,0,105.332808931
RGB0209,0.270342906413,0.5471364578,0.193171662312,0.630758346875,44.8313227559,0.0359605334764,0,103.122648831
RGB0210,0.30987322701,0.536022957067,0.172683724656,0.589488962468,43.1701510335,0.00024330829752,0,110.309519903
RGB0211,0.234949877257,0.530632925612,0.158354700972,0.667961272995,50.8700559934,0.191705993608,0,105.48384174
RGB0212,0.363525229854,0.338318611401,0.234788029962,0.0783239629862,39.0514188008,0.111612597377,1,81.2489231989
RGB0213,0.395574522781,0.40432332856,0.236957056806,0.176115077532,39.5831646578,0.690624272047,1,60.4262024975
RGB0214,0.253064784121,0.553894930703,0.183068436032,0.671656641252,40.8979170495,0.160227636904,0,102.185129231
RGB0215,0.409506202443,0.349868051588,0.233410888528,0.0568190122048,36.9330041476,0.360393381622,1,71.5745442605
RGB0216,0.346548871302,0.372515613411,0.254107019325,0.144375336196,33.5011187615,0.142362656832,1,72.5421566238
RGB0217,0.287724122963,0.52796437905,0.149579325371,0.618625309766,43.6623239975,0.0293094458115,0,108.108003255
RGB0218,0.310272101999,0.587512595598,0.192765584384,0.671987504813,40.4784073158,0.0390438047663,0,109.678393732
RGB0219,0.255765198042,0.468583740064,0.143788374784,0.537613907303,47.4728614998,0.0540135175021,0,102.431842786
RGB0220,0.26428728439,0.42832657664,0.230749128659,0.361616740232,38.7346096193,0.0631413485914,0,94.2441618852
RGB0221,0.36913782286,0.414351409716,0.212957005472,0.246607991101,37.559269558,0.352339508938,1,79.9252761325
RGB0222,0.320673556494,0.484988608227,0.195450493006,0.453853166954,48.5606425852,0.0103027759069,0,107.616818509
RGB0223,0.332241314409,0.337257122453,0.239325889385,0.102947041111,33.146218823,0.566946877908,1,66.8639796385
RGB0224,0.297711884838,0.469977150809,0.196136800373,0.446105616408,45.1227785379,0.0344398280458,0,100.596668612
RGB0225,0.308465786639,0.530195016949,0.247827439171,0.504096808088,41.8342500181,0.208685119054,0,99.7600409444
RGB0226,0.394478041114,0.361426256996,0.218549618625,0.109824854253,40.562663374,0.415681809814,1,73.5142083368
RGB0227,0.301444361258,0.509653993544,0.175504463894,0.542359161935,43.6842895343,0.0505251428353,0,103.554752612
RGB0228,0.237833405462,0.463774267579,0.210242419037,0.479472710659,41.477424124,0.0284966049121,0,101.097356065
RGB0229,0.339836207146,0.254421912603,0.279513946634,-0.110506328574,35.1018416555,0.612822147911,1,51.5043068588
RGB0230,0.338570266096,0.359097597065,0.255496275718,0.124128652317,43.0330891547,0.223078744397,1,77.4454375149
RGB0231,0.358165270537,0.396530524912,0.246866133738,0.18802964555,36.5061232001,0.408070949929,1,73.160045885
RGB0232,0.365591388039,0.329854685837,0.218022860942,0.0760951226921,34.3002271524,0.490744653705,1,67.8376273469
RGB0233,0.272733472158,0.501571624646,0.256556324898,0.473853452235,40.3110167944,0.0274727768874,0,102.729676166
RGB0234,0.401757187546,0.376857138477,0.239157209539,0.112799879868,36.8368658845,0.249358721064,1,77.7782877461
RGB0235,0.254538006228,0.480094664109,0.194121693981,0.511529628008,41.1975584806,0.0149860541785,0,100.349482995
RGB0236,0.351681407488,0.353778190934,0.182682288287,0.173192686093,30.6228270017,0.30075180722,1,74.0632351048
RGB0237,0.272836074968,0.491434185033,0.201294368977,0.508737926121,43.0126653016,0.0698081015615,0,99.0616416602
RGB0238,0.262830229364,0.510032165076,0.168901716618,0.588332384169,47.6051807237,0.0397289678865,0,101.760351226
RGB0239,0.285418625664,0.519614037957,0.230132791102,0.523676659149,37.0604326064,0.186180097492,0,94.4054009917
RGB0240,0.359108169025,0.358644295562,0.23248956145,0.125690860649,33.7639800172,0.50713637804,1,68.2741925096
