id,x1,x2,x3,class,true_p_A,true_p_B,true_p_C
MC0001,-1.47238225891,-0.361463937715,-0.163236952204,B,0.240624633242,0.715259689898,0.0441156768607
MC0002,0.0874509464356,2.60335421364,-0.0300513893633,B,0.101197053256,0.893514803634,0.00528814310912
MC0003,0.769130453037,0.582770703593,0.0881487210159,A,0.761323009699,0.204670953711,0.0340060365895
MC0004,0.334669987649,-0.997640272774,1.32864511959,A,0.741406389106,0.0768332604097,0.181760350485
MC0005,-1.98208346869,0.00753198421546,1.14453340324,B,0.0644213937519,0.875438050888,0.0601405553598
MC0006,-0.818147355978,-0.979040046268,1.02890786667,B,0.490764598663,0.309802149947,0.199433251391
MC0007,-1.47552489774,-0.157187549201,-0.758579866224,B,0.222809469913,0.755074043532,0.0221164865548
MC0008,0.653919960312,-1.80966045036,-1.60072065933,A,0.97615801111,0.0127510785621,0.0110909103274
MC0009,0.81476830072,-0.0528972160268,0.546181502769,A,0.832909099715,0.106383966248,0.060706934037
MC0010,-1.90930922427,2.52883359419,-1.04739624294,B,0.00617842242411,0.993345750215,0.000475827360926
MC0011,-0.445471980093,0.403991396238,-0.659472868947,A,0.424688889687,0.553912729545,0.0213983807674
MC0012,-0.101643733816,0.109679613119,0.15078697281,B,0.583691967725,0.362772637683,0.0535353945923
MC0013,-0.743903243381,-2.69661073308,-2.31525173389,A,0.949912926107,0.034730987035,0.0153560868585
MC0014,1.48751310593,-1.75719914151,-1.76587788806,A,0.991186079027,0.00351509576216,0.00529882521053
MC0015,0.703366478895,-0.80354868835,1.44589023489,A,0.779365716107,0.0578592686294,0.162775015264
MC0016,1.35474030833,-0.812297283142,-1.12801312219,A,0.975053015848,0.0150977841377,0.00984920001411
MC0017,-1.12254086947,1.11357785944,-1.3134136535,B,0.111588960111,0.884036377754,0.00437466213482
MC0018,-0.411887837817,-1.09635752807,0.863486098777,A,0.64969835704,0.179935223318,0.170366419641
MC0019,0.362183942703,-1.18491864361,1.13718637942,C,0.782127408002,0.0596240042188,0.15824858778
MC0020,0.3125317268,-0.0285773425106,-0.983395528755,B,0.807297617293,0.174630046338,0.0180723363685
MC0021,1.65882580244,0.288680321334,0.164985859215,A,0.932096210772,0.043065762735,0.0248380264933
MC0022,-0.545048303822,-0.992188566477,-0.199396589851,A,0.708021637659,0.222304117544,0.0696742447965
MC0023,1.44637181694,0.17245911267,0.385050291299,A,0.910762549635,0.0537341264537,0.0355033239118
MC0024,1.45437734669,-0.275846252688,1.95937703599,A,0.804949349057,0.0375110480513,0.157539602892
MC0025,-0.030904530235,0.447403120049,0.669549140829,B,0.484236307202,0.447114112017,0.0686495807806
MC0026,-0.252047368414,1.78303875955,-1.40508962515,A,0.187534361969,0.809054650837,0.00341098719447
MC0027,-0.968883731297,-0.906761468768,1.66154401068,B,0.352303753409,0.350339522652,0.297356723939
MC0028,1.93790518694,-1.97709257248,0.73221579994,A,0.95177950448,0.00207843907846,0.0461420564415
MC0029,-0.393952270802,0.114392854389,-1.12016453752,B,0.553904932638,0.42861334608,0.0174817212819
MC0030,0.610333981963,0.068325505207,0.204975327053,A,0.799720987488,0.153042276729,0.0472367357827
MC0031,0.947451308111,0.805836831331,-0.532776083078,A,0.79744077212,0.186034930222,0.0165242976585
MC0032,-1.15749301716,-1.04570334601,1.31272900236,A,0.363563868122,0.385925983112,0.250510148765
MC0033,-0.888423473095,0.867044628315,-0.0211966240023,B,0.156952176402,0.823557141809,0.0194906817888
MC0034,-2.07435181361,0.76686701899,0.101797167617,B,0.0301855615873,0.959993462946,0.00982097546709
MC0035,0.397183171545,0.122180636327,0.0236111003929,A,0.749751794676,0.207594803678,0.0426534016466
MC0036,1.38000365328,-1.05212109075,0.510288131286,A,0.93651463077,0.0144930846749,0.0489922845547
MC0037,-1.40142979964,-0.80899798556,-1.40835887109,A,0.442173571683,0.534601079856,0.0232253484616
MC0038,1.02942887049,0.0194825546265,-0.918435466036,A,0.919016427548,0.0677557805041,0.0132277919476
MC0039,-2.85352984665,-0.874134057801,0.0480062278752,A,0.059161479569,0.903755426615,0.0370830938159
MC0040,-0.416492561152,0.44238113708,1.10779165224,A,0.317997892261,0.590428501745,0.0915736059939
MC0041,1.13428234487,-0.442265810089,-1.29894961483,A,0.958985450051,0.0318333746238,0.0091811753255
MC0042,0.259282849173,0.243482388597,-0.704597258636,B,0.727221511397,0.251046449421,0.0217320391817
MC0043,-0.395072660751,-0.274287059927,-2.05379360761,B,0.706052518967,0.2848328987,0.00911458233271
MC0044,1.4451912076,-1.40604182924,0.615508023345,A,0.93734963471,0.00872857243791,0.0539217928526
MC0045,-0.443339130843,-1.01223425818,0.902125045146,A,0.624622174125,0.202802673405,0.172575152471
MC0046,-0.241649068511,0.179093116271,0.925107940588,B,0.453601698019,0.447551373881,0.0988469280998
MC0047,-0.516628548437,-0.265604005176,0.814204734413,A,0.470384529415,0.413340755269,0.116274715315
MC0048,0.733231647078,0.131538081474,-0.410840845338,A,0.848149754912,0.127175002625,0.024675242463
MC0049,-1.16737689044,0.0180483456842,0.729729909331,B,0.208855398666,0.718416267995,0.0727283333387
MC0050,0.661783510686,-0.501517856824,-1.6656739056,A,0.934162048947,0.0571591851131,0.00867876593972
MC0051,0.747850841976,0.885722571403,-1.17647095673,A,0.755800820454,0.234812993177,0.00938618636866
MC0052,1.15962193798,1.66941347803,-1.11454196037,C,0.701254338267,0.29232416017,0.00642150156211
MC0053,-0.231952111562,0.960559703387,-1.40636663971,B,0.388187495504,0.604263374481,0.0075491300147
MC0054,1.50509047051,0.217822309988,-0.682187712193,A,0.944623725258,0.0432756945491,0.0121005801934
MC0055,2.04661149655,0.904020550184,-1.36443409145,A,0.959301177471,0.0367289226099,0.00396989991952
MC0056,-1.05226127334,-0.0341824855669,1.90101378711,B,0.18387223656,0.624557227074,0.191570536366
MC0057,-0.0323272098824,1.52761517617,0.948910409443,B,0.210710001911,0.753799651646,0.0354903464437
MC0058,-1.59041692718,0.207183992267,0.54228251942,B,0.104587680426,0.85557190909,0.0398404104836
MC0059,0.192552759649,0.264712284049,0.0960348305527,A,0.652728265532,0.301852413766,0.0454193207021
MC0060,0.414151689645,-0.0343290154215,-1.63566612848,A,0.853880782685,0.136841160076,0.00927805723887
MC0061,0.780104837331,0.366326638229,0.284381370342,A,0.789264086644,0.167235245291,0.0435006680655
MC0062,0.458601716729,-0.90321403136,-1.52725741673,A,0.937582485114,0.0504122232438,0.0120052916424
MC0063,-0.634439526832,0.555414118009,1.56573750799,B,0.207167080941,0.684215761133,0.108617157925
MC0064,-0.920886665105,1.10094798884,-0.092661076473,B,0.120054596314,0.866074250146,0.0138711535394
MC0065,-1.0058243,0.446914041737,-0.884750892197,A,0.233809678188,0.752328448323,0.0138618734887
MC0066,0.230373554377,0.675848246265,-2.61702821566,A,0.704876401196,0.29208271578,0.00304088302394
MC0067,-1.23773065259,0.182682629904,0.961515858949,C,0.157066682895,0.771673720466,0.0712595966397
MC0068,-0.148563957267,0.0262531209078,-0.56067923237,B,0.63586134275,0.334303998868,0.0298346583816
MC0069,-1.48578828033,-0.366223796386,0.127243571287,A,0.22482747868,0.719513114779,0.0556594065412
MC0070,-0.850072000761,-0.173430822326,1.34056740115,A,0.295619265107,0.549596325161,0.154784409732
MC0071,-2.11542810998,2.27089823214,0.55799892067,B,0.00439286739963,0.993610042933,0.00199708966747
MC0072,2.1694354119,-0.104704348401,-1.39758865581,A,0.986799352541,0.00919083801804,0.00400980944095
MC0073,0.0660889067793,1.17879237367,0.801632294989,A,0.32330514363,0.631268729681,0.045426126689
MC0074,0.942257225437,-0.051059691598,1.49218702841,B,0.770545807015,0.09718859013,0.132265602855
MC0075,-0.641223666257,-0.432880572395,0.668794512273,A,0.478579770823,0.407924859184,0.113495369993
MC0076,0.746335701284,0.3896553421,-1.03011839425,B,0.838960032719,0.148352126079,0.0126878412015
MC0077,-0.277302975518,0.976543329991,0.76805505774,B,0.262328690472,0.691419015244,0.046252294284
MC0078,-1.40202711349,-1.98780356398,1.79310385563,C,0.332174405111,0.185334077993,0.482491516896
MC0079,0.253851522471,1.94401063573,0.178841870988,B,0.234803532591,0.750821420144,0.0143750472644
MC0080,0.671651817078,2.79752726535,0.277953693191,A,0.175392122377,0.816481877105,0.00812600051789
MC0081,0.630674160186,0.477690798955,-0.607238811658,C,0.779930173744,0.200719203724,0.0193506225319
MC0082,-1.19469713962,0.374675928977,1.38532502949,B,0.125866310171,0.791090091779,0.08304359805
MC0083,1.86577488065,-1.27941563484,-0.496019950451,A,0.981978174807,0.00434848070952,0.0136733444834
MC0084,0.313162481693,-0.864368787344,1.16973223254,C,0.751076996617,0.0915744317135,0.157348571669
MC0085,-0.199527008637,-0.664128750331,-0.404270555379,B,0.758754384491,0.195022068367,0.0462235471413
MC0086,-0.631189146302,-0.145067945582,-0.200449259761,B,0.478086228394,0.476049746291,0.0458640253149
MC0087,1.39467796354,-0.819146822683,0.816016808208,A,0.917490245138,0.0194994133524,0.0630103415097
MC0088,-0.316729598157,0.639289404742,0.452335081063,B,0.345414602752,0.607363283149,0.047222114099
MC0089,0.612391629715,0.474843356976,0.452012051031,B,0.71484330393,0.233329401231,0.0518272948382
MC0090,-0.143006717793,0.365789864167,0.367018928829,A,0.486121316585,0.45834427166,0.0555344117543
MC0091,0.973033775047,0.957395431259,0.514631073728,A,0.720287614179,0.238554379008,0.041158006813
MC0092,-0.673176375384,-0.884275127575,-0.143331276951,A,0.642558499566,0.285072534432,0.0723689660015
MC0093,0.330995014466,0.739591218055,1.68459860211,B,0.455560901983,0.410085867334,0.134353230682
MC0094,-1.92139879511,-0.0260211107671,-0.698614408697,B,0.107121354289,0.877653792031,0.0152248536793
MC0095,0.18698157883,1.11457867939,0.925636422826,A,0.373927740226,0.571071113822,0.0550011459517
MC0096,1.54060569331,-0.300552075478,-0.405502022412,A,0.959773297227,0.023569773412,0.0166569293607
MC0097,0.668792144698,-0.863918642455,0.609718000726,A,0.865778673538,0.0534530180234,0.0807683084391
MC0098,-0.172712696698,0.0738917023644,-0.161354164192,A,0.589094507629,0.369195439391,0.0417100529805
MC0099,-2.08503132555,-0.103431579636,-0.121754871028,B,0.0821483926368,0.894360134629,0.023491472734
MC0100,0.739322993634,-1.46574791906,-1.82517967594,A,0.97587520697,0.0160624538365,0.00806233919367
MC0101,0.374582360917,-0.143556281849,2.38932343604,C,0.508342820945,0.170276133822,0.321381045233
MC0102,-1.20970653284,0.37381484635,-0.943881382459,B,0.196030657788,0.791241361569,0.0127279806425
MC0103,-2.2372995827,-1.10662306847,0.470037905858,B,0.15805189753,0.741490741846,0.100457360623
MC0104,0.666261714475,-1.79882017188,-0.812469833378,A,0.961594585963,0.0146069291791,0.0237984848576
MC0105,1.85802057496,-0.983612972278,-0.471139208055,A,0.980045801073,0.00629781645,0.0136563824767
MC0106,1.10978397084,0.843051857387,-1.45473441392,A,0.85926030333,0.134442002715,0.00629769395492
MC0107,2.07695357547,-0.544959943045,0.0192044449559,C,0.973581388597,0.00822965967442,0.0181889517282
MC0108,-0.969077953952,0.0886990041209,-0.703370916892,B,0.320654346153,0.656323027418,0.0230226264295
MC0109,-0.171109318951,-0.832306126138,-0.660929188459,A,0.807975373886,0.154061720017,0.0379629060962
MC0110,-1.55380341861,-0.299821341279,-2.55221265486,B,0.304989008988,0.689614722965,0.00539626804652
MC0111,1.53990368024,0.194424842204,0.936927225598,A,0.891658731007,0.0519318788789,0.0564093901138
MC0112,1.26985504291,-1.63540656669,-0.000478970988365,A,0.957653711407,0.00792588907339,0.0344203995199
MC0113,-0.494263546985,-0.0603667426177,0.0956796668569,A,0.486465042532,0.456999620935,0.0565353365337
MC0114,-0.145449433894,0.713241778889,0.304326405587,B,0.396489787637,0.562350203928,0.0411600084348
MC0115,1.37246613644,0.286203102108,-1.27168182947,C,0.941273258609,0.0514389170737,0.00728782431763
MC0116,0.0346948140115,0.296873872636,-0.00214877401765,A,0.596325331641,0.361800721277,0.0418739470816
MC0117,-0.323347738879,-0.700827210456,-0.0273238784112,A,0.703961505852,0.227607494354,0.0684309997943
MC0118,1.26872050137,0.229424193237,1.05491800293,A,0.846208367031,0.0812154464492,0.0725761865198
MC0119,-0.930631355062,0.080296306313,-0.858531324751,B,0.343988215578,0.635407719289,0.0206040651335
MC0120,-0.339975877606,-1.80340312557,0.307761852768,A,0.801232723345,0.075760834958,0.123006441697
MC0121,2.99978341394,-0.815006614963,2.78334441481,A,0.860555402723,0.00208879110634,0.137355806171
MC0122,-1.42146025777,0.16184592088,0.180947611346,B,0.148437588615,0.816400979708,0.0351614316773
MC0123,0.666557694652,-0.787579171078,0.0887159568649,A,0.895850715863,0.0548131244187,0.0493361597187
MC0124,0.443174746605,-0.520633587017,-2.59506332425,A,0.930464138823,0.0655511642836,0.00398469689345
MC0125,-0.141913661168,0.0813724224898,1.64523074387,C,0.437521624359,0.377995029217,0.184483346424
MC0126,-0.742798205564,0.267927332835,-0.989889167789,B,0.368481241351,0.61486448852,0.0166542701287
MC0127,0.292531858532,-0.444464755585,-0.513170965726,A,0.842574329405,0.125514213815,0.0319114567796
MC0128,0.0391971283522,-1.45884489681,-1.51396956417,A,0.932365285882,0.0504812248082,0.0171534893096
MC0129,0.764209407816,0.221812573509,1.03137168823,A,0.751015719798,0.159356042006,0.0896282381966
MC0130,0.258485035939,0.247998378343,0.432471736458,A,0.653829696737,0.285249221287,0.0609210819758
MC0131,0.556519219602,1.1934532009,-0.841939086144,A,0.598116817742,0.390376381598,0.0115068006599
MC0132,0.412239568116,0.986561526902,-0.725075245963,B,0.594886737949,0.39058534758,0.0145279144717
MC0133,1.31414261142,-1.17442922903,1.89655666707,A,0.805535929471,0.0157820921199,0.178681978409
MC0134,0.141516820831,-0.13045605087,-0.278673132753,A,0.745526133071,0.216022244697,0.0384516222325
MC0135,0.669290813421,0.453151224512,-0.02670118975,A,0.765054028475,0.201849503345,0.0330964681805
MC0136,-0.0966435887916,0.215549741318,-1.52231957071,A,0.658779429537,0.33004014256,0.0111804279033
MC0137,0.314930111073,-1.15388340561,0.605850372468,A,0.833827106558,0.0639849490515,0.102187944391
MC0138,0.292824299791,0.185627412356,0.422521838494,A,0.678870134106,0.259606813752,0.0615230521415
MC0139,0.760146438756,0.0118327860629,2.93074615564,C,0.485586656458,0.117857000959,0.396556342583
MC0140,0.802699210262,-1.77098081889,-0.0349214430966,A,0.940233396171,0.0138688890049,0.0458977148238
MC0141,1.17184664909,1.31504745545,-0.0175940239331,B,0.734804896052,0.244493450111,0.020701653837
MC0142,0.201628340628,-0.482026179415,-0.510099902569,A,0.829577438225,0.136709702768,0.0337128590078
MC0143,0.430780402046,0.878560614501,-0.713146903661,B,0.630556244976,0.353893872066,0.0155498829587
MC0144,-1.18872741873,0.506510965237,-0.917071799087,B,0.176483138627,0.812071189715,0.0114456716586
MC0145,0.487478368997,-0.0181322358216,-0.278060603034,B,0.81254443079,0.154908466345,0.032547102865
MC0146,-0.568658498945,-0.766174640556,-1.72475240438,A,0.748227878278,0.235851207725,0.0159209139967
MC0147,-0.175413902215,0.0585540278859,-0.434004793825,B,0.61003521561,0.356966808565,0.0329979758249
MC0148,-0.841784819679,0.0384812781548,1.16050402451,A,0.269697706845,0.615500512125,0.114801781031
MC0149,-1.59029706703,-1.18896457203,0.0491227269012,B,0.376645401526,0.522615771481,0.100738826993
MC0150,-0.0978001516038,-0.285518193298,1.8990988963,A,0.478003600345,0.260680743713,0.261315655942
MC0151,-0.0366465012371,0.509409699404,1.24570412954,B,0.420498742382,0.473668805932,0.105832451686
MC0152,-0.332595634533,2.07081759444,-1.34365711083,A,0.124419086764,0.873107167057,0.00247374617826
MC0153,0.0169997848879,0.356818204587,0.135238412865,A,0.564827236946,0.389377683498,0.0457950795552
MC0154,-0.587281221431,1.52286633097,2.28997316147,B,0.0754531692632,0.852860823425,0.0716860073116
MC0155,-0.0101810771348,-1.77506264632,-0.489074633881,A,0.905803479395,0.0445771766352,0.0496193439702
MC0156,-0.222011373685,-1.30756507446,-0.727945802979,A,0.859742892497,0.0992045946535,0.0410525128494
MC0157,-0.338507901818,1.90043960409,0.355715740012,B,0.108429307652,0.879524775773,0.0120459165758
MC0158,-0.152994023046,-0.16061866081,1.79893589302,B,0.457460871481,0.310295967768,0.232243160751
MC0159,-2.21345755478,0.877047914461,1.0066804759,B,0.0177871933138,0.966618986492,0.0155938201945
MC0160,-0.921496216046,0.894876695443,-0.802093335815,B,0.168034711184,0.822211684227,0.00975360458901
MC0161,-0.439333376981,-0.367103457723,-1.10855799568,A,0.665522617996,0.311459800487,0.0230175815173
MC0162,-1.14958142473,-0.190947082797,0.263934175492,B,0.278503026611,0.660112016217,0.0613849571718
MC0163,-0.146875923552,1.986717068,1.12185656991,B,0.112053948081,0.864726876958,0.0232191749605
MC0164,-0.514814896263,-0.7802536502,0.661452327947,B,0.594756567467,0.272555458518,0.132687974015
MC0165,0.131761995569,-0.0086597267504,0.459651135817,A,0.665698440191,0.262842800737,0.0714587590716
MC0166,-0.151922856941,-0.703587849502,-0.517140099021,A,0.784352968568,0.174199686706,0.0414473447256
MC0167,0.00790471363743,-1.40692187026,-0.660195225589,A,0.896219242839,0.0644050626409,0.0393756945203
MC0168,1.24639045542,-2.05366812074,0.435236455688,A,0.939339168549,0.00533131238227,0.0553295190689
MC0169,1.8844259307,0.275116154565,0.114268377289,A,0.949646841225,0.0297849055859,0.0205682531892
MC0170,0.580537979873,0.576883696432,-0.109793874128,A,0.720047533912,0.249824362822,0.0301281032656
MC0171,0.00721474443488,0.212330727572,0.260929789601,B,0.589036799,0.3556431707,0.0553200303
MC0172,-0.278436073608,0.471789581455,-0.873745027191,A,0.482271409909,0.500397737276,0.0173308528153
MC0173,1.20032548308,0.347643005482,0.174281109582,A,0.876943018021,0.0907355355056,0.0323214464731
MC0174,-1.43844312799,-1.65062453204,0.0691936021114,A,0.530548137675,0.333122063842,0.136329798484
MC0175,0.996979696039,-1.23843065681,-1.35166973614,A,0.974121560394,0.0153316275075,0.0105468120985
MC0176,-0.169941809072,-0.621946155233,-0.208527638847,C,0.746024780515,0.200061495736,0.0539137237496
MC0177,0.596377794037,0.094275202817,1.04410356872,C,0.726503941397,0.173467523052,0.100028535551
MC0178,-0.159162177932,-1.06605177845,0.0592860579213,B,0.792886525231,0.129403402737,0.077710072033
MC0179,-0.99210136634,-0.131379624829,-1.78379511511,A,0.427505577209,0.561670257753,0.0108241650384
MC0180,-1.37812336034,-0.491253871108,-1.0064534026,B,0.342113870564,0.632288443014,0.0255976864219
MC0181,0.588981645879,0.928033658942,-0.306705344348,B,0.651668635383,0.326838084309,0.0214932803074
MC0182,1.21407956881,-1.15811494003,1.1907344284,A,0.879022433524,0.0178980553369,0.103079511139
MC0183,0.437857928581,0.188815021843,1.10446366739,B,0.661931225178,0.230917322463,0.107151452359
MC0184,0.987919597507,-1.20754404859,1.79701348571,A,0.778660750931,0.0242218214776,0.197117427591
MC0185,0.787561186811,0.267908764584,-0.7943972198,A,0.855599122932,0.128292796816,0.0161080802519
MC0186,-0.599607974181,-0.582121443676,-0.725943941711,A,0.640052504045,0.322850203209,0.0370972927459
MC0187,-0.620466508825,-0.0809538764138,-1.28592333683,A,0.531138356927,0.451890385987,0.0169712570862
MC0188,-0.31692818865,-0.865337144872,-0.970223824066,A,0.796267341063,0.173221435193,0.0305112237444
MC0189,-0.241749137973,0.0720412941391,-0.269356790923,A,0.571379716076,0.390501107766,0.0381191761588
MC0190,-0.03711751197,0.398315901558,1.36488613582,B,0.435312551392,0.43983893814,0.124848510467
MC0191,1.01943221817,1.46229345253,-0.497371780566,B,0.67592890893,0.311149699132,0.0129213919377
MC0192,-1.07199186182,-0.865270650098,0.475768397105,A,0.444757553703,0.432483938289,0.122758508008
MC0193,-0.849188209892,0.359295953784,1.62639783631,B,0.185682702725,0.691715791488,0.122601505787
MC0194,-1.20282405841,-0.149228283224,0.360175375004,B,0.248938411116,0.688616938833,0.0624446500502
MC0195,0.241819511448,0.978544622956,-0.661557171696,B,0.527873715142,0.456636639067,0.0154896457911
MC0196,-0.362660495535,-0.820612102228,0.0209872203463,A,0.71061087081,0.21397189953,0.0754172296597
MC0197,0.542169167839,-0.9177906334,0.433277143932,A,0.86630765343,0.059268389528,0.074423957042
MC0198,-0.392568118465,1.14695461203,0.229872076587,B,0.217318632387,0.758841985425,0.0238393821871
MC0199,0.14885119138,1.5422860714,0.941884040602,B,0.258531357542,0.703434790968,0.0380338514901
MC0200,-0.4169098089,0.204760387063,-0.0721153078366,B,0.455789965366,0.502892886584,0.0413171480504
MC0201,-0.0347054767809,0.004493932513,-0.329856046187,A,0.665885747371,0.297694674176,0.0364195784533
MC0202,0.975067331171,-0.68071165517,0.176425319626,A,0.916473926354,0.0396011027689,0.0439249708767
MC0203,1.7346358801,-0.271921806744,0.141259015899,A,0.955213150961,0.0198551364569,0.0249317125821
MC0204,0.772151582629,-0.088871085761,-0.273944171467,A,0.873867763448,0.0971302046511,0.0290020319008
MC0205,-1.92098848277,0.163074139288,-0.333653903064,B,0.0816190368714,0.901988967394,0.0163919957342
MC0206,0.651836497025,0.874746102332,0.245106289282,A,0.653508826959,0.310484576054,0.0360065969871
MC0207,-0.739304946234,-1.57976345716,-0.740486776172,A,0.793926377237,0.150816692621,0.0552569301424
MC0208,-0.805407647116,-0.255742435818,0.928125998985,B,0.359363384597,0.518904885847,0.121731729556
MC0209,-0.52161239565,0.790846989405,-2.1599721049,B,0.363975985829,0.631873800725,0.00415021344553
MC0210,-1.08557762086,-0.481468362359,-0.0231745721756,B,0.386350336339,0.550744945991,0.0629047176701
MC0211,0.957771613859,-1.80151702672,0.479185367855,A,0.921022119086,0.0113256052277,0.0676522756865
MC0212,-0.243233286005,0.131907285453,1.38993566181,A,0.421111479399,0.431965933638,0.146922586963
MC0213,-1.42327896889,-0.276594365896,1.01677344518,B,0.184366043981,0.710245689044,0.105388266975
MC0214,-1.33624131817,-0.601515928346,0.267354664186,B,0.310932755189,0.607416426031,0.0816508187793
MC0215,0.697331363488,0.0701266580955,-1.14131809924,A,0.87570828896,0.111630155084,0.0126615559564
MC0216,-0.149087425429,0.16891668226,-0.649830294946,A,0.603962118928,0.370474760412,0.0255631206596
MC0217,-0.0812022923702,-0.800257808212,1.03738011373,A,0.675064797995,0.16269853404,0.162236667966
MC0218,0.0109906155453,-1.39000368395,0.681124616989,A,0.791893276605,0.0755702093085,0.132536514087
MC0219,0.353407253289,-0.202162090652,-0.00742893797104,A,0.794455747657,0.15887621618,0.0466680361631
MC0220,1.15176304159,0.830314143475,0.617918510911,A,0.784492266471,0.171087739605,0.0444199939233
MC0221,0.0775785738746,-1.12266489306,-0.455763845915,A,0.87406223192,0.0823250320548,0.0436127360253
MC0222,-0.902316583702,0.311657281432,1.05283759348,B,0.208189849432,0.711028982088,0.0807811684799
MC0223,0.220428139815,0.423244875793,0.274341282932,A,0.611753191643,0.339137626672,0.0491091816856
MC0224,-0.136424702288,-0.577222913082,-1.0396399541,A,0.795088675179,0.180573462003,0.0243378628177
MC0225,0.640814002448,-0.556540900256,-0.233689033541,A,0.894000852246,0.0705144347817,0.0354847129723
MC0226,0.671773899015,1.31726397861,-1.07364396332,A,0.619160569933,0.37223090886,0.0086085212068
MC0227,-0.948514270176,-1.71193224856,-0.794322369597,A,0.768348952971,0.172204660465,0.0594463865633
MC0228,-2.46968108605,-1.4748577044,-0.733232571669,B,0.214070072734,0.73606422869,0.0498656985764
MC0229,0.196229052285,1.61997423796,-1.37640209237,A,0.362929167313,0.632025579536,0.00504525315074
MC0230,-1.23166722497,-0.732529300548,-0.653376932639,B,0.439926101762,0.516752364898,0.0433215333398
MC0231,-1.01917244983,-0.414137658668,1.31799366198,B,0.293470725892,0.533301726283,0.173227547826
MC0232,-0.133411974077,-0.68661371975,1.3250825607,A,0.607277900271,0.193161324708,0.199560775021
MC0233,0.0768170304133,-1.0495140479,1.7463773664,A,0.621829525856,0.0994462550651,0.278724219079
MC0234,2.10224377708,1.21511512152,-0.666188249567,A,0.937858947152,0.0548668869309,0.00727416591664
MC0235,0.778097041712,1.17935992138,0.358489230827,A,0.614577040918,0.351745807853,0.0336771512296
MC0236,-1.5596121774,-0.118118398998,-0.800617226109,B,0.194949435832,0.785447941645,0.0196026225231
MC0237,0.903893467436,1.22356320052,0.590327667503,A,0.632951162727,0.327178238185,0.0398705990884
MC0238,1.84401942627,-0.404129050561,0.580279767782,A,0.948535109107,0.015418819595,0.0360460712979
MC0239,-1.69047240012,1.75665920202,0.221376822542,B,0.0169331383231,0.978768155313,0.00429870636429
MC0240,0.105803349671,-0.407863998971,-0.750108235764,B,0.810325953584,0.162177720356,0.0274963260596
MC0241,-1.17998278395,-0.731760070757,-0.793259520172,A,0.468359201027,0.492967865544,0.0386729334293
MC0242,-0.138411842388,-0.923926849844,-1.98927478528,A,0.879839382534,0.109358463448,0.0108021540179
MC0243,-0.446022057305,0.856154235871,0.450591910065,C,0.253135511061,0.709857126089,0.0370073628492
MC0244,0.168910301545,0.400260264799,0.809336284293,B,0.557355160134,0.363262516657,0.0793823232092
MC0245,-0.869176157368,0.0182929867134,1.19719514163,B,0.263467435395,0.617699590451,0.118832974153
MC0246,0.902831676564,0.220935121031,-0.973290143439,A,0.886285161552,0.100783251456,0.012931586992
MC0247,-1.45224067024,2.40578414668,1.18209489809,B,0.00945248802436,0.985572822546,0.00497468942956
MC0248,-0.562394798714,-0.278854235916,-0.869569882747,A,0.584125113593,0.388156191403,0.0277186950039
MC0249,0.000849868688649,0.604275687457,-0.951333910869,A,0.557709728299,0.427238702688,0.0150515690135
MC0250,1.7376985427,0.263605854205,-0.180965984592,B,0.948080485495,0.0349617832844,0.0169577312208
MC0251,1.24594853712,1.27046312297,1.7531055395,A,0.642247702474,0.256372958841,0.101379338685
MC0252,1.46164700307,-0.231961696201,-1.39312778266,A,0.969352104176,0.0240711280865,0.00657676773723
MC0253,-0.234795468312,0.485598970395,-0.352455523521,B,0.465008009684,0.507732655137,0.0272593351791
MC0254,0.459594036252,-0.814486912699,0.465166782123,B,0.846057094897,0.0752552334387,0.0786876716647
MC0255,-0.321099228562,-0.431498983932,0.281413202575,C,0.624190077362,0.295508487411,0.0803014352268
MC0256,1.40335139445,0.674171505315,-0.407784362281,A,0.896241862733,0.0882608836274,0.0154972536399
MC0257,-0.643538682869,-0.226203310251,0.268552234241,A,0.461269624992,0.466804765391,0.0719256096169
MC0258,1.13121882779,1.80920200968,-1.60103046118,A,0.678543880195,0.31761353484,0.00384258496445
MC0259,1.0996976683,-1.44771103756,-1.0810221355,A,0.976131000523,0.0107040573139,0.013164942163
MC0260,-0.104615076872,0.341067387838,-0.810437394133,B,0.583257804084,0.39671050206,0.0200316938559
MC0261,0.0384134589548,-0.260233187159,-0.782099787896,B,0.770189819363,0.203664836958,0.0261453436791
MC0262,-0.649802971307,1.06297251788,0.824791969884,B,0.151359266384,0.812297317731,0.0363434158846
MC0263,-1.57011388703,-1.82124863552,-0.542626703948,C,0.583321777836,0.326000033613,0.0906781885507
MC0264,1.28803118548,-0.0503957170043,1.63905175766,A,0.812470188349,0.0607377136076,0.126792098043
MC0265,0.142878395423,0.150361457345,1.95838454785,A,0.475572610875,0.301275401111,0.223151988014
MC0266,-1.53831919098,-1.42690621302,-0.112479883207,A,0.464281281939,0.431392286197,0.104326431864
MC0267,1.66002250727,-0.918846942291,-0.707667696568,A,0.978812097961,0.00890091259094,0.0122869894476
MC0268,-1.83588984848,1.32492095409,-0.892036291347,B,0.0278767545809,0.969436346583,0.00268689883622
MC0269,0.546971022015,1.11750009381,-0.801147407033,B,0.613393559809,0.374137638988,0.0124688012035
MC0270,0.505645559712,0.766005800463,-0.496843041614,A,0.674039838157,0.306155968451,0.0198041933923
MC0271,-0.545673702614,-0.515328442236,2.00978490444,A,0.367458714665,0.318381944593,0.314159340743
MC0272,-1.35316117923,2.28199579517,-0.464608072783,B,0.0177708387702,0.980526888913,0.00170227231716
MC0273,-0.264916155293,-1.17502711752,-1.10159536839,A,0.856253322632,0.115132139032,0.0286145383358
MC0274,1.25441745285,-1.55277866395,0.509889928322,A,0.934227158767,0.00969194650754,0.0560808947257
MC0275,0.177822446046,-1.09649463679,1.14749585283,A,0.743701636915,0.0848453019694,0.171453061116
MC0276,0.440896394776,0.429313373239,1.2450435162,A,0.603130743568,0.287402742068,0.109466514364
MC0277,1.87345206634,0.283483027622,0.147313075566,A,0.947870971244,0.0307637586153,0.0213652701404
MC0278,1.23178411256,-0.0349774129954,0.959016637852,A,0.865924467939,0.0629772491876,0.0710982828731
MC0279,-0.962093141992,2.58178716145,0.713598769783,B,0.0182621303974,0.977543618546,0.00419425105655
MC0280,-0.802362041173,2.02249359149,-0.45711021186,B,0.0560748671201,0.940147938266,0.0037771946142
MC0281,-0.724914582594,-2.03932744762,-0.324212661302,A,0.815912922498,0.0948347116978,0.0892523658044
MC0282,-1.49194860015,0.0749111926036,0.501806074549,B,0.137735468098,0.814608275379,0.0476562565226
MC0283,-0.941654055245,1.21347704512,-1.60647812939,A,0.136394989494,0.860125516038,0.00347949446859
MC0284,-0.359802815822,-0.00874193456207,-0.0649814150003,B,0.534722683917,0.417358750766,0.0479185653165
MC0285,-0.779211966166,0.270662677048,0.576058205239,A,0.274039296794,0.665153282725,0.0608074204811
MC0286,0.215639135182,0.843517160941,0.817746195533,B,0.462063377866,0.47649121154,0.0614454105939
MC0287,-0.473557582635,1.44307862437,-0.68804158524,A,0.173464572107,0.81872769809,0.00780772980294
MC0288,0.343511452802,-0.54279305888,1.04070794908,A,0.745683574504,0.124147818714,0.130168606783
MC0289,-0.923219653702,2.39039599611,1.62396712685,B,0.0201903044464,0.96837806874,0.0114316268139
MC0290,-1.64186092976,-1.11242981598,-2.43992725912,A,0.493359045697,0.495374208139,0.0112667461632
MC0291,1.6326260315,-1.68039358058,-0.174303057049,A,0.972973307907,0.00412399391449,0.0229026981781
MC0292,-0.605561216708,0.758093238754,-0.446540584638,A,0.26619353993,0.715889162676,0.0179172973942
MC0293,-1.1814844701,-1.2458644137,-0.189854468785,B,0.5551109005,0.356571534128,0.0883175653717
MC0294,0.779028493859,-1.14605583896,-0.559439293333,A,0.946258493514,0.027630364336,0.0261111421504
MC0295,0.77577255608,-0.719507219025,-0.871745394934,A,0.938615775825,0.043181509358,0.0182027148175
MC0296,0.384646170888,0.320707061774,-0.0495058955303,A,0.71145054382,0.251343197766,0.0372062584133
MC0297,-1.29298310955,-0.149867340904,0.692720943876,A,0.208976656135,0.713155085201,0.0778682586637
MC0298,-0.870388865228,0.457266342926,1.43058765092,B,0.175018023215,0.729491914645,0.0954900621397
MC0299,0.752084071432,1.15633608108,0.128279822188,A,0.625501650899,0.346706540203,0.0277918088976
MC0300,0.225705225987,-0.179701320301,0.477101278564,A,0.723741772088,0.200955797341,0.0753024305708
MC0301,0.945916726123,0.309740023149,0.606430630954,C,0.812973570053,0.131657781547,0.0553686484003
MC0302,-0.143418284036,2.00980380028,-0.318816731701,B,0.143601698953,0.849386187398,0.00701211364951
MC0303,0.790068306375,-0.498151792945,-2.32258187105,A,0.953946695349,0.0418545276663,0.00419877698473
MC0304,-0.191558507782,-0.404646881894,-0.575267359775,C,0.722240480559,0.241826866209,0.0359326532317
MC0305,1.95803155321,0.976979348745,-1.05714091982,A,0.945940246125,0.0484375796589,0.00562217421643
MC0306,-1.5102230612,1.06951098515,0.302887758634,B,0.0486269575753,0.938727928839,0.0126451135853
MC0307,0.17595989554,-1.29976052164,1.11023129424,A,0.759903581208,0.0676257858917,0.172470632901
MC0308,-0.633182139961,1.283579044,0.297688844224,B,0.137638928477,0.843498261994,0.0188628095293
MC0309,0.074845207494,-0.335718951801,-0.0715571725865,A,0.751593164067,0.197407212468,0.0509996234657
MC0310,-0.378678187186,0.38240985252,-2.22073256105,B,0.54173813565,0.452783076261,0.00547878808899
MC0311,-0.764085070524,-2.12522562934,0.237642322434,A,0.755401125213,0.0943529673675,0.150245907419
MC0312,-1.10657805709,-0.15806905227,-0.625718273074,A,0.331778581415,0.639167275417,0.0290541431681
MC0313,-0.778552922775,1.20863272386,0.371105912652,B,0.119945926604,0.860321500519,0.0197325728763
MC0314,1.05142903576,-0.622926814243,0.0125354593787,A,0.927636720012,0.0367945099614,0.0355687700268
MC0315,-0.56486861753,0.0269968360338,-0.383098920793,A,0.468084418832,0.496813581844,0.0351019993239
MC0316,0.247807800704,-1.01404868388,-0.727820944203,A,0.900279725484,0.0696714367124,0.0300488378038
MC0317,0.523666936695,0.738231446246,0.0871856127328,B,0.652787333995,0.31315527701,0.0340573889947
MC0318,0.896208776721,0.725960106002,-0.717013484831,A,0.806606332613,0.17886853969,0.0145251276975
MC0319,0.296696077119,0.948085858276,0.156743091987,A,0.509183482099,0.458126960564,0.032689557337
MC0320,0.680043022056,-0.803537568346,-0.4647789449,A,0.922506391348,0.0485126504473,0.0289809582043
MC0321,1.41830833357,-0.443534470152,1.45417794626,A,0.862329899715,0.0314669819203,0.106203118364
MC0322,-1.08363675464,-0.429111357644,-0.302868026206,B,0.391666108391,0.560439493382,0.0478943982269
MC0323,-0.0190542632143,-0.109732797556,-0.0146976339444,B,0.675728540155,0.273597860214,0.0506735996308
MC0324,2.39112069461,-1.60022758079,-0.223580590847,A,0.985761477227,0.00135341643651,0.0128851063369
MC0325,1.5129956509,0.250537802794,0.372427022545,A,0.913618250268,0.0530773636811,0.0333043860508
MC0326,-0.0747667633687,-1.50415546905,-1.09414049856,A,0.911258698317,0.0609856742097,0.0277556274731
MC0327,0.853499564317,1.3444817672,-1.29996607423,B,0.687942121861,0.305359665214,0.00669821292508
MC0328,0.861821868731,0.83026480025,0.0202050829018,A,0.743009522349,0.228640899345,0.0283495783057
MC0329,0.636859106098,-1.97288501457,0.843097423775,A,0.867606268021,0.0156101430892,0.11678358889
MC0330,1.33592378413,1.52702577621,0.68765981453,A,0.699396654088,0.265789031751,0.0348143141605
MC0331,-0.698360256526,0.693196400383,-0.0606850142743,B,0.236743988567,0.738081630053,0.0251743813802
MC0332,1.24058304546,-1.16470368399,0.305692751711,A,0.940063214147,0.0152489153954,0.0446878704578
MC0333,-0.540835953395,-0.195806458778,-0.835194777297,A,0.567497508439,0.405275538749,0.0272269528122
MC0334,-0.478853630208,-1.39445164463,-1.51970150802,A,0.862099407932,0.115382664246,0.0225179278221
MC0335,-0.353073238475,0.690353635329,-0.827804688526,B,0.388706399288,0.596217126708,0.0150764740044
MC0336,2.02102557376,-1.42429279693,0.887933681822,A,0.948405859544,0.00363125019223,0.0479628902642
MC0337,-0.332092474865,-1.05008235923,-1.74850196567,A,0.854013734087,0.130516024366,0.0154702415474
MC0338,0.854460108026,0.125488946678,1.4159276591,A,0.744679740848,0.131576751492,0.12374350766
MC0339,0.504321293421,-1.39379129396,0.212570433819,A,0.898087462142,0.0352800597487,0.066632478109
MC0340,-0.283562208555,2.04869318612,0.176293684174,B,0.103621450084,0.887256794484,0.00912175543152
MC0341,1.37469669441,0.821063583946,-1.07844138436,B,0.895715234507,0.0963219143862,0.00796285110694
MC0342,-1.38837618916,0.876965927352,-0.621847963175,B,0.0863875534246,0.905271619473,0.00834082710193
MC0343,-0.929194102591,-1.49665063491,0.598537254994,B,0.597898915694,0.222262464401,0.179838619905
MC0344,1.33780301811,-1.40113381288,-0.456560227345,A,0.970690660621,0.00871329821842,0.0205960411606
MC0345,2.87860688798,1.15706624183,-1.02999727309,A,0.98251210285,0.0143941471623,0.00309374998731
MC0346,-1.98277025819,-1.3411993911,-0.399535204051,C,0.311702073485,0.617163476057,0.0711344504573
MC0347,0.330595196604,-1.09411337825,0.151266873079,A,0.86964578148,0.0638445349736,0.0665096835463
MC0348,3.67324425936,-0.231774024027,0.2021608808,A,0.991959994476,0.000984910318334,0.00705509520551
MC0349,0.431691090115,-0.409001808465,1.84427326037,A,0.640601620698,0.127709034052,0.23168934525
MC0350,0.10118063942,1.08480177807,1.2244377867,B,0.332692509614,0.597037148526,0.0702703418598
MC0351,0.263165623125,-0.516915604079,0.872212768999,A,0.743797655927,0.14044948151,0.115752862563
MC0352,-1.00291172184,1.03438383404,-1.10980221084,B,0.138104606373,0.855743198027,0.00615219560004
MC0353,0.295615239531,0.602911221159,-0.108434909248,A,0.618860279117,0.349569230747,0.0315704901366
MC0354,-0.51525347624,-0.339439621719,-0.0474398443699,A,0.561630606394,0.3793405676,0.0590288260058
MC0355,0.374891426028,0.0374255968078,-1.17104012165,A,0.818497313057,0.167058913263,0.0144437736798
MC0356,-0.090796074554,-0.321400033966,0.810642085063,C,0.625256699699,0.259792797466,0.114950502835
MC0357,0.751833385042,1.57680209987,0.531118003421,A,0.485623307504,0.483420048035,0.0309566444617
MC0358,-0.334845689696,-1.03126485716,-0.702633041838,A,0.803154379,0.155439348669,0.041406272331
MC0359,-1.00046765636,0.320480158839,-0.151370432269,B,0.232626960034,0.738400599426,0.0289724405404
MC0360,0.491011420473,-0.277594679803,-0.110937907766,A,0.838899300507,0.120442348885,0.0406583506082
MC0361,1.31066957348,-0.415034653582,-1.23636561016,A,0.966021550956,0.0252998918127,0.00867855723082
MC0362,0.675919765679,-1.59324352893,0.736300975853,A,0.877643361935,0.0228999940971,0.0994566439683
MC0363,1.56152791971,-0.644006767881,-0.565633613784,A,0.970578926157,0.0147835223945,0.0146375514485
MC0364,1.06706993286,0.0660093266877,-1.06361340535,A,0.923044868245,0.0658154401157,0.0111396916392
MC0365,-0.869458037749,-0.642252460691,-1.82003484686,B,0.623343698846,0.36195539587,0.0147009052841
MC0366,0.280731430066,0.947448286646,0.206568615239,A,0.500054964975,0.465820050233,0.0341249847923
MC0367,0.0156841570949,0.590712837886,-2.92798649692,A,0.666942660767,0.330586229373,0.00247110985982
MC0368,-0.344425647286,-0.753078970935,-2.08431887846,B,0.819113801551,0.170501743227,0.0103844552217
MC0369,0.188100547653,-1.0492155752,0.295887382161,C,0.835152280622,0.0836609222861,0.0811867970914
MC0370,-0.681162638222,0.305892521256,0.517473419627,C,0.299950278773,0.641649788508,0.0583999327185
MC0371,2.00780853139,-0.695901982632,0.608165451009,A,0.957178232201,0.00848285167313,0.0343389161261
MC0372,0.698049899549,0.577878011954,0.925999979569,B,0.683692716588,0.242083411625,0.0742238717861
MC0373,0.452282495437,1.19440254184,-0.97230380584,A,0.564874152855,0.424865761766,0.0102600853785
MC0374,-1.86801070907,0.484309284815,-1.56704004745,B,0.0786197836978,0.917088185982,0.00429203032051
MC0375,-1.73125686341,0.382851248498,-0.328520087185,B,0.0847211127348,0.900628900562,0.0146499867031
MC0376,0.506012896435,0.737995149214,-0.481571500109,B,0.680183697375,0.29947236703,0.0203439355957
MC0377,2.246817497,0.251999174193,0.731452208596,A,0.95187948565,0.0183975939343,0.0297229204158
MC0378,1.27062113778,0.314070758899,-0.730994010133,A,0.918830137425,0.0680874943228,0.013082368252
MC0379,1.05933074714,0.124738948726,1.09869119563,A,0.816851076679,0.0975097701587,0.0856391531619
MC0380,-1.61034602264,1.43577013806,0.581871994295,B,0.0259481202581,0.964829469977,0.00922240976534
MC0381,-0.406534644198,-0.39938661778,0.538487882398,A,0.565001012093,0.335531750508,0.0994672373994
MC0382,-0.799443733773,0.106938738159,-0.0764023870539,B,0.341644584095,0.61765308661,0.0407023292959
MC0383,0.501233370782,1.41570852199,-0.72356961087,A,0.506251015601,0.482603562719,0.0111454216801
MC0384,-0.147735272888,-0.354888449864,0.331526228004,A,0.659569536024,0.262015312438,0.0784151515382
MC0385,0.52252771313,1.95523077457,-0.177017103891,A,0.333422868927,0.654741648934,0.0118354821384
MC0386,0.783142742596,-0.823694706651,2.38704914163,C,0.631222712464,0.0485991744466,0.320178113089
MC0387,0.138823236686,-1.6414276197,-0.2237784763,A,0.899691309054,0.0431838117472,0.0571248791993
MC0388,2.54857060356,-0.989711321636,1.00483702905,A,0.961113548746,0.00272834012922,0.0361581111252
MC0389,1.38025559954,-1.02224651521,-0.0197553732535,A,0.956832923321,0.013798680067,0.0293683966124
MC0390,-0.599500958127,-0.306152760637,-0.506654764278,A,0.5543219729,0.406763918301,0.0389141087988
MC0391,-0.536682760758,-0.14409633243,-0.211231496703,B,0.514409227137,0.439900968236,0.0456898046267
MC0392,-1.499567845,0.627713801006,0.422181177387,B,0.0784766832729,0.897670344266,0.0238529724616
MC0393,1.44807216503,-1.97361928969,-0.960864232248,A,0.984268041345,0.00336849750785,0.012363461147
MC0394,-0.268701702567,0.521962064475,-0.0233001631881,B,0.422078243491,0.54283634105,0.0350854154588
MC0395,-0.3134369774,-0.0538948218498,-0.12867187616,A,0.568322814053,0.385206900667,0.0464702852797
MC0396,1.32893598182,-0.93363778038,1.01472387975,A,0.90078491903,0.019289258452,0.0799258225177
MC0397,-0.826262897433,0.624690925543,-0.187618954777,B,0.220336590386,0.75693871244,0.0227246971748
MC0398,-0.398331047117,1.87199528854,-0.749564643552,B,0.125718406006,0.869445477151,0.00483611684281
MC0399,-1.24595166183,2.48230320444,-0.430043401027,B,0.0164994425572,0.98201287569,0.0014876817528
MC0400,2.67430982899,-0.501750142581,-0.964062623272,A,0.992661414631,0.00279150593423,0.00454707943485
MC0401,1.83391641026,-2.4237498309,-1.16689100981,A,0.990889577351,0.00102271294578,0.0080877097028
MC0402,-1.76778540273,-0.998099265143,-1.0863828087,A,0.339874220659,0.627683823786,0.0324419555552
MC0403,0.437321390612,0.881622927552,0.357094678353,A,0.567518839144,0.391868439245,0.0406127216112
MC0404,-1.67344047252,1.10834637545,1.78216669265,B,0.0266118559621,0.93946500954,0.0339231344983
MC0405,0.00448951351314,-1.66342160128,-1.28801873156,A,0.933738805463,0.043741786503,0.0225194080339
MC0406,1.18623559447,1.40930921907,-0.919501593528,B,0.760330113077,0.231145294037,0.008524592886
MC0407,1.39988509995,0.805932629298,-0.232927093401,A,0.87681385454,0.105320943593,0.0178652018676
MC0408,-0.845727232554,0.510772542485,0.830254668441,C,0.196781095568,0.745632966897,0.057585937535
MC0409,0.192841325204,-0.968182833603,0.219371114942,A,0.83546739038,0.0901522600797,0.0743803495401
MC0410,0.636980722514,0.611847925388,-1.58836164189,A,0.796757097324,0.195963004168,0.00727989850807
MC0411,0.270512050067,0.288717432005,0.300050927295,A,0.658652703326,0.288255780802,0.0530915158719
MC0412,-0.150012226905,0.265862163887,0.361466539289,A,0.510174225807,0.430996407232,0.0588293669612
MC0413,-0.302367281435,0.375515095371,-1.77613832194,A,0.550410863749,0.441352168458,0.00823696779266
MC0414,-0.0566150715495,0.800929614625,0.537181992091,B,0.391520143054,0.560692717895,0.0477871390511
MC0415,-0.173065338575,-0.633296871702,0.58847124642,A,0.67902578037,0.211727832293,0.109246387337
MC0416,-0.29927930146,-0.567796458566,-1.65293579451,A,0.77989657876,0.20562729709,0.01447612415
MC0417,-0.0967348031137,-1.80197273129,0.269781587136,A,0.841511247727,0.0536008059682,0.104887946305
MC0418,1.60399110353,-1.11845080712,0.709799891127,A,0.93865546034,0.00975599271862,0.0515885469411
MC0419,-0.513713330877,1.4000541314,-0.0554129264709,B,0.153562299015,0.832997002109,0.0134406988763
MC0420,0.738094953611,1.72094721829,0.596468424386,A,0.436036841837,0.534432352612,0.0295308055504
MC0421,-0.440992211524,-0.470522954657,2.91162912568,A,0.258046496742,0.238990931238,0.502962572021
MC0422,-0.581775435909,-0.102809094764,-0.759799977852,A,0.521319650459,0.451183068655,0.0274972808865
MC0423,0.984600645395,-1.19695929941,-0.0271202382653,A,0.940831229787,0.020689524967,0.0384792452461
MC0424,-1.35076464397,1.43649368467,0.475382734723,B,0.0395016749979,0.949974816147,0.0105235088551
MC0425,0.878314074008,1.63410301126,0.478584472016,A,0.521674782606,0.449610818776,0.0287143986184
MC0426,-0.206350497753,-0.666462317025,1.58632459021,A,0.545253059743,0.2103811637,0.244365776557
MC0427,0.522150044107,0.222363993169,-0.317932153313,A,0.784030872536,0.187215187091,0.028753940373
MC0428,1.12446541004,2.04770261222,0.606055035132,A,0.492606206772,0.482518649215,0.0248751440135
MC0429,0.287472526433,0.684247768389,-0.151159742863,A,0.59725300349,0.373624075524,0.0291229209852
MC0430,0.822717056112,0.706871342675,-2.48638687731,A,0.851528120461,0.145715118171,0.00275676136793
MC0431,3.46665081318,1.99905276903,-0.259462951625,A,0.978027666034,0.017919103698,0.00405323026806
MC0432,-0.570586874656,0.741495179532,-1.15110373662,B,0.312722688795,0.677106984059,0.0101703271454
MC0433,0.29694524911,0.306886619288,0.769222665982,A,0.626087679388,0.294855823207,0.0790564974049
MC0434,-0.12374667027,1.34952876308,0.531759999007,B,0.238270596792,0.733031134964,0.0286982682441
MC0435,-0.0151585281793,1.2033410782,0.0607263499868,A,0.328363467106,0.648413970149,0.0232225627448
MC0436,0.229898534102,1.61117933159,-0.371042359751,B,0.329642884398,0.658114528329,0.0122425872725
MC0437,1.25311014952,0.923088165359,-0.487448645211,A,0.844973351428,0.140406939955,0.0146197086169
MC0438,-1.7257083626,0.348782062167,0.817159417969,B,0.0701135029266,0.891779707707,0.038106789366
MC0439,0.00955344205326,2.96292427533,-1.19234664805,B,0.0756399058673,0.923100666303,0.00125942782954
MC0440,0.802566657825,-0.922682280425,-0.47292299708,A,0.937779440555,0.0350790748616,0.0271414845832
MC0441,0.3031433766,-0.89805559667,0.255375558347,A,0.844638937741,0.0837041230829,0.0716569391762
MC0442,0.237316840579,0.0347115328945,-0.293623858551,B,0.741342946766,0.224008826974,0.0346482262598
MC0443,-0.871165135262,0.0731762620559,0.392065399959,B,0.299466830113,0.640399673591,0.0601334962963
MC0444,-0.533281317904,0.921622627234,0.0324670668839,B,0.232030957026,0.744387306719,0.0235817362548
MC0445,1.02342792821,0.0278769912603,-1.17686254973,A,0.923739125682,0.0659584431651,0.0103024311531
MC0446,-0.166620149267,0.348614347559,0.734381738051,A,0.454481849278,0.469169345334,0.076348805388
MC0447,1.00280577389,-1.00377451926,-0.602750650692,C,0.955769712604,0.0229415162569,0.0212887711392
MC0448,0.100480418548,0.36807159703,-0.77070991947,A,0.648956756199,0.331007603336,0.0200356404652
MC0449,0.368199780755,0.162474183394,0.611118770566,A,0.691371775046,0.236689896016,0.0719383289383
MC0450,-0.825611372743,-0.631755495482,-0.603873424751,A,0.562989601961,0.393609017741,0.0434013802979
MC0451,-1.2290011075,1.67860724845,-0.127658068872,B,0.0406696612149,0.954016766417,0.00531357236765
MC0452,-0.052945296651,-1.45008161059,1.32904763258,C,0.69034235103,0.0772936422059,0.232364006764
MC0453,0.769856817766,0.925051317646,-0.823470128685,A,0.738135085792,0.249067388885,0.0127975253224
MC0454,0.071964001365,0.998721609419,-1.20776606043,B,0.485023445777,0.505712106868,0.00926444735473
MC0455,-0.0637589714785,1.02429531355,-1.10605342662,A,0.419012763713,0.571268557287,0.00971867899955
MC0456,-0.330903981864,0.694422664881,-0.666647456697,B,0.38741350773,0.595211435094,0.0173750571758
MC0457,0.143539884875,-1.04779542362,0.351696052382,A,0.823042787332,0.089687290954,0.0872699217144
MC0458,-1.25794179147,-0.673037176491,1.37240788328,A,0.268170855363,0.529095068127,0.20273407651
MC0459,-0.401554010193,1.70942180914,1.04326011492,B,0.106139896095,0.8688778997,0.0249822042052
MC0460,1.38855244449,0.147125142377,0.25319258494,A,0.91173199543,0.0557485197764,0.0325194847933
MC0461,-0.356723909614,0.593486277135,-0.0615878021455,B,0.372373716843,0.596167812881,0.0314584702757
MC0462,0.280779629489,2.21739857176,-0.377246728347,B,0.206696506885,0.786374467212,0.00692902590267
MC0463,0.0204368088785,1.999588016,2.00385269066,B,0.116306121344,0.831975468445,0.0517184102117
MC0464,-1.27784479276,0.230912511428,-0.547801686615,B,0.192043159096,0.788243047749,0.019713793155
MC0465,-0.652208610636,-0.872660483316,1.83848101673,C,0.407996225075,0.263827458312,0.328176316612
MC0466,0.670677185159,-0.514986601678,-0.515777057917,A,0.905879920103,0.0676727730818,0.026447306815
MC0467,-0.345072023081,0.226970435075,1.26661360395,A,0.377601602775,0.49851922717,0.123879170055
MC0468,0.244575833616,-0.46586027702,-0.614655615128,C,0.840985622653,0.129190721668,0.0298236556788
MC0469,1.03018817804,1.73888328116,-0.690325584929,A,0.616551019514,0.374066957235,0.00938202325155
MC0470,1.07412511383,-0.333496237809,-0.230148485937,A,0.925641488088,0.0477348449407,0.0266236669709
MC0471,-0.710098798284,-0.422893694744,0.388656897608,A,0.47652261332,0.433951250683,0.0895261359979
MC0472,1.15572562758,-0.313508097154,-0.47348225378,A,0.938606053181,0.0414434016622,0.019950545157
MC0473,-0.338621243509,0.555664539579,-0.478010836352,B,0.412759101379,0.564450901583,0.022789997038
MC0474,0.0400017246748,-0.479006183026,0.409624606836,A,0.729083644442,0.187710936226,0.0832054193311
MC0475,0.13946563003,0.249415954041,-0.750067371303,A,0.690429911939,0.288142493505,0.0214275945562
MC0476,-0.59462956502,0.698349140114,-1.0090666792,B,0.308982481875,0.679187695495,0.0118298226299
MC0477,-0.164023948659,-0.965722388857,0.0882171202521,A,0.777109526062,0.145009053136,0.077881420802
MC0478,1.6114395854,0.262182494437,1.45182250068,A,0.860235413233,0.0537254191858,0.086039167581
MC0479,-1.46351740554,-1.83511712987,-0.641438079938,B,0.630807001413,0.286632134222,0.0825608643646
MC0480,1.03213093447,1.01568190258,0.884509762001,A,0.70084235342,0.243859859493,0.0552977870873
MC0481,1.11177082696,0.682355178072,0.625040682596,A,0.797147439183,0.155405943158,0.047446617659
MC0482,0.160770218644,0.492334445477,1.4679326421,A,0.472705016054,0.397671808121,0.129623175825
MC0483,0.649419732502,1.19276687629,-0.823660898676,A,0.631918078186,0.356479331646,0.0116025901684
MC0484,-0.427158745381,-0.474547386962,-1.31307567655,A,0.706450504291,0.273591231054,0.0199582646548
MC0485,1.16721063014,-0.556572439206,-2.3894725658,A,0.975367256791,0.0215310402234,0.00310170298523
MC0486,0.344491808356,0.287250639447,-0.890742784335,B,0.752373331595,0.230119322862,0.0175073455437
MC0487,-1.04182035508,1.09277406661,0.560928901094,B,0.0899192005072,0.888325938251,0.0217548612419
MC0488,1.44103997084,-0.289411486331,-0.519695874287,A,0.956838488789,0.0272959324657,0.0158655787449
MC0489,0.38175575891,0.54633147069,-0.417004600906,A,0.681297701832,0.294531805321,0.0241704928467
MC0490,-0.407600290213,-1.78339900986,-0.0945063941104,A,0.828490179709,0.0824989327904,0.0890108875011
MC0491,-0.977619509747,-1.1012633362,-0.201474862106,A,0.593644886327,0.326575625222,0.0797794884508
MC0492,0.569368226245,0.341369122207,-0.967107497838,A,0.80475127532,0.180506274692,0.0147424499876
MC0493,-1.67201189634,-1.27057239436,-0.912368062994,A,0.436267810515,0.516107381436,0.0476248080484
MC0494,-0.947891503245,-2.08802229614,-1.59663451668,A,0.86397690327,0.104922164271,0.0311009324585
MC0495,-0.20180359854,-0.54171660086,0.773208567344,A,0.635409568562,0.240263762656,0.124326668782
MC0496,0.300685367727,0.296276739771,-1.34498344151,A,0.758692163961,0.229759917113,0.0115479189258
MC0497,-0.175064328206,-0.202099235123,1.88278462221,A,0.445856363664,0.303122681501,0.251020954835
MC0498,1.70248598144,2.82080637936,-0.478106802006,B,0.555120938846,0.439024281452,0.00585477970297
MC0499,1.37738541972,-0.562549002999,-0.0897945494857,A,0.950400231071,0.02357174636,0.0260280225693
MC0500,-0.621671977125,-1.69408503452,0.855435279711,A,0.662861923527,0.125139221093,0.21199885538
MC0501,-1.76643851218,0.950024019147,-0.738482436421,B,0.0463511079898,0.948497498221,0.00515139378934
MC0502,-0.785176974593,-1.18719006333,-1.09752075233,A,0.738971749479,0.225294993355,0.0357332571654
MC0503,-0.740720633379,0.551689796642,1.15167418942,A,0.201565836701,0.723160846445,0.0752733168539
MC0504,-0.097788599529,1.64638710271,2.13345919947,B,0.135589082223,0.787172160637,0.0772387571404
MC0505,-0.724104610084,0.200167375327,0.337546478386,B,0.320887340137,0.624760026511,0.054352633352
MC0506,-0.238852131886,0.331391278127,1.30035051459,B,0.387167124729,0.492138162099,0.120694713172
MC0507,-0.434594180046,0.884146962144,-0.968624971476,B,0.314580874988,0.674413379501,0.0110057455108
MC0508,-0.630854979976,0.466363104455,1.16049664819,B,0.245511133911,0.668104982842,0.0863838832464
MC0509,-0.647214767435,0.198260013933,0.396558304184,A,0.34383732636,0.597608562876,0.0585541107636
MC0510,-0.412009999488,0.399731590021,1.63868494018,A,0.290875745289,0.566528324929,0.142595929782
MC0511,-0.465941445251,0.960094841354,1.57323265555,B,0.179982319814,0.738872426354,0.0811452538322
MC0512,0.42422779024,-0.56080098606,-0.354212070449,A,0.870099888523,0.0942584010068,0.0356417104702
MC0513,1.56188663148,1.00455389816,-0.0557487627873,A,0.874759282895,0.106617222236,0.0186234948692
MC0514,-0.130855936868,-0.413750045261,0.97999350082,B,0.61115964376,0.250692315528,0.138148040712
MC0515,0.253412962202,0.929338310518,0.760396521766,B,0.45766117699,0.48684882773,0.05548999528
MC0516,-1.51160301019,-2.92744217075,-1.41363880858,A,0.845219144395,0.0958229661013,0.0589578895036
MC0517,0.0155310867848,-0.0377731291291,0.0752108540698,B,0.664568950055,0.282591760022,0.0528392899229
MC0518,-1.80127842956,-0.587309928158,0.193895552619,B,0.183209754632,0.754974807141,0.0618154382268
MC0519,0.951681822255,-1.77604557573,-1.04459791917,A,0.975161329722,0.00920491640686,0.0156337538715
MC0520,0.801440544475,-0.543769043354,0.562495762946,A,0.868678079588,0.0630951583476,0.0682267620644
MC0521,-1.03480071269,-0.433660639266,0.152706091875,B,0.38049373434,0.548561447564,0.0709448180959
MC0522,-1.75472901294,0.478014216888,0.872337252264,B,0.0577705030145,0.908803817328,0.0334256796572
MC0523,-0.840089177693,0.931470675203,0.217787870763,B,0.150253352831,0.826986157675,0.0227604894943
MC0524,-0.0397847040093,-0.648862151153,0.907102834811,A,0.682406752712,0.179839970677,0.13775327661
MC0525,0.944687856776,0.183522753164,-0.426764146048,A,0.878742793196,0.0996701411984,0.0215870656058
MC0526,-1.47285304878,-0.995617304618,-0.0441653835033,A,0.378295939112,0.538435564908,0.0832684959797
MC0527,-0.19944138488,0.624199379439,1.66362319346,C,0.307956595232,0.561621962127,0.130421442641
MC0528,1.12954704449,1.74551146766,0.640663968914,A,0.576548598417,0.392497794859,0.030953606724
MC0529,1.8069617423,-0.58780900762,-1.03719776804,A,0.982421242262,0.00983621546191,0.00774254227594
MC0530,0.820686790161,-0.80207327135,-0.00144852734702,A,0.916261489095,0.0422846990925,0.0414538118126
MC0531,-0.578198529773,-0.750170307552,0.706009596469,B,0.563812759766,0.299117779744,0.137069460489
MC0532,-0.347242029603,-0.589855419122,0.081051847752,A,0.666165173713,0.261258088179,0.0725767381082
MC0533,0.184872402764,1.07402221962,-0.696353299394,B,0.479744293628,0.506241283043,0.0140144233288
MC0534,-0.143890772172,-0.782919471188,0.700917243108,C,0.697646246272,0.17743733112,0.124916422608
MC0535,-1.38193055613,0.847710853862,-0.327080324406,B,0.0850960320177,0.903888721172,0.0110152468098
MC0536,2.1077965324,-1.01319042455,2.07737109062,A,0.864321845354,0.00598416289733,0.129693991749
MC0537,0.208796430297,0.724547687453,-0.943329312745,B,0.602853834786,0.383136699999,0.0140094652148
MC0538,-0.689676549987,1.01249690211,-1.0716156132,B,0.211782426208,0.780328586779,0.00788898701214
MC0539,0.107567411534,0.852724131513,-0.658756845399,A,0.511428876693,0.471829767052,0.0167413562551
MC0540,-1.35186910777,-0.591748921176,-2.29208312533,B,0.447389582022,0.543432229006,0.00917818897184
MC0541,1.46266014842,-1.20668199188,-0.680555670122,A,0.976450535841,0.00866713540207,0.0148823287573
MC0542,0.663007898204,-0.661950151102,-0.898328464925,A,0.926743374856,0.0544268817583,0.0188297433862
MC0543,1.99773292482,0.413100349631,-0.618779231914,A,0.965115396123,0.0257346818149,0.00914992206177
MC0544,-0.872216694832,1.17063553542,0.393432944111,A,0.10897109103,0.871380355829,0.0196485531409
MC0545,-0.742027894411,-1.01049675318,-0.946704750394,A,0.706158664756,0.255992341246,0.0378489939977
MC0546,1.64850698641,-1.17060320544,0.292452515536,A,0.958181439454,0.00801402099784,0.0338045395482
MC0547,1.11438885651,0.499159292169,-1.21155475167,A,0.894802298373,0.096569294469,0.00862840715828
MC0548,-0.666109668276,0.764997868549,0.351799155573,A,0.214559322806,0.751986976975,0.0334537002185
MC0549,-0.908826398945,-0.864153901549,-0.626120768954,A,0.594021175114,0.357390267059,0.048588557827
MC0550,0.955048613962,-0.442073942201,0.953234249863,A,0.85280876493,0.0591818950452,0.0880093400251
MC0551,-0.41392175128,1.41561085245,0.631182561302,B,0.152288357003,0.823052629047,0.0246590139504
MC0552,-1.69283017002,0.923857899661,0.355170682827,B,0.0430046357446,0.94340890125,0.0135864630053
MC0553,0.813716591845,-0.145455777706,0.159690930691,A,0.865057126972,0.0916741327105,0.0432687403173
MC0554,0.350098886947,0.424321368769,-1.56785241187,A,0.755468781157,0.23575553507,0.00877568377288
MC0555,-0.0495232376526,-1.36124277387,-0.252288020544,A,0.86299737406,0.0779213430743,0.0590812828659
MC0556,0.428015803636,0.92354682493,1.59799766336,A,0.456056300242,0.430801188503,0.113142511255
MC0557,0.585352817436,-0.168811315518,0.362641629054,A,0.815189013958,0.126066588134,0.0587443979079
MC0558,0.186250464466,0.606219867001,0.417671492294,B,0.54239343951,0.407071577864,0.0505349826258
MC0559,-1.19438536973,-0.400240101897,0.661104562553,B,0.286526495218,0.614482464644,0.0989910401376
MC0560,0.0413151478053,-0.220004912854,-0.827063776767,A,0.765689247058,0.209611017918,0.0246997350237
MC0561,-0.703608659444,-0.354624367539,0.813755979929,B,0.425685820561,0.453355857189,0.12095832225
MC0562,-1.27934939621,1.25490518888,-0.242706305637,B,0.062228668814,0.929939756808,0.00783157437806
MC0563,0.263385275075,0.646824482272,-1.61384600397,B,0.677749838563,0.3144364497,0.00781371173747
MC0564,0.50477386236,0.21231617067,-1.54934045297,A,0.833008673256,0.157956106681,0.00903522006318
MC0565,-0.0794392428406,1.42505768316,-0.0711319332205,A,0.260092083202,0.723413771246,0.0164941455522
MC0566,-0.714765071336,-0.694022439175,0.717500059501,A,0.505868429779,0.358014616688,0.136116953532
MC0567,0.719480127201,-1.2684427271,1.22299979871,A,0.824589106286,0.0326611302332,0.142749763481
MC0568,-1.13623809588,1.25681436041,-0.386841820917,B,0.0789086326831,0.913314652064,0.00777671525256
MC0569,0.21228665657,-0.302881375302,-0.624565989445,A,0.811918223645,0.159392565785,0.0286892105707
MC0570,-0.113410700705,-2.41375018389,0.0185024765861,A,0.881732656158,0.0263257170208,0.0919416268208
MC0571,0.847815891913,1.26943522575,2.08588676465,A,0.476939332477,0.384284626932,0.138776040591
MC0572,1.51552919892,-0.0521823219924,0.380587826287,A,0.927543384429,0.0373820868947,0.0350745286761
MC0573,-1.70605718586,1.01720028144,0.65543437834,B,0.0356632817577,0.949124848646,0.0152118695961
MC0574,-0.285633508735,-0.562071827554,1.02971623987,A,0.583810215394,0.259315800334,0.156873984273
MC0575,1.38124710069,-0.218286848518,-0.265793422891,C,0.94509149129,0.0339939808485,0.0209145278611
MC0576,-1.77991914111,0.753571194593,0.453040424924,B,0.0447631922083,0.938375645239,0.0168611625522
MC0577,-1.33872980595,-0.22299290187,0.720490275064,B,0.209183005226,0.70746188425,0.0833551105238
MC0578,-0.374483658687,-0.819851616638,-1.9487723931,A,0.818292240677,0.169493905523,0.0122138538004
MC0579,0.812472864601,2.72085419964,-1.82344657722,B,0.309448251703,0.688950909282,0.00160083901483
MC0580,-0.239019035731,-0.198100587186,0.637898721907,B,0.568362234801,0.335307643665,0.0963301215345
MC0581,-0.808635115414,-0.473526699826,0.288303136491,A,0.461599794373,0.453930018505,0.0844701871225
MC0582,0.936953390504,-0.921555289842,1.8051322786,C,0.76647664746,0.0365192279303,0.197004124609
MC0583,-1.1775166568,1.34804939543,0.350511936226,B,0.0581485680098,0.929632703347,0.0122187286431
MC0584,-0.0943891542259,1.57077988638,-0.727757479939,B,0.24948619474,0.742342403066,0.00817140219417
MC0585,0.4379434205,0.219037255934,0.354844002009,A,0.720673555479,0.224368615256,0.0549578292648
MC0586,0.345957278653,-0.0423013893112,-1.09303065342,A,0.821726211301,0.162147727783,0.016126060916
MC0587,1.30049407207,-0.205119060067,0.0959713688425,A,0.927402356634,0.0414566539995,0.0311409893667
MC0588,0.000135938008279,-1.99970009317,0.7163349687,A,0.811216365214,0.0381659664486,0.150617668338
MC0589,-0.873833283996,-2.19482939135,0.0243454476835,C,0.76571683678,0.100486110194,0.133797053026
MC0590,1.3797165881,2.24786274606,-0.655736871872,B,0.604248628731,0.388668630181,0.00708274108773
MC0591,-2.09412211438,0.322880433792,0.429914073897,B,0.045345453489,0.932943494758,0.0217110517535
MC0592,-0.0709508784051,1.90575460887,-0.163855768817,B,0.170935636461,0.819703650417,0.00936071312224
MC0593,-0.631952823276,-0.164496671443,0.150317415371,B,0.458433360783,0.478955137286,0.0626115019306
MC0594,-0.301321544791,2.01090404661,1.03019735622,B,0.0893121178227,0.891919583434,0.0187682987435
MC0595,0.640662389277,-0.305477658128,-1.73612084369,A,0.919478151649,0.0725988514389,0.00792299691228
MC0596,-0.910390666814,0.392095486723,-1.342461347,A,0.294529306499,0.695079267097,0.0103914264044
MC0597,-1.62788729311,0.102091029939,1.22959408586,B,0.0946003500968,0.831065738097,0.0743339118059
MC0598,0.0494185981725,0.635749723262,-0.564751973708,B,0.545402231345,0.433721697195,0.0208760714602
MC0599,-0.696760277296,1.23031063426,0.779660103385,B,0.121333690308,0.850365065866,0.028301243826
MC0600,0.859696417362,0.973986418051,-0.231165218127,A,0.725585765827,0.253158473919,0.021255760254
