obs_id,x1,x2,x3,y,mcar_x2,mar_x3
MS0001,-1.6693683214,0.500730467663,-0.343608421136,-1.40369175716,0,0
MS0002,0.353348663831,0.0173785177424,-1.85471364054,1.65148750302,0,0
MS0003,-0.136924089378,-0.0148276831017,-0.269462354619,4.81484479159,0,0
MS0004,0.146002517018,0.419959363036,-2.53425592596,1.42046508984,0,0
MS0005,0.151928647598,-1.61499168384,0.662150964334,5.42586719606,0,0
MS0006,-0.279576664779,0.00539045154814,-1.81360082572,2.67237894276,0,0
MS0007,0.521040179554,0.458433823875,,4.09985821884,0,1
MS0008,2.20448095082,0.652090897262,,5.65621385816,0,1
MS0009,-2.34254081729,0.535089523597,-0.509223381335,-0.328799743717,0,0
MS0010,-2.15801360342,2.10667687107,-1.01542691779,0.611815203813,0,0
MS0011,-0.543661250151,-0.126406019928,0.00913351670228,3.13584319156,0,0
MS0012,0.19338745516,-0.634684821835,-0.743896697548,3.65045529504,0,0
MS0013,-0.0236651181795,-0.565463191807,0.852104034431,5.17731631338,0,0
MS0014,0.167409772662,-2.05998672519,-1.25498301064,5.42730264066,0,0
MS0015,-0.600011680882,0.13272037471,,2.66445492333,0,1
MS0016,-0.891299425657,-0.37945498165,-1.65134276312,3.33829823802,0,0
MS0017,1.03307831875,-0.684889301588,1.43277465016,4.02895723438,0,0
MS0018,-0.523456020462,-2.2583663926,0.234321211046,4.6808331503,0,0
MS0019,0.339485105264,,0.279228815814,3.52637063184,1,0
MS0020,0.816415535481,-1.04150294174,-0.68802741684,4.39932473962,0,0
MS0021,1.00381429349,,-0.40120566317,4.82188339604,1,0
MS0022,-0.740938829892,0.525910355224,-0.293062518898,0.92319232279,0,0
MS0023,1.59446423432,-0.363530067539,,5.43844094556,0,1
MS0024,1.14040082707,-0.123630363511,-0.324525701162,6.30569704815,0,0
MS0025,0.209642808835,0.814406812945,0.434253050823,2.49006819783,0,0
MS0026,-1.23652781492,0.277483804927,0.0193971466263,0.737664926524,0,0
MS0027,2.31100117987,-0.521803914955,0.783907368975,5.22378000887,0,0
MS0028,-0.239417799114,-1.11091978248,0.120718480506,4.02638268358,0,0
MS0029,0.23588112304,0.471697044655,0.93780020665,1.67402050917,0,0
MS0030,1.05074728338,-1.26505614431,,5.95757638313,0,1
MS0031,0.603609901826,0.924554655892,1.03309077946,2.30636901781,0,0
MS0032,-0.53733920693,0.878888541768,0.177749155564,-0.0392648481588,0,0
MS0033,-1.10534442524,-0.289634467038,1.69172542145,2.4404793294,0,0
MS0034,0.779688281787,0.162499314008,2.93927331076,4.99895965375,0,0
MS0035,1.06422833771,1.09947976513,,3.42637928595,0,1
MS0036,0.347331139249,-0.578291529575,,4.11056259926,0,1
MS0037,0.883884764566,0.607853355628,0.917423850855,3.82903209393,0,0
MS0038,1.43079590824,0.0576153557821,-1.26600054468,2.57261890999,0,0
MS0039,0.920917361082,-0.725756376681,,4.02552879974,0,1
MS0040,-0.59410322787,0.969909737259,0.241799478588,-0.970306778317,0,0
MS0041,-1.08541099331,-0.810598296812,-2.30938990981,2.63805156041,0,0
MS0042,-1.29856291027,,0.841361248012,1.80027531789,1,0
MS0043,-0.135965085404,1.1396348367,1.15585416609,2.67618782012,0,0
MS0044,-0.528015190657,-0.275355395977,,2.92592771678,0,1
MS0045,-0.745564401988,-1.47245833528,-0.927110329906,4.71640018727,0,0
MS0046,-1.97771866534,0.313602825901,-0.144328536446,-1.07849823565,0,0
MS0047,1.94610149215,0.19652344002,,6.81003041748,0,1
MS0048,-1.3824483432,-0.0472625334426,-1.48102601935,1.21801522159,0,0
MS0049,1.39695166276,0.985891594,1.26329384268,5.26354063865,0,0
MS0050,0.00715266265932,-0.622974609193,-0.273386902181,3.35550654549,0,0
MS0051,-2.38378409631,,0.544968545733,-4.22494532138,1,0
MS0052,1.21356153517,0.547199021574,-0.112941030668,4.06428491448,0,0
MS0053,0.0911050228658,-0.39077780076,0.0315404722318,2.9217794331,0,0
MS0054,0.641726977757,1.38601838048,,4.29092396605,0,1
MS0055,-0.69324378809,,0.183089287121,1.05095033376,1,0
MS0056,1.03976609829,0.124262379612,-0.0244179993203,4.56565440275,0,0
MS0057,-0.602085422639,,-1.04363552511,0.540868941246,1,0
MS0058,0.78977175195,1.09983575902,,2.84405325455,0,1
MS0059,-0.789179341357,-0.203729573845,-0.388624730122,2.89132793003,0,0
MS0060,-0.00575137121505,-1.8758685855,-0.355307996397,4.97877997747,0,0
MS0061,0.93186421761,0.217829068028,,4.16547852008,0,1
MS0062,2.66441831997,,,6.76804321724,1,1
MS0063,-0.329115282546,,-0.904259317664,2.78522026188,1,0
MS0064,0.825186014297,0.437776122721,,5.80849434469,0,1
MS0065,-0.278083014331,,-0.789323377115,2.31340187379,1,0
MS0066,0.253054007156,-2.27559483017,-0.0822458966462,5.28336974629,0,0
MS0067,-0.993770838853,0.233654643965,1.23697369464,2.48809273814,0,0
MS0068,-0.268494728261,-0.42004562423,-1.34080095281,2.82870913536,0,0
MS0069,-1.53203438503,0.192329549734,-0.910933653365,-0.57599894406,0,0
MS0070,0.446007739396,0.936320617635,0.989632067404,3.84540912609,0,0
MS0071,0.744680388971,-0.136122380691,-0.476012396324,5.34303933664,0,0
MS0072,-0.3666602574,1.13178032778,-0.323259317142,0.534856132225,0,0
MS0073,-0.0492118172658,-0.379994600279,-0.135571252504,4.00320783881,0,0
MS0074,1.9226747759,0.781617417024,0.268049073045,6.07713581018,0,0
MS0075,0.962880112316,0.942881025283,1.56977850107,4.50143559079,0,0
MS0076,1.04380618628,-0.585620007073,,4.30580145413,0,1
MS0077,1.58223596654,2.03989915954,1.05964174886,2.64201327645,0,0
MS0078,-0.831962191534,-0.06981986093,-0.843571638153,2.53791843646,0,0
MS0079,-0.62179692235,-0.558261436276,0.782702179821,2.99689009612,0,0
MS0080,0.40515574019,-1.37786630601,0.939355933436,3.91538392172,0,0
MS0081,-0.304215658,-0.625803176639,-1.19676347002,3.4601554936,0,0
MS0082,0.718975372198,1.1149592291,-1.81532866263,3.00895773563,0,0
MS0083,2.0356609474,0.659534460261,,6.23972585004,0,1
MS0084,-0.296223460412,1.11947535574,-1.48071466399,-0.490481207464,0,0
MS0085,0.146110722707,,,4.23594696311,1,1
MS0086,-0.746452245701,-0.458656533139,0.67694644733,2.35712773846,0,0
MS0087,1.72331009159,0.421394032129,-1.64770230767,6.76471963984,0,0
MS0088,0.937155101189,0.194105442191,-0.602499662139,5.57608281841,0,0
MS0089,-0.279734535389,0.830318317091,1.36892964805,2.69079898517,0,0
MS0090,0.459665742231,-0.106774494652,,2.81292020723,0,1
MS0091,-1.0979713123,0.249655915915,-1.26807794785,0.495867988305,0,0
MS0092,0.0869384953773,0.628337604486,-1.28650248865,2.67688580975,0,0
MS0093,-0.329044010458,-0.622995094184,,3.19633244897,0,1
MS0094,-1.13652489175,1.71224535533,-0.431360605733,-1.23250373479,0,0
MS0095,1.6464161211,1.2855908659,-0.19302331957,4.86416617617,0,0
MS0096,0.310180876065,-1.10301312504,-0.543824115668,3.19647960375,0,0
MS0097,-1.97785854854,,-0.136236559693,2.11266867237,1,0
MS0098,-1.08174257927,1.07797156271,-0.688091013499,1.29076350654,0,0
MS0099,-0.851558389195,-1.3041218321,1.55461151967,3.23018991275,0,0
MS0100,-0.890204747377,-0.269654789249,1.67916725286,2.80686668822,0,0
MS0101,1.22457531712,1.60264978059,,3.15020611309,0,1
MS0102,-0.222332071488,,1.46686311318,3.69262134599,1,0
MS0103,-0.128958979136,0.626246720417,0.882431685083,4.39301209474,0,0
MS0104,0.0686407756781,-0.615755565781,,4.26444911515,0,1
MS0105,0.529181886213,1.24699097557,0.486418560543,5.0502659783,0,0
MS0106,0.420668119929,0.280872623818,-2.08627040166,2.43620658488,0,0
MS0107,1.8130252123,0.686865883387,0.619826466815,4.0104179506,0,0
MS0108,0.962488581293,-0.249332457601,-1.94881519561,4.65576091236,0,0
MS0109,-0.197814299406,0.846030079864,,2.13611066037,0,1
MS0110,-0.954608109856,,1.71950522317,0.574939738659,1,0
MS0111,0.528586493696,-0.720010370963,1.89151986824,5.85076349108,0,0
MS0112,-1.12111226907,0.423057302882,-0.446793568422,1.42620113856,0,0
MS0113,1.62583810629,-0.072679042609,-0.189989215649,3.54577807644,0,0
MS0114,-1.19089773036,-1.78208773992,-0.463787936092,4.54072214309,0,0
MS0115,-0.514330643941,0.778298271418,0.766205384689,2.27009187434,0,0
MS0116,-0.355447206212,-1.69636488955,0.527815574024,4.37963418055,0,0
MS0117,-2.25805664008,,0.936238955188,1.25282249733,1,0
MS0118,0.218974342336,2.3895138924,4.12713474502,3.510623422,0,0
MS0119,0.907827980574,-0.24613133927,0.0687043925666,5.300752354,0,0
MS0120,1.97042081706,0.428742875594,0.723007333582,4.42238843108,0,0
MS0121,0.560669521995,-0.552522623635,0.108304368486,4.70635481354,0,0
MS0122,-0.143153731532,0.761411196959,-0.0393347921416,3.07000769794,0,0
MS0123,1.88905525393,-0.566665208581,-0.0579863683184,7.43914138123,0,0
MS0124,0.200384574731,-1.58145867994,-1.01457094103,5.39494612468,0,0
MS0125,0.266053147369,0.0248401610804,,2.53420098691,0,1
MS0126,0.44477290841,-1.56742275895,,5.61598460035,0,1
MS0127,-1.14982641189,-0.393113443933,-0.581547663075,1.63021670492,0,0
MS0128,0.623243105637,0.861230198508,-0.365511594606,4.65319843002,0,0
MS0129,1.83160985966,,0.24800021065,5.19554895663,1,0
MS0130,0.152296768102,0.949141287923,-1.30358692529,2.12284300752,0,0
MS0131,1.96341054893,1.1909133837,,5.07226456177,0,1
MS0132,1.09580624095,-0.910122590005,,4.44509309967,0,1
MS0133,-0.0494678743434,-1.7252397241,-0.765550631843,3.8090577746,0,0
MS0134,0.557516046764,1.13256924141,-1.15343812042,2.32966750286,0,0
MS0135,-0.145769869438,-0.493103756518,0.34420993765,3.48500503963,0,0
MS0136,0.214371845306,2.50255768568,1.11466327487,1.87135797476,0,0
MS0137,-0.597060046862,,0.82943449682,2.47595793897,1,0
MS0138,-1.07734094032,-1.65097543068,0.0412655992849,2.58269352983,0,0
MS0139,-1.53144012528,-0.427318764024,-0.276591638147,1.83561606714,0,0
MS0140,-1.39078971061,-2.08016882095,0.821995644707,2.59443397221,0,0
MS0141,-0.693524729829,3.1728756491,1.63319316024,-0.754003655051,0,0
MS0142,-0.268214579554,-0.201400813666,,2.0156132287,0,1
MS0143,-0.689696704332,-0.237757186303,,0.561735577409,0,1
MS0144,-0.701989232777,2.64263621075,-0.125268268955,-0.91487063727,0,0
MS0145,-0.338300056989,0.820988205851,1.75040777777,2.32793859227,0,0
MS0146,1.09341365354,0.0718404922615,-1.50078932738,5.74583206092,0,0
MS0147,0.125751476043,1.07274036641,,1.49197756082,0,1
MS0148,0.756116464263,0.416794625541,0.299542519349,4.00261807992,0,0
MS0149,1.0304404375,,-0.742769719087,2.80251681183,1,0
MS0150,1.49121647431,0.33559686395,0.0834763528905,4.65782611443,0,0
MS0151,1.53124767491,-2.1377177149,-0.579068042844,6.48507723246,0,0
MS0152,-0.274382245458,1.28665922418,-0.88824035755,0.485638312798,0,0
MS0153,-0.331911590607,0.534242946126,-0.130728767038,3.53489225845,0,0
MS0154,-0.206595198568,2.1545522502,0.990126009845,0.47157504936,0,0
MS0155,1.47134208358,1.41824461626,,6.69524433926,0,1
MS0156,-0.766120611324,1.36404858938,-0.472305552214,-0.221506299086,0,0
MS0157,1.60426488229,1.07356642803,1.54078981105,3.14368950419,0,0
MS0158,-0.457732922234,-0.737394851805,-0.105781168041,2.60076268694,0,0
MS0159,-0.958414547273,0.0990762817071,-0.618973576292,1.32483848114,0,0
MS0160,1.22443924232,-0.990906559306,-0.520848893642,4.42097969728,0,0
MS0161,-1.40414211081,2.26715844681,-0.587133455231,0.276911265429,0,0
MS0162,0.901286545148,1.47599746682,-1.08344206188,3.13531948516,0,0
MS0163,0.729008002917,-1.85501782138,,6.02970252064,0,1
MS0164,-2.36038368848,-0.176980090433,-0.0155155040617,-1.22768285761,0,0
MS0165,0.364619418297,-0.247986832511,0.947674507788,4.73806793868,0,0
MS0166,-0.724512283221,0.481803241272,1.00225637889,1.66100977954,0,0
MS0167,-1.59887044136,1.01361839654,-1.4771557444,0.242438436779,0,0
MS0168,-0.446724573251,-0.402209558326,,3.83385289763,0,1
MS0169,-1.4663645297,0.344937277473,1.35902777083,0.518233953064,0,0
MS0170,-0.480623526803,,-0.908484986916,0.741308075887,1,0
MS0171,1.19967640769,0.116426711108,-1.58456466822,5.1440840962,0,0
MS0172,1.13289106313,-1.24589542748,-0.441506230191,4.55295138173,0,0
MS0173,-0.74627543395,-0.181918309111,0.584695916415,2.95394690969,0,0
MS0174,0.241661995249,0.489584853192,,0.0311223092166,0,1
MS0175,-1.52290648032,0.190186004173,0.0157538774889,0.776410593608,0,0
MS0176,-0.163786286397,-0.912507247577,0.623931094756,1.99650030494,0,0
MS0177,-0.587740325143,0.0924602829901,-0.92462841846,2.08282119692,0,0
MS0178,-0.312377621329,-0.0486715354187,-0.552801025358,2.1073930061,0,0
MS0179,1.26601929234,0.437484986885,1.94731176548,4.90503945715,0,0
MS0180,1.61194116973,-0.601556308344,,7.32086909112,0,1
MS0181,-0.0550079143582,2.02165750596,-1.06399979795,-1.02970939948,0,0
MS0182,-0.527931484427,-1.21243482997,-2.49189064303,2.71159476754,0,0
MS0183,-0.738640148617,-0.300463418002,1.63861366337,2.78118159557,0,0
MS0184,0.19618128471,1.10712901721,0.29869296157,1.54858572976,0,0
MS0185,1.03085663434,0.256340622769,,2.85293695094,0,1
MS0186,-0.227189467454,,-0.39712349897,1.70661597521,1,0
MS0187,1.10131235793,-1.2008862656,,6.51610409968,0,1
MS0188,-0.814342726862,-0.642116337354,-0.406067400598,1.81434492196,0,0
MS0189,0.801833646717,,-0.434132699757,4.82498109217,1,0
MS0190,0.998830082907,,-0.0440156214857,6.38590452724,1,0
MS0191,-0.372543099606,0.671822457825,-0.219845106349,1.17438161291,0,0
MS0192,0.76115150599,-0.981093610526,-0.980892411618,5.20147152333,0,0
MS0193,-0.397418456709,0.407078268856,0.679862155952,1.10575874201,0,0
MS0194,-0.377407223826,0.0441428171503,0.973468286752,4.2909414402,0,0
MS0195,-0.816197461889,0.983042969668,-0.73907978456,1.02082046947,0,0
MS0196,2.47743532558,,,6.16346995895,1,1
MS0197,-0.99840341476,-0.276092970928,1.17180278695,1.52133832393,0,0
MS0198,0.756959063043,-0.621954131793,,6.35769598724,0,1
MS0199,0.661872050143,0.826761337222,1.12369871835,6.62710608634,0,0
MS0200,1.09984294876,-0.578570494302,0.962822595794,5.20794491262,0,0
MS0201,-0.365614532345,-0.989742143378,0.551602785259,3.04122052691,0,0
MS0202,0.0307419278174,1.13649815079,0.714621889425,3.78513792392,0,0
MS0203,0.504944542067,0.515403573262,-1.5379166551,1.37975028562,0,0
MS0204,-0.51893881294,-1.59587394248,-1.06256271824,2.59136064408,0,0
MS0205,-1.27011132603,-0.255165655073,0.188470990079,-1.00049253936,0,0
MS0206,1.76711266043,-1.06416838882,-0.244945506241,5.76820825588,0,0
MS0207,-0.809492131578,0.788568234588,-0.15671996853,0.621238193514,0,0
MS0208,0.352201380493,-1.8057122508,-0.298282242443,6.26853423293,0,0
MS0209,1.42893733532,-0.961362175367,,5.39664226192,0,1
MS0210,-9.89289936163e-05,,-0.307129719435,2.07332099092,1,0
MS0211,-0.215333791089,-0.291369813861,-0.245014634078,3.15494939452,0,0
MS0212,-0.775526806381,-0.723694647811,-0.930788745487,0.267858178216,0,0
MS0213,-0.58071342345,-1.23939689612,-0.597695117267,2.62900375274,0,0
MS0214,-1.28158122572,0.616725718324,-1.17637156044,-0.695155637305,0,0
MS0215,0.617440869808,-0.453880560091,0.332197202038,3.80972253305,0,0
MS0216,-0.592156680028,1.52722909658,,1.24508261209,0,1
MS0217,-1.23545913291,,0.872869775752,1.16555536906,1,0
MS0218,2.84356069196,,,7.1964963237,1,1
MS0219,0.0581670867566,-2.79861151214,0.817521866601,6.35896065611,0,0
MS0220,0.166914676664,0.950589608723,,2.57616319189,0,1
MS0221,0.658965448097,-0.257958815681,-0.0511042035178,2.41472752729,0,0
MS0222,-1.35955968287,,-0.474299242072,-0.0622208441866,1,0
MS0223,0.888903929967,,-0.0812395270666,4.62719573743,1,0
MS0224,1.58842079599,0.0984863760401,,6.24075678469,0,1
MS0225,-0.654477775862,1.29060570016,1.69098277253,1.94340869143,0,0
MS0226,1.27398245403,0.613758370221,-0.2599842582,5.23439794901,0,0
MS0227,-1.40900646592,1.48219127922,1.38172057765,0.302305946076,0,0
MS0228,-0.317669332908,1.16655844451,-0.321370750544,1.61435810948,0,0
MS0229,-0.0506572589885,1.13724637855,,1.16189203532,0,1
MS0230,-0.771281334008,0.633872909653,-1.13232568058,0.286131072566,0,0
MS0231,-0.483592553257,-0.827512339016,-0.364252259024,2.67022281954,0,0
MS0232,0.110635471065,2.27192051856,,0.392946879289,0,1
MS0233,0.0532221269938,-0.316405495534,0.690917171298,5.58722429771,0,0
MS0234,-0.533341951945,-0.542609013857,1.32798644137,3.76352691762,0,0
MS0235,-0.717928880692,-0.334975112513,0.419902799289,1.25118103772,0,0
MS0236,0.449001267126,,-0.899570990615,3.6872133827,1,0
MS0237,0.175110204895,-0.966499890601,,4.23224137705,0,1
MS0238,1.3764729213,-0.300671732237,-1.64112953728,4.51598380167,0,0
MS0239,-0.432486036236,1.8118034752,-0.204254508407,0.226594226979,0,0
MS0240,-0.226322808562,,-0.765485501136,1.60772668374,1,0
MS0241,0.0112136262933,-0.0256133169909,1.26727596521,4.91325581809,0,0
MS0242,0.287956776021,-0.785778896308,0.662207188214,4.48686798367,0,0
MS0243,-0.103755381168,0.362107169845,0.280151731535,3.53806195418,0,0
MS0244,-0.383250334416,1.89585396871,-0.423917061674,-1.99992756601,0,0
MS0245,-0.431403914862,0.249638388068,,2.61905639279,0,1
MS0246,-0.106983493198,0.286146792405,-0.436902732093,2.09827987662,0,0
MS0247,0.973796638923,-0.213027219561,-1.66190860303,2.84896614586,0,0
MS0248,0.509283826241,0.45925674763,1.25466650401,4.51212040238,0,0
MS0249,0.0462234202274,0.306179016822,-0.681748266369,2.67574940186,0,0
MS0250,0.979914407584,0.229139687856,1.00228175562,4.14161489459,0,0
MS0251,-0.807285205935,-0.572361353262,,1.95349490806,0,1
MS0252,0.318894279538,0.436469775699,,2.89293850778,0,1
MS0253,0.445108431406,-0.130827782244,0.358382403392,4.08838162789,0,0
MS0254,-0.309725194831,-0.616615227979,0.548668191069,2.31873329037,0,0
MS0255,-0.54150268548,-0.882638015684,-0.511410206873,2.80255055,0,0
MS0256,0.708921482501,1.92773855926,0.905710363321,3.45644506056,0,0
MS0257,-0.330591451681,0.30029027976,-1.14122192185,2.30142613029,0,0
MS0258,-0.475106223363,1.10814248106,-1.34604566492,0.48869035965,0,0
MS0259,-1.07160587018,0.145441173785,-0.803651623889,2.47534471685,0,0
MS0260,-1.27485309329,0.277452060327,-0.90279757844,0.450078938634,0,0
MS0261,-1.34030799546,-0.156824807538,0.0450779636345,1.55258623865,0,0
MS0262,2.22489000757,2.05136445304,,4.2565487502,0,1
MS0263,1.18276071749,-0.690267695169,,4.81611936805,0,1
MS0264,-2.43447517576,0.474022662749,1.26754672519,-0.36497948546,0,0
MS0265,-1.3925112977,-0.241469827352,-0.476988229464,2.13037859217,0,0
MS0266,-0.537892606962,,0.447882326773,4.77540296493,1,0
MS0267,1.3588995334,1.06525891961,-0.6722374413,2.65610992989,0,0
MS0268,-1.77277964396,1.76663277484,1.70158372931,-0.204151326353,0,0
MS0269,0.714250485891,-1.80614419539,0.244978021808,5.94277261438,0,0
MS0270,-0.857405613178,0.660516237568,0.489226128825,1.91045512652,0,0
MS0271,-1.34682837763,1.16434213519,-1.10353697842,0.0944874124619,0,0
MS0272,-0.538164894646,1.57494950803,,1.04488513413,0,1
MS0273,-0.268698145363,1.52531598195,-0.688209804301,0.304605111644,0,0
MS0274,-1.32911445357,-1.57548984026,-0.5276414569,3.11036006523,0,0
MS0275,0.187173517557,-1.69041794555,-1.16171356068,4.72730910806,0,0
MS0276,-0.712341869863,-0.531582186921,,2.43509592393,0,1
MS0277,-1.2770178178,0.699505371214,1.30691695928,0.528397043875,0,0
MS0278,0.303626238426,0.810776233894,0.464167534945,4.42085316758,0,0
MS0279,-0.923399807846,,0.660316082485,0.278532922614,1,0
MS0280,0.023255707518,0.303708107355,-0.234313451433,4.57434871604,0,0
MS0281,-1.3866443183,-1.63623649793,-0.957052816031,0.710947642578,0,0
MS0282,-0.344552103094,0.487622081534,0.657502647684,2.70330901863,0,0
MS0283,-0.462063092439,-2.16968938206,-0.134182935493,1.9025454642,0,0
MS0284,0.232380453028,-0.0790929121446,0.200349621927,4.13637882205,0,0
MS0285,-0.808523130004,0.231449005178,-0.064471222633,0.513548746466,0,0
MS0286,2.37821946252,0.105060390324,,5.37464345987,0,1
MS0287,1.31815203649,0.365200031441,-0.886875925539,4.01246733338,0,0
MS0288,-0.184436069101,1.13032238189,-1.31506167836,0.423569164877,0,0
MS0289,-0.138596712724,-1.60805453412,0.285616964607,3.4554788216,0,0
MS0290,-0.531143664497,0.720934482111,-0.710824543407,0.991242062097,0,0
MS0291,2.32290254474,-1.78807493938,,8.70981614807,0,1
MS0292,-0.309944497589,0.755797028597,0.323337684167,2.61912828811,0,0
MS0293,-1.51272580146,0.408597937908,,-0.13355038109,0,1
MS0294,-2.08435944551,-1.33948388934,-1.51768118895,-0.0649364715014,0,0
MS0295,1.68030295157,-0.608775749405,-1.50124301237,4.74680727476,0,0
MS0296,1.26079668343,0.443661397202,,3.87535877932,0,1
MS0297,0.945241062574,-0.822001713091,,4.61318364672,0,1
MS0298,-0.608608706126,,-0.883089170902,1.705112244,1,0
MS0299,1.05353412891,-1.57172045883,0.58112177583,5.42882012107,0,0
MS0300,-0.188495329094,-0.251794935415,0.744712442638,2.53871801805,0,0
MS0301,1.20605243506,0.873308988673,-0.462777732546,4.94299405149,0,0
MS0302,-1.16528705416,0.210445477458,0.171734863642,2.75104982319,0,0
MS0303,0.388964032434,-0.0829739892443,0.398608751847,3.13399692399,0,0
MS0304,0.300261907152,0.382461732611,-1.35756926314,2.64816613259,0,0
MS0305,0.669573261244,-1.29453479103,0.27249152648,5.60022427773,0,0
MS0306,0.0674501567855,-0.0125008432193,-0.477914733065,1.25714153315,0,0
MS0307,0.0637658415714,,0.851943921999,3.14565306875,1,0
MS0308,0.793443404252,-1.2681640168,0.434293338776,5.70405975187,0,0
MS0309,-0.476274491416,-1.53353695582,1.1008603312,4.25058126087,0,0
MS0310,-1.20671007877,,-0.366253065124,-0.00772400747424,1,0
MS0311,-0.475408578641,0.612950630449,-0.949375098141,1.75720778299,0,0
MS0312,2.04306382208,0.0289074906876,-0.0978591927452,6.63207610591,0,0
MS0313,0.0251224861104,0.989148495624,1.12659648929,3.53691589451,0,0
MS0314,1.17093055871,-0.431801165422,,6.44175842922,0,1
MS0315,-1.0041490138,,2.6199388793,4.2647414826,1,0
MS0316,-0.811253630562,1.38487381095,-1.81237599509,0.975987277547,0,0
MS0317,-0.506774772935,,1.67153626672,1.37248233779,1,0
MS0318,0.551986454622,-0.226176865016,-1.41182198167,1.89717977462,0,0
MS0319,0.712891807743,-0.19151991085,-0.420008527253,3.34779919145,0,0
MS0320,0.651201648418,0.631839499417,1.23491741468,5.55286320948,0,0
MS0321,-0.443570487917,-0.146382259447,-0.374736911707,3.52569552089,0,0
MS0322,-0.114761213302,0.284494247613,,2.76479000798,0,1
MS0323,0.666456465282,-0.766809217141,,5.53902825103,0,1
MS0324,-0.2656030147,,0.191654782394,1.84411887622,1,0
MS0325,0.293887480766,-0.325262105661,-0.735348115547,2.45529900807,0,0
MS0326,-0.621307452959,,-0.289293165096,0.508503687479,1,0
MS0327,-0.246020745237,0.802943692615,-1.1857438341,0.591698987176,0,0
MS0328,-0.863107506212,-0.867031332477,-1.41431267567,2.70868944546,0,0
MS0329,-1.29749866334,1.63144479118,-0.146289756445,-1.28364986789,0,0
MS0330,-1.12889512911,0.554328157306,-1.95394432823,1.07215661955,0,0
MS0331,0.860217779254,-0.297172005236,,3.06503709412,0,1
MS0332,0.17944644637,-0.884346096454,1.38182667907,4.04810982307,0,0
MS0333,1.17182048827,0.595567701764,-0.322878464006,4.06081807017,0,0
MS0334,-0.568550650569,,-1.32324718559,2.15073656615,1,0
MS0335,-1.09134440153,-0.310196121411,-0.46508558296,1.81819931247,0,0
MS0336,-0.401312069867,,-0.788396934184,2.71454972447,1,0
MS0337,0.080537777273,-0.811478084545,0.747027909474,3.57728180656,0,0
MS0338,-0.849813885826,1.03842771208,-1.16491065792,-1.44106894078,0,0
MS0339,0.403122127135,-0.380269369587,-0.975985605041,4.74678613829,0,0
MS0340,0.856707652065,0.32723453291,0.881987266665,5.3412224071,0,0
MS0341,0.217432797295,0.192807276258,0.923773079672,3.35744527693,0,0
MS0342,0.792090114443,-0.99742136025,,7.72853389557,0,1
MS0343,0.329594917588,0.183224097243,-3.74570375526,2.16871718811,0,0
MS0344,1.14166521885,1.41703026386,,5.3166755292,0,1
MS0345,1.74620660868,-3.20561860332,-0.118945105738,7.04686456657,0,0
MS0346,-0.508118983765,2.32770214226,0.901745462375,-0.922772674385,0,0
MS0347,1.07375922854,,,3.33981759035,1,1
MS0348,0.801517423132,,-0.272746160639,1.59670679689,1,0
MS0349,-0.363211881205,-0.104923729395,2.13551431267,6.01824416216,0,0
MS0350,-0.00391217461462,-0.341945627806,0.680498429751,2.24745480553,0,0
MS0351,0.189278259728,,,4.28272979187,1,1
MS0352,0.425235019882,0.984517307564,0.229408784202,2.20935236606,0,0
MS0353,1.56503155998,-0.863913253351,,5.47237886766,0,1
MS0354,-1.60255966214,2.15873283076,-1.00506053427,-1.42893582216,0,0
MS0355,-0.269835664855,,,0.544103983139,1,1
MS0356,0.940472284328,-2.02669630123,-0.576769146184,7.8089715979,0,0
MS0357,-1.83687919838,,-0.633384021946,-3.61578158915,1,0
MS0358,0.726404334534,-0.371665965184,0.531156588949,5.77106504996,0,0
MS0359,-0.39382323109,,1.56367344067,1.68193343172,1,0
MS0360,0.119033289249,0.533332324085,0.316298950446,4.30656930615,0,0
MS0361,2.24405959831,-0.0120862879439,-0.698121622983,8.26560530324,0,0
MS0362,-0.257788306908,2.44274590771,-0.676052708975,2.3950498312,0,0
MS0363,-1.63897132718,0.700084583799,-0.204738602467,1.26156856131,0,0
MS0364,1.61389423241,0.263556885465,-1.44111771342,3.6810317801,0,0
MS0365,-0.856726692628,0.814173041677,0.205294374319,-0.692125639598,0,0
MS0366,-0.341946456125,-1.39993187879,,4.76899656904,0,1
MS0367,0.875599044265,-2.16417204115,0.719604169272,6.37178626606,0,0
MS0368,-0.282152046356,,-0.615887593843,2.25120874994,1,0
MS0369,-0.0626496666497,1.04944374124,0.852853429841,3.37991864161,0,0
MS0370,-2.07110931328,-0.475840298978,-1.11564418833,0.492063087586,0,0
MS0371,-1.8332900404,1.34988159061,1.32148443239,-0.814716381004,0,0
MS0372,-0.287615456075,-0.108472479939,-0.427838971561,5.16126728805,0,0
MS0373,-0.110266495734,0.0397457583611,-0.560095003167,2.94552035259,0,0
MS0374,1.05233729047,-0.848623404851,1.82097807038,5.76484834634,0,0
MS0375,0.290454188582,-0.0700150017556,-0.758062335637,2.05749241708,0,0
MS0376,0.339500033001,0.75825851274,1.2238070677,3.86889196103,0,0
MS0377,-1.06470657049,-0.397003318813,0.353163541019,0.527218437638,0,0
MS0378,-1.68940410726,,1.0050420928,2.53719522061,1,0
MS0379,-0.654245174268,1.90256005361,0.530773381273,-0.51725485537,0,0
MS0380,1.39535748574,0.234390318933,,4.96436740081,0,1
MS0381,0.29550251827,0.880536829539,-0.859462943246,2.64118371233,0,0
MS0382,1.69966061184,,,4.34959817597,1,1
MS0383,-0.46630149975,,-0.435517257117,0.970637808366,1,0
MS0384,1.14720267927,0.183241953957,,3.72242535625,0,1
MS0385,-0.0176922919153,1.77070748875,1.38685572338,2.46570076221,0,0
MS0386,-0.837095939157,1.88852715575,-0.137140720207,-0.476411068362,0,0
MS0387,-0.773679038362,-0.536614836133,-1.11369828906,2.77640729407,0,0
MS0388,0.507316631926,1.43704562041,,4.42829615843,0,1
MS0389,1.22309276234,-0.52618510772,-0.113832186751,5.13794537493,0,0
MS0390,-0.197094315259,1.20425652096,1.69273821497,2.06598895735,0,0
MS0391,0.0436896116971,0.443057317599,-2.00433953427,1.99490628243,0,0
MS0392,1.44681994736,-1.15400997795,,5.71929361087,0,1
MS0393,-2.43755246275,,-0.996881948964,2.623098144,1,0
MS0394,-0.143563600221,-1.69963506722,-1.40894652944,4.62905058973,0,0
MS0395,-1.15359394334,-0.265033967655,-1.30165859373,1.31574851715,0,0
MS0396,0.177170254508,3.00504773619,-0.334906165985,0.942819122454,0,0
MS0397,-0.166561231371,0.532448421567,-0.588293211748,2.75667725003,0,0
MS0398,0.935451491228,1.12811266949,-0.442024813645,3.89245537762,0,0
MS0399,1.60443036789,0.512047767885,,3.94748256452,0,1
MS0400,-2.23281438511,-1.09466686443,1.80707665291,3.5695186808,0,0
MS0401,-1.76433408572,-0.460348325666,-0.624884086892,1.40114799016,0,0
MS0402,0.0326824307436,-0.828965258466,,2.73478799388,0,1
MS0403,0.0183757103253,0.13297978313,-0.949225007068,2.51187693135,0,0
MS0404,0.518530717497,-0.412825306118,,4.32011423024,0,1
MS0405,-0.706378151524,-2.29123402315,0.303950625267,2.52857595037,0,0
MS0406,2.49939123597,-1.76823165806,,8.84717576363,0,1
MS0407,0.39357969988,0.0996417352062,-0.9809687318,2.81537526833,0,0
MS0408,-0.50461372221,0.742796517325,0.92290662476,2.60718682245,0,0
MS0409,1.08299591678,-0.829113172849,2.05928064374,6.33989356054,0,0
MS0410,-0.718226433838,0.140062827286,-0.208799022788,1.5734963179,0,0
MS0411,1.61779310687,-0.124169001932,-1.38490048955,6.06920288057,0,0
MS0412,-0.51604269347,0.910579601626,-0.442494718792,0.469296747191,0,0
MS0413,1.12769979505,-0.600472231086,0.855888170203,5.91340082422,0,0
MS0414,-0.153246142574,0.755417273694,-1.74029359693,0.649007223456,0,0
MS0415,0.0733566048941,,0.6641347158,3.05797014797,1,0
MS0416,1.12839239487,-0.176044205014,,4.82066319855,0,1
MS0417,-0.266263660649,-0.024950035147,3.26125595382,5.50419343997,0,0
MS0418,-0.951995613345,0.0202460213997,0.362328203868,2.46117827313,0,0
MS0419,0.725133774932,-0.957363723259,0.950555926269,5.95923896732,0,0
MS0420,-2.68458557191,,-0.110184491567,0.186841441077,1,0
MS0421,-0.577146489404,0.0120999797252,1.35904134529,0.835335382739,0,0
MS0422,-0.349100422135,0.649431107856,-0.0831746552077,3.01489459552,0,0
MS0423,-1.32843792202,,-1.42808405964,0.862550216639,1,0
MS0424,-0.987644112723,-0.317925813088,-0.114000046864,3.02498326564,0,0
MS0425,0.770324072181,0.0769344000853,1.51881670392,4.48969451978,0,0
MS0426,0.824592750107,1.1921239005,0.526510541287,2.97467447435,0,0
MS0427,2.26635697572,0.562666423444,,3.91917135574,0,1
MS0428,0.497560502728,-1.14997155447,-1.53664770762,3.79323149702,0,0
MS0429,0.0769370038399,-0.873556181945,0.365785618015,3.21292769826,0,0
MS0430,-2.39853974701,-0.25345697461,1.27445323966,0.446090405678,0,0
MS0431,0.0477166063493,,-0.17343346194,-0.710653371104,1,0
MS0432,-1.75519916206,-0.892270409974,0.675497061918,0.521955585585,0,0
MS0433,-1.1076270178,-2.17164469592,0.0093998444727,3.49789022592,0,0
MS0434,0.70213417702,-1.00353085275,,3.74379215596,0,1
MS0435,-1.49966798718,-0.238761873679,1.16844205134,-0.0145609203793,0,0
MS0436,-0.367573209418,0.523100147134,-0.527237016514,1.66635149391,0,0
MS0437,0.00842178946023,-0.24698605674,-1.32990627981,3.17872990599,0,0
MS0438,0.810318562784,-0.736195903454,-0.349539471254,4.08083014874,0,0
MS0439,-0.0462343115445,1.00356036045,-1.41356016771,1.36294660811,0,0
MS0440,-0.390771648058,0.270515291941,0.011034238841,2.59821817748,0,0
MS0441,-0.286653774953,-0.25541612699,0.393448840108,2.45413452457,0,0
MS0442,-1.21486976335,-0.427835044096,-0.67742974746,0.305301429235,0,0
MS0443,-1.6201048635,1.14607251949,-1.10017486522,1.47695861484,0,0
MS0444,-1.31715991332,-1.14213121969,0.0375394788967,3.0042590415,0,0
MS0445,1.8752042304,0.688764108751,-0.454325359144,5.72614587642,0,0
MS0446,1.18994196764,-0.942012405848,,4.89545654272,0,1
MS0447,-0.363276519607,-0.272238965104,-0.148443171196,2.75264635185,0,0
MS0448,0.0503143535998,-0.482366145663,-1.4079051282,1.08434940395,0,0
MS0449,-1.63103258814,0.96966054536,0.383938849742,1.29542021542,0,0
MS0450,-0.346943946463,-0.786436511044,-1.26796827462,3.85147578222,0,0
MS0451,0.452424468662,,0.488043412609,5.16333094257,1,0
MS0452,-0.435226485237,0.191964465068,0.414087003006,2.03314304778,0,0
MS0453,-0.884132859479,0.535001729667,0.681608783034,1.024914363,0,0
MS0454,0.645925672097,0.635766833259,0.783800313549,3.66841726352,0,0
MS0455,0.882611566403,-1.55598528187,-1.17939232963,5.7568589067,0,0
MS0456,0.732992228474,-1.15192848977,1.18563635645,4.96522556385,0,0
MS0457,-0.443574817155,0.370538229427,0.863435814107,2.9380641839,0,0
MS0458,-1.06767398318,-1.3980058945,0.20239326069,3.78930792412,0,0
MS0459,-1.29330562444,1.18101658759,1.52494854614,0.0047193999789,0,0
MS0460,-1.48936853269,-0.511412159666,-0.302039247916,-1.02910385298,0,0
MS0461,-1.08314499433,-1.00949336019,1.31922983826,1.745301408,0,0
MS0462,-0.338061750337,-0.133875985091,-0.132055786399,3.24050031742,0,0
MS0463,0.320781491014,1.57245926092,,2.82337027838,0,1
MS0464,-0.378175664578,2.52164679732,-0.931493885149,-0.0177833927108,0,0
MS0465,1.48502566563,,,3.32537460125,1,1
MS0466,-1.43090550963,-0.073066678584,-0.113302292511,-0.272672677975,0,0
MS0467,-0.852491011339,0.965345324486,-1.97016045591,-0.226321657244,0,0
MS0468,1.77587554986,-0.352860619801,,4.66829857411,0,1
MS0469,-1.33095181622,-0.515641896224,0.210830237922,2.03010013222,0,0
MS0470,0.907242534348,-1.50927433726,1.4024293724,8.20937520793,0,0
MS0471,0.462061715214,,0.0127829558285,5.45142661922,1,0
MS0472,-0.885118076367,-1.23402545557,0.59721264665,0.704626633388,0,0
MS0473,0.378975634769,-0.175998848896,1.97779137231,3.42719250046,0,0
MS0474,-0.97986320072,0.36275053037,-0.189152701755,2.40147898408,0,0
MS0475,-0.737559994901,0.0127131400344,-1.0843900084,1.90073132996,0,0
MS0476,-0.611893955637,0.835792711347,-1.28945370721,1.15809932121,0,0
MS0477,-0.582071440256,-0.884335827745,1.30846832983,2.10587105776,0,0
MS0478,-0.0345822803051,-1.3378780384,-1.26309703142,3.02818418107,0,0
MS0479,-0.724764822931,,0.466193885318,0.948250382879,1,0
MS0480,-1.22075902224,-0.700575832339,-0.773928077338,1.55367213036,0,0
MS0481,0.63487832117,-0.26448162576,-0.131055359406,4.1418700142,0,0
MS0482,0.964937619448,-0.592443700972,,5.4920415094,0,1
MS0483,-0.57517461091,-0.118030327667,0.813311664569,3.38124634311,0,0
MS0484,-0.505528590019,-1.32246381303,-0.352007343444,1.4378669841,0,0
MS0485,0.259139340983,0.170998777258,2.26093460989,3.91329210141,0,0
MS0486,0.989796234938,,-0.398969274551,7.74941178694,1,0
MS0487,-0.352068686475,1.1202600567,-1.57178602466,-0.145527893179,0,0
MS0488,0.0236774953048,0.758317216329,-0.935188906152,-0.00970181073041,0,0
MS0489,-0.419886723159,-0.911312151227,-2.33067196486,3.72527166627,0,0
MS0490,-0.596331395663,-0.0267474699142,0.191421353227,2.2516466759,0,0
MS0491,-1.66979863201,-1.70011861517,0.619631564522,2.42126484041,0,0
MS0492,1.62682855171,-0.202804614975,1.02911554898,7.11402199086,0,0
MS0493,0.907708246426,-1.28254037751,0.795073941073,5.26792447874,0,0
MS0494,0.526981447892,-1.22199832752,0.319009728735,5.60950487157,0,0
MS0495,-0.541478116068,-0.107837549598,2.38380781876,3.19091660369,0,0
MS0496,-0.819918732696,-0.684037163722,,2.80249886223,0,1
MS0497,-0.685585424674,0.150060363371,0.40608026286,3.49718846079,0,0
MS0498,0.659215666601,1.77550014007,0.189921639365,3.31527252878,0,0
MS0499,0.0154867471353,-0.199299111147,-1.00429550522,2.44372670613,0,0
MS0500,-0.0883266858234,-1.16109163693,1.01861440901,5.18178939792,0,0
MS0501,-0.0039584972862,-0.345159231889,1.4734595548,2.29077936086,0,0
MS0502,1.53925167945,-0.738248551681,0.682806951846,5.40074881854,0,0
MS0503,0.828389057408,-0.303857244541,0.324639900121,4.6583007003,0,0
MS0504,0.461394504677,0.0943608128486,0.146816130142,5.78625407393,0,0
MS0505,0.246205527808,-0.382168276209,0.173102100172,3.03322452174,0,0
MS0506,-2.01859233716,0.607258583104,-1.36433535353,-0.47739272087,0,0
MS0507,0.0951394783929,0.583973826489,,2.80183292821,0,1
MS0508,0.170623638403,1.38541344777,,1.73096575525,0,1
MS0509,-1.34753170482,0.649554886555,1.05388289845,1.17175988698,0,0
MS0510,-0.698782570927,-0.358351757122,1.45147472454,2.91010708628,0,0
MS0511,0.48383077497,-0.983303017873,-1.20826174742,4.05978642358,0,0
MS0512,-0.436475813267,-0.225565012676,-1.70731317408,2.61894285758,0,0
MS0513,-1.7529388145,0.428526351763,-1.76431420316,-0.798662760893,0,0
MS0514,2.30058596272,-0.324746380491,,7.03476924235,0,1
MS0515,0.0872048781844,0.640547271371,-0.821571943498,1.41793635529,0,0
MS0516,-1.79088289643,-0.261659701422,0.217976207396,0.56782941201,0,0
MS0517,-0.563405865459,-0.540815266712,0.245353125812,1.88091971766,0,0
MS0518,0.286625554454,-0.489262848062,1.75856931167,6.01209431139,0,0
MS0519,-0.944616223699,-1.80570030625,-0.255477457602,4.03813194547,0,0
MS0520,1.46520467927,-0.925730435747,0.760840100197,4.81900768176,0,0
MS0521,-0.865268700424,1.27390663301,-0.139016976766,1.2993946085,0,0
MS0522,-0.48136036035,,0.320667627312,3.84207137451,1,0
MS0523,0.506699353169,0.589618500994,,3.69775303951,0,1
MS0524,-0.746865788164,-1.1732419275,0.28704454875,1.52321071938,0,0
MS0525,0.0152789739743,-0.325991172486,,2.86544359849,0,1
MS0526,0.428972617939,-1.19801761215,2.49204610039,5.23323901867,0,0
MS0527,-1.11229698531,0.446236729261,0.0334334257964,1.46335062418,0,0
MS0528,1.6728383849,-0.233676516734,-1.08973765097,4.54190924877,0,0
MS0529,1.06820066476,-0.446946387905,,3.33840834804,0,1
MS0530,0.421038328144,-0.704988913465,,2.5569780207,0,1
MS0531,-1.56496528965,-1.13597498731,0.0363243358588,1.12367054851,0,0
MS0532,-0.467796433048,0.437459569065,0.62497883357,0.897243187458,0,0
MS0533,-0.250739359294,0.267852098245,-1.11887773273,1.30189766986,0,0
MS0534,-0.0305737655428,1.77474838398,,-0.916153483989,0,1
MS0535,0.158470488039,-0.208823869396,1.9982750139,3.60919835397,0,0
MS0536,-0.772199128758,-0.768434597047,-0.695526845725,1.50649046398,0,0
MS0537,-0.672501784575,1.60197345538,1.68802946903,2.22172677794,0,0
MS0538,-0.274351287635,-0.0525547902991,,3.43697315615,0,1
MS0539,-0.108871102237,-1.36083858184,0.810426876829,2.93641035341,0,0
MS0540,-0.351860946792,,1.25468073548,2.27809697672,1,0
MS0541,-1.64085079985,0.21154900961,-0.157585407409,0.838313496175,0,0
MS0542,1.10096270797,2.12643547799,-1.36658036803,2.83508308843,0,0
MS0543,-0.895906897373,-1.37009681737,0.686059272359,4.11468727519,0,0
MS0544,1.06859300408,0.653620628846,0.739565295153,3.44949702367,0,0
MS0545,-0.604070389375,-0.430207244495,0.0605253255899,2.59580552146,0,0
MS0546,-0.162198562842,-0.253644331771,0.0641404894095,5.71325773755,0,0
MS0547,-1.0540179314,-0.402476358215,0.542284020187,1.59646915445,0,0
MS0548,0.856057775581,0.277382463169,-0.690057335014,2.97006284248,0,0
MS0549,0.53226817283,0.495844643512,0.751238739411,4.35308703192,0,0
MS0550,1.06737044237,-0.285792713643,-0.706464110942,6.51687056567,0,0
MS0551,0.654606370249,0.743899946205,,4.49797211685,0,1
MS0552,0.663689179908,-1.64491362587,1.21277648445,5.55586090125,0,0
MS0553,0.272869791678,0.233185507872,-0.292301933023,3.04192686989,0,0
MS0554,0.441875511957,-0.421295374957,-0.264226060664,4.46581474954,0,0
MS0555,-0.574661086492,0.861109770697,0.48693558376,0.945890036343,0,0
MS0556,-0.302555392995,-0.627466339748,-0.52439324722,4.4765604293,0,0
MS0557,-0.214575040161,-0.766818031335,-0.532893218362,2.81796373054,0,0
MS0558,-1.3677675188,-0.441227660395,-0.527033278764,0.347454252944,0,0
MS0559,-1.52373050703,-1.1217047344,-0.759670315591,2.81134268757,0,0
MS0560,-0.274398495341,0.588661897904,0.776998076682,1.65153573661,0,0
MS0561,-0.517414818176,0.701743484861,,2.29120632479,0,1
MS0562,-0.852728269157,-0.338341804862,-1.3646899679,2.29287558171,0,0
MS0563,-1.44956517482,,0.383346819022,0.742911374318,1,0
MS0564,0.137819290799,-1.99863315331,-0.978470692576,4.35836477825,0,0
MS0565,0.370166573479,-0.800633182037,-0.123163276532,3.14185769337,0,0
MS0566,-2.36806814002,2.37962570565,0.739307280887,-2.79802450517,0,0
MS0567,0.555698756406,-0.64038849592,-0.434474519561,4.43771692263,0,0
MS0568,1.64302686397,-0.459172389598,,6.17000935593,0,1
MS0569,-0.260251276332,-0.446824089605,-0.618570664502,1.35525776881,0,0
MS0570,0.59271041509,-1.40618000562,3.05937497105,7.71612758602,0,0
MS0571,0.508457633409,-0.305442274749,-1.10681732699,4.55806464228,0,0
MS0572,0.455357583041,1.24370424653,0.118599003197,2.73177902334,0,0
MS0573,0.241889097623,0.913681165549,,4.31470937118,0,1
MS0574,0.240605592295,-1.31709904165,-1.97425482986,3.79651947871,0,0
MS0575,-0.546372142336,0.548421477672,-1.4925176316,0.0998605975673,0,0
MS0576,1.13028255011,-1.33528693955,-1.1428228149,5.00462075106,0,0
MS0577,-0.219075204002,1.00637174932,0.519964121902,2.68555022442,0,0
MS0578,0.136755213896,0.406552300565,-0.967348243352,2.08171248968,0,0
MS0579,-1.34895034985,-1.1721725434,-0.312307157206,2.26342203851,0,0
MS0580,-0.880343729092,1.23183618184,,-0.557672905108,0,1
MS0581,-1.00297599055,1.19686847286,0.0944003200362,1.71996333483,0,0
MS0582,-2.55817953268,,-0.0850809722557,-0.584463444494,1,0
MS0583,-1.33545141245,1.50209128736,1.44440593646,-0.778668441361,0,0
MS0584,-0.529171349393,-0.202940312663,0.672406608856,3.80967010089,0,0
MS0585,0.990401758794,-0.668482538244,0.280046676264,4.95002384857,0,0
MS0586,-0.278622320068,0.112772892498,-0.138257308132,2.28450433096,0,0
MS0587,0.202089493195,0.520790686079,,4.20917566196,0,1
MS0588,1.66368484135,0.771282914088,1.21561607156,7.05256146337,0,0
MS0589,-0.147201410112,-0.0125805668819,1.4666870846,4.18602266463,0,0
MS0590,-1.27573432833,-0.580706404451,0.256881747115,0.600500322947,0,0
MS0591,-0.269259018424,0.998350012089,-0.318526729096,2.71297189086,0,0
MS0592,-0.396198305918,0.981818808838,0.655698557691,5.38572533665,0,0
MS0593,-0.134803936381,-0.498878212383,-0.277895840334,3.26684226202,0,0
MS0594,-0.175453767934,0.929092295039,0.0416281776443,3.62993705501,0,0
MS0595,-1.78289926775,0.167463308271,-0.422906605961,1.93704051149,0,0
MS0596,1.4370772554,-0.962092668566,,7.26411524393,0,1
MS0597,-1.75341420075,-0.228471355763,0.919564058988,0.145835510053,0,0
MS0598,1.13762684159,-0.439678958364,0.459812380447,5.53655052417,0,0
MS0599,-0.0925119591226,0.392678878848,-0.61086046716,2.42263040333,0,0
MS0600,0.462273292454,-1.15422929024,1.10912312824,5.79546209438,0,0
MS0601,2.5011771516,,,3.76592827877,1,1
MS0602,-0.703488850686,0.89941803665,0.845955395551,1.65612256489,0,0
MS0603,-0.749659859859,-2.60505762712,,4.01998800976,0,1
MS0604,0.043287614883,-0.566128059658,0.6409199889,3.23428421151,0,0
MS0605,-2.0166466047,-1.78011220387,-0.540000214459,-0.260341334763,0,0
MS0606,-0.849983923241,-0.984663356917,-0.408933683797,2.21200877656,0,0
MS0607,-0.130902558699,-1.03670848456,-0.261845456436,5.19646718269,0,0
MS0608,1.33357152906,0.558527360027,-0.834598420401,3.77415973635,0,0
MS0609,-0.794080488388,0.15046265909,,1.63647936717,0,1
MS0610,-0.993303176312,0.52758893658,-0.0921834300723,0.900493971573,0,0
MS0611,0.259067580422,0.449575744903,0.963768117584,3.18123675178,0,0
MS0612,1.33448244156,-1.2510086297,-1.42984539687,4.70219118517,0,0
MS0613,1.41902487208,,,4.98793305953,1,1
MS0614,-0.12913708367,,-0.453006716423,2.53955888877,1,0
MS0615,1.17451778153,0.305049918025,-0.920023177659,4.66575887394,0,0
MS0616,-0.058063624474,-0.634125383064,0.551420359482,2.29752049874,0,0
MS0617,-0.514060402818,0.0792152783242,-0.564393984797,2.60588874816,0,0
MS0618,-0.378921424254,0.35720734716,0.00181965268626,3.30054507903,0,0
MS0619,-0.624842227525,-1.15722778605,0.335917239891,1.77846023687,0,0
MS0620,1.90675288643,0.56050427938,,4.2361449424,0,1
MS0621,-0.495757583277,-0.716375103471,0.0657099772843,1.61470380054,0,0
MS0622,-0.267291104753,-0.37564653502,-0.374331655632,2.24366132374,0,0
MS0623,0.704082571281,0.599771431021,-1.75906166435,4.16646656044,0,0
MS0624,0.385356105363,-0.246609314095,,4.26882125276,0,1
MS0625,0.420860631146,-0.949742718266,,5.0534574943,0,1
MS0626,-0.41067726563,,-0.859251972733,1.37606500714,1,0
MS0627,-1.94617173587,0.989673531912,-1.69679414038,-0.947406774019,0,0
MS0628,0.251493169343,,-0.137572829422,3.43646296863,1,0
MS0629,0.330954020717,0.123889321449,0.235903096628,3.20009010845,0,0
MS0630,0.231242762804,-0.0358003226243,1.70893026934,3.07583577546,0,0
MS0631,-0.480090975166,0.340188682801,-1.73701642083,0.270497509615,0,0
MS0632,-0.658057433797,-0.598433882692,0.361421729352,2.08410302541,0,0
MS0633,2.54052198572,-1.04268113633,,8.11816887167,0,1
MS0634,-0.273075051399,0.189972117809,,1.36919471015,0,1
MS0635,0.781898724848,-0.142820895324,,5.03665354841,0,1
MS0636,-1.06993151559,0.102774413464,0.450560734329,2.86147899913,0,0
MS0637,0.879225885416,0.0044925909807,-1.48719681572,4.23309720342,0,0
MS0638,-1.30308341757,-1.00587922228,0.948452471079,2.57364605892,0,0
MS0639,0.185424430616,,,3.12521254324,1,1
MS0640,-0.433732483713,-1.31533454755,-0.913712381988,3.50670528888,0,0
MS0641,1.71786085024,,,4.10695794643,1,1
MS0642,-0.585911549368,-0.0171283517044,0.799671621583,2.54097288273,0,0
MS0643,0.729329204073,-0.870158571049,1.15041361277,6.06554687924,0,0
MS0644,0.0724236302089,0.544686166367,0.441328579075,2.81732887986,0,0
MS0645,-1.35885866683,0.0431531510382,-0.476654215871,1.08953070201,0,0
MS0646,0.381179847934,1.56727259093,0.896519512261,2.70414806292,0,0
MS0647,1.31314109125,-0.709487690765,,3.44811763838,0,1
MS0648,-0.511937665454,-0.689343740869,,3.4389951956,0,1
MS0649,0.662220817562,0.753655893165,,4.30358449355,0,1
MS0650,-0.0672128643722,-1.23926102813,-0.452728199698,2.99829644833,0,0
MS0651,-0.218210769024,0.292150017939,-0.829538038235,1.57918943516,0,0
MS0652,-0.407092818631,1.33420205971,0.713662475286,2.2491114382,0,0
MS0653,0.619762504676,-0.265199748556,1.49069657678,5.74333627947,0,0
MS0654,-1.89053743462,0.506161878415,2.37943823296,0.443910471799,0,0
MS0655,-0.413410671394,0.117717512305,,1.17702763787,0,1
MS0656,0.607583843232,,1.01009530113,4.56616309315,1,0
MS0657,0.149848819916,,0.231933525894,1.75208821563,1,0
MS0658,-0.143230819552,-1.33702766694,1.77577591374,5.12714972215,0,0
MS0659,0.749270723519,-0.489204294974,0.58648546769,4.29421351025,0,0
MS0660,-0.208442347933,2.35123083382,-0.617332256928,0.165010968483,0,0
MS0661,-0.545530903625,0.401795478515,0.523619973276,3.82769008946,0,0
MS0662,0.103565792724,0.267156264457,1.78280974578,2.78311018827,0,0
MS0663,0.383942112343,-1.00706400751,0.111174237625,5.59028864131,0,0
MS0664,1.35391202887,-1.03510442545,,7.35457748324,0,1
MS0665,0.0182913359702,0.206727876662,1.08355866204,3.61982534405,0,0
MS0666,-0.264984007084,0.238165123857,-0.859474726928,2.14313599429,0,0
MS0667,-2.80528686969,-0.259953907735,-1.53609559357,-2.10395537512,0,0
MS0668,1.30242991354,-1.05492317943,0.125563434108,6.64681332628,0,0
MS0669,-0.150877257187,-0.614566335044,-0.345357013664,2.75071090988,0,0
MS0670,-0.169275700146,0.108658368235,-1.45571825517,1.82999398747,0,0
MS0671,-0.850514325141,1.76499216229,0.364628611166,-0.800678348661,0,0
MS0672,1.44699288399,1.19918973477,,3.47145339083,0,1
MS0673,1.38599013294,0.218972418594,,6.00828406478,0,1
MS0674,0.176606858535,,,0.914951933555,1,1
MS0675,-0.567830585214,0.226504151845,0.901121448262,3.2875098649,0,0
MS0676,-0.593713205375,-0.0108917826557,-0.373939016764,1.7398847623,0,0
MS0677,-1.68016020916,0.979362558988,1.81981074349,1.72901011104,0,0
MS0678,-0.267015727545,-1.26392861917,0.380076605562,4.12154179155,0,0
MS0679,0.712830223282,-1.14932610068,1.3147591882,5.76017442101,0,0
MS0680,0.538329721296,-0.0945974091382,0.726687046883,4.08200434896,0,0
MS0681,1.24201114564,,,3.9578046737,1,1
MS0682,0.56549597373,-1.2437430234,1.0458507065,3.03795958415,0,0
MS0683,-1.10435908094,0.341282640295,-0.513056517959,1.11361245642,0,0
MS0684,1.43104720137,,-1.0706304184,3.64795277172,1,0
MS0685,0.438237311779,-0.070780352182,0.103610749254,4.72216151141,0,0
MS0686,0.817233180513,-0.190305830024,-0.172341335937,4.98806184937,0,0
MS0687,0.0579182807245,,-1.01571177007,1.53802294119,1,0
MS0688,0.854124361736,0.0370920606132,-1.28697302963,4.0329510825,0,0
MS0689,0.415323717891,1.1682983901,,2.66683912559,0,1
MS0690,-0.852365104639,0.818931457085,-0.680687829288,1.60604227146,0,0
MS0691,-1.60624854943,0.210519064454,,0.359966894358,0,1
MS0692,1.304609845,-0.498989777306,-0.882333841249,3.97625218043,0,0
MS0693,-0.474020884215,-1.55337842617,0.962110375471,3.57782311811,0,0
MS0694,1.13874880562,0.533276616537,-0.205570391638,4.33306089861,0,0
MS0695,-0.233059723409,-0.628989060633,0.676246540883,3.87542749835,0,0
MS0696,1.82579455176,-0.177034504311,,5.73808508917,0,1
MS0697,-0.985970492571,-1.11749874289,,2.43593726633,0,1
MS0698,-1.24824921921,0.180617867929,-0.217890249356,-0.308793893663,0,0
MS0699,0.361589285689,0.22375606907,0.688037088158,3.71496909369,0,0
MS0700,-0.193110078111,-0.382821166872,-0.883003340006,2.47094992646,0,0
MS0701,-1.63772167434,,0.614534131301,0.383030669838,1,0
MS0702,-0.965522880877,0.343469986696,0.963911809486,2.39860475459,0,0
MS0703,-0.522959725764,0.594750714476,-0.161989411712,-0.056613217066,0,0
MS0704,1.48478190615,-0.894894006539,,4.63207534242,0,1
MS0705,-1.26968995122,-0.222413641865,0.12990982809,1.00793662106,0,0
MS0706,-0.950474988623,0.375696286121,-1.82004140151,-0.130341776765,0,0
MS0707,-0.455445655946,0.564126048112,2.27057406102,3.04500219512,0,0
MS0708,0.514745403354,-1.91362421285,-0.80528827867,6.36273591685,0,0
MS0709,-1.9202829663,1.59315948437,0.638401216729,-0.959730712295,0,0
MS0710,-1.39477355901,-0.768356543234,-1.23775918491,1.49056476485,0,0
MS0711,0.435061481947,-0.524211121314,0.63734549412,5.37644996313,0,0
MS0712,-0.036019837061,1.42923105649,0.708526348654,3.24138521373,0,0
MS0713,-1.04296975447,-0.00229135136154,0.331395281704,1.39505186618,0,0
MS0714,3.41080047998,-1.80370633591,,10.2343151996,0,1
MS0715,0.63212281077,0.0782426231859,,3.566589979,0,1
MS0716,-0.390082866272,-1.42513854624,0.850001985564,3.95038877527,0,0
MS0717,-0.86418892039,0.120487869647,-0.774351104742,2.9383881089,0,0
MS0718,1.59248734418,1.54331808448,,3.25276165807,0,1
MS0719,0.226492290676,-0.467073604933,,5.09120947894,0,1
MS0720,-1.20882025334,1.13547398433,-0.0411091258102,-0.520466921485,0,0
MS0721,-0.289320713286,0.788493366195,-0.604726688575,2.44789208022,0,0
MS0722,0.618009074191,0.952987137156,,1.29807247773,0,1
MS0723,-0.320548733056,0.068324202819,0.254415613326,3.15930878636,0,0
MS0724,0.236205791996,-0.273910132625,0.282642447826,4.09673158419,0,0
MS0725,1.61864926435,-0.452989934311,,5.72115322304,0,1
MS0726,-0.446067335881,,-0.258613416387,2.53682547338,1,0
MS0727,-0.688064038456,1.17702757577,0.451903028292,1.05111605937,0,0
MS0728,-0.0406110154344,0.345861651023,0.440650670478,3.24455109667,0,0
MS0729,1.38849164999,2.11338741117,0.247275490672,5.41435012013,0,0
MS0730,-0.0085678213098,-0.438980550739,,2.34414772267,0,1
MS0731,-0.0134123490629,,-1.9694571455,0.925453441076,1,0
MS0732,-0.967611910117,0.01457249818,-0.424665339653,1.18272313863,0,0
MS0733,0.545383501925,,0.215922520372,2.22910885765,1,0
MS0734,-1.40678793723,0.577963441544,0.616622049321,1.73974785824,0,0
MS0735,0.703249897186,1.72708255476,-0.904973341983,1.14299760563,0,0
MS0736,0.635537462168,0.643300412311,-0.934533796926,2.70918977943,0,0
MS0737,0.584567773117,1.01301910648,1.30704717922,4.58619242645,0,0
MS0738,-0.101347444303,-1.78749603935,0.253028182723,3.63903811286,0,0
MS0739,-0.669456472771,1.02727753861,-1.18707213536,1.23795216737,0,0
MS0740,-0.158287553184,,-0.408136353347,3.48908037173,1,0
MS0741,-2.4563599155,0.710116802256,-2.02648873524,-1.99118968733,0,0
MS0742,-1.12222084642,0.732545968113,0.0736918070139,0.184933038047,0,0
MS0743,-1.24195786986,-1.26409068218,0.379209236778,1.21000601451,0,0
MS0744,0.951038063956,2.3319904988,-0.235155226987,2.75966540441,0,0
MS0745,-1.85955118088,1.80328558837,-0.733956885231,-1.56779420627,0,0
MS0746,-1.26094727479,1.9531398123,0.24306742189,-1.51478400618,0,0
MS0747,-0.314787148947,-1.14250776065e-06,-1.21127876164,2.90416096948,0,0
MS0748,1.600116023,-0.133029718109,-1.13981236733,4.66604094686,0,0
MS0749,0.659335068341,-0.461308547136,0.705541919571,4.81418915065,0,0
MS0750,-0.509754706154,1.8808118715,-1.6353735329,-0.0366152252598,0,0
