function_name,change_type,0.9.0_status,1.0.0_status,details
smf_ale,unchanged,release_candidate,stable_1x,No blocker-driven public signature change at initialization of 1.0.0.
smf_api_catalog,unchanged,release_candidate,stable_1x,No blocker-driven public signature change at initialization of 1.0.0.
smf_apply_calibration,unchanged,release_candidate,stable_1x,No blocker-driven public signature change at initialization of 1.0.0.
smf_apply_imbalance,unchanged,release_candidate,stable_1x,No blocker-driven public signature change at initialization of 1.0.0.
smf_apply_preprocessor,unchanged,release_candidate,stable_1x,No blocker-driven public signature change at initialization of 1.0.0.
smf_apply_representation,unchanged,release_candidate,stable_1x,No blocker-driven public signature change at initialization of 1.0.0.
smf_audit_data,unchanged,release_candidate,stable_1x,No blocker-driven public signature change at initialization of 1.0.0.
smf_autoencoder,unchanged,release_candidate,stable_1x,No blocker-driven public signature change at initialization of 1.0.0.
smf_available_model_adapters,unchanged,release_candidate,stable_1x,No blocker-driven public signature change at initialization of 1.0.0.
smf_backend_capabilities,unchanged,release_candidate,stable_1x,No blocker-driven public signature change at initialization of 1.0.0.
smf_backend_matrix,unchanged,release_candidate,stable_1x,No blocker-driven public signature change at initialization of 1.0.0.
smf_backend_object,unchanged,release_candidate,stable_1x,No blocker-driven public signature change at initialization of 1.0.0.
smf_bart_fit,unchanged,release_candidate,stable_1x,No blocker-driven public signature change at initialization of 1.0.0.
smf_bart_predict,unchanged,release_candidate,stable_1x,No blocker-driven public signature change at initialization of 1.0.0.
smf_batch_predict,unchanged,release_candidate,stable_1x,No blocker-driven public signature change at initialization of 1.0.0.
smf_bayes_compare,unchanged,release_candidate,stable_1x,No blocker-driven public signature change at initialization of 1.0.0.
smf_bayes_diagnose,unchanged,release_candidate,stable_1x,No blocker-driven public signature change at initialization of 1.0.0.
smf_bayes_diagnostic_flags,unchanged,release_candidate,stable_1x,No blocker-driven public signature change at initialization of 1.0.0.
smf_bayes_draws,unchanged,release_candidate,stable_1x,No blocker-driven public signature change at initialization of 1.0.0.
smf_bayes_epred,unchanged,release_candidate,stable_1x,No blocker-driven public signature change at initialization of 1.0.0.
smf_bayes_fit,unchanged,release_candidate,stable_1x,No blocker-driven public signature change at initialization of 1.0.0.
smf_bayes_loo,unchanged,release_candidate,stable_1x,No blocker-driven public signature change at initialization of 1.0.0.
smf_bayes_pp_check,unchanged,release_candidate,stable_1x,No blocker-driven public signature change at initialization of 1.0.0.
smf_bayes_predict,unchanged,release_candidate,stable_1x,No blocker-driven public signature change at initialization of 1.0.0.
smf_bayes_prior,unchanged,release_candidate,stable_1x,No blocker-driven public signature change at initialization of 1.0.0.
smf_bayes_prior_predictive,unchanged,release_candidate,stable_1x,No blocker-driven public signature change at initialization of 1.0.0.
smf_bayes_stacking,unchanged,release_candidate,stable_1x,No blocker-driven public signature change at initialization of 1.0.0.
smf_bayes_summary,unchanged,release_candidate,stable_1x,No blocker-driven public signature change at initialization of 1.0.0.
smf_bayesian_spec,unchanged,release_candidate,stable_1x,No blocker-driven public signature change at initialization of 1.0.0.
smf_benchmark,unchanged,release_candidate,stable_1x,No blocker-driven public signature change at initialization of 1.0.0.
smf_benchmark_spec,unchanged,release_candidate,stable_1x,No blocker-driven public signature change at initialization of 1.0.0.
smf_blocked_cv,unchanged,release_candidate,stable_1x,No blocker-driven public signature change at initialization of 1.0.0.
smf_bootstrap,unchanged,release_candidate,stable_1x,No blocker-driven public signature change at initialization of 1.0.0.
smf_bootstrap_interval,unchanged,release_candidate,stable_1x,No blocker-driven public signature change at initialization of 1.0.0.
smf_bootstrap_spec,unchanged,release_candidate,stable_1x,No blocker-driven public signature change at initialization of 1.0.0.
smf_bootstrap_stability,unchanged,release_candidate,stable_1x,No blocker-driven public signature change at initialization of 1.0.0.
smf_build_representation,unchanged,release_candidate,stable_1x,No blocker-driven public signature change at initialization of 1.0.0.
smf_bundle_info,unchanged,release_candidate,stable_1x,No blocker-driven public signature change at initialization of 1.0.0.
smf_calibrate,unchanged,release_candidate,stable_1x,No blocker-driven public signature change at initialization of 1.0.0.
smf_calibration_report,unchanged,release_candidate,stable_1x,No blocker-driven public signature change at initialization of 1.0.0.
smf_calibration_spec,unchanged,release_candidate,stable_1x,No blocker-driven public signature change at initialization of 1.0.0.
smf_capabilities,unchanged,release_candidate,stable_1x,No blocker-driven public signature change at initialization of 1.0.0.
smf_check_pseudoreplication,unchanged,release_candidate,stable_1x,No blocker-driven public signature change at initialization of 1.0.0.
smf_chunk_plan,unchanged,release_candidate,stable_1x,No blocker-driven public signature change at initialization of 1.0.0.
smf_cnn1d,unchanged,release_candidate,stable_1x,No blocker-driven public signature change at initialization of 1.0.0.
smf_cnn2d,unchanged,release_candidate,stable_1x,No blocker-driven public signature change at initialization of 1.0.0.
smf_compare_validation_domains,unchanged,release_candidate,stable_1x,No blocker-driven public signature change at initialization of 1.0.0.
smf_conformal_coverage,unchanged,release_candidate,stable_1x,No blocker-driven public signature change at initialization of 1.0.0.
smf_conformal_diagnose,unchanged,release_candidate,stable_1x,No blocker-driven public signature change at initialization of 1.0.0.
smf_conformal_fit,unchanged,release_candidate,stable_1x,No blocker-driven public signature change at initialization of 1.0.0.
smf_conformal_predict,unchanged,release_candidate,stable_1x,No blocker-driven public signature change at initialization of 1.0.0.
smf_conformal_predict_probably,unchanged,release_candidate,stable_1x,No blocker-driven public signature change at initialization of 1.0.0.
smf_conformal_probably,unchanged,release_candidate,stable_1x,No blocker-driven public signature change at initialization of 1.0.0.
smf_conformal_spec,unchanged,release_candidate,stable_1x,No blocker-driven public signature change at initialization of 1.0.0.
smf_counterfactual,unchanged,release_candidate,stable_1x,No blocker-driven public signature change at initialization of 1.0.0.
smf_data_hash,unchanged,release_candidate,stable_1x,No blocker-driven public signature change at initialization of 1.0.0.
smf_data_iterator,unchanged,release_candidate,stable_1x,No blocker-driven public signature change at initialization of 1.0.0.
smf_data_spec,unchanged,release_candidate,stable_1x,No blocker-driven public signature change at initialization of 1.0.0.
smf_dataset_card,unchanged,release_candidate,stable_1x,No blocker-driven public signature change at initialization of 1.0.0.
smf_decide_benchmark,unchanged,release_candidate,stable_1x,No blocker-driven public signature change at initialization of 1.0.0.
smf_deployment_spec,unchanged,release_candidate,stable_1x,No blocker-driven public signature change at initialization of 1.0.0.
smf_deprecation_policy,unchanged,release_candidate,stable_1x,No blocker-driven public signature change at initialization of 1.0.0.
smf_design_spec,unchanged,release_candidate,stable_1x,No blocker-driven public signature change at initialization of 1.0.0.
smf_design_summary,unchanged,release_candidate,stable_1x,No blocker-driven public signature change at initialization of 1.0.0.
smf_detect_leakage,unchanged,release_candidate,stable_1x,No blocker-driven public signature change at initialization of 1.0.0.
smf_diagnose,unchanged,release_candidate,stable_1x,No blocker-driven public signature change at initialization of 1.0.0.
smf_dist_cdf,unchanged,release_candidate,stable_1x,No blocker-driven public signature change at initialization of 1.0.0.
smf_dist_interval,unchanged,release_candidate,stable_1x,No blocker-driven public signature change at initialization of 1.0.0.
smf_dist_log_prob,unchanged,release_candidate,stable_1x,No blocker-driven public signature change at initialization of 1.0.0.
smf_dist_mean,unchanged,release_candidate,stable_1x,No blocker-driven public signature change at initialization of 1.0.0.
smf_dist_median,unchanged,release_candidate,stable_1x,No blocker-driven public signature change at initialization of 1.0.0.
smf_dist_quantile,unchanged,release_candidate,stable_1x,No blocker-driven public signature change at initialization of 1.0.0.
smf_dist_sample,unchanged,release_candidate,stable_1x,No blocker-driven public signature change at initialization of 1.0.0.
smf_dist_sd,unchanged,release_candidate,stable_1x,No blocker-driven public signature change at initialization of 1.0.0.
smf_dist_variance,unchanged,release_candidate,stable_1x,No blocker-driven public signature change at initialization of 1.0.0.
smf_dl_architecture,unchanged,release_candidate,stable_1x,No blocker-driven public signature change at initialization of 1.0.0.
smf_dl_checkpoint,unchanged,release_candidate,stable_1x,No blocker-driven public signature change at initialization of 1.0.0.
smf_dl_determinism,unchanged,release_candidate,stable_1x,No blocker-driven public signature change at initialization of 1.0.0.
smf_dl_device,unchanged,release_candidate,stable_1x,No blocker-driven public signature change at initialization of 1.0.0.
smf_dl_distributional_head,unchanged,release_candidate,stable_1x,No blocker-driven public signature change at initialization of 1.0.0.
smf_dl_early_stopping,unchanged,release_candidate,stable_1x,No blocker-driven public signature change at initialization of 1.0.0.
smf_dl_ensemble,unchanged,release_candidate,stable_1x,No blocker-driven public signature change at initialization of 1.0.0.
smf_dl_gradcam,unchanged,release_candidate,stable_1x,No blocker-driven public signature change at initialization of 1.0.0.
smf_dl_gradient_x_input,unchanged,release_candidate,stable_1x,No blocker-driven public signature change at initialization of 1.0.0.
smf_dl_integrated_gradients,unchanged,release_candidate,stable_1x,No blocker-driven public signature change at initialization of 1.0.0.
smf_dl_interval,unchanged,release_candidate,stable_1x,No blocker-driven public signature change at initialization of 1.0.0.
smf_dl_load_checkpoint,unchanged,release_candidate,stable_1x,No blocker-driven public signature change at initialization of 1.0.0.
smf_dl_mc_dropout,unchanged,release_candidate,stable_1x,No blocker-driven public signature change at initialization of 1.0.0.
smf_dl_mixed_precision,unchanged,release_candidate,stable_1x,No blocker-driven public signature change at initialization of 1.0.0.
smf_dl_optimizer,unchanged,release_candidate,stable_1x,No blocker-driven public signature change at initialization of 1.0.0.
smf_dl_predict,unchanged,release_candidate,stable_1x,No blocker-driven public signature change at initialization of 1.0.0.
smf_dl_predict_distribution,unchanged,release_candidate,stable_1x,No blocker-driven public signature change at initialization of 1.0.0.
smf_dl_predict_tensor,unchanged,release_candidate,stable_1x,No blocker-driven public signature change at initialization of 1.0.0.
smf_dl_resume,unchanged,release_candidate,stable_1x,No blocker-driven public signature change at initialization of 1.0.0.
smf_dl_saliency,unchanged,release_candidate,stable_1x,No blocker-driven public signature change at initialization of 1.0.0.
smf_dl_save_checkpoint,unchanged,release_candidate,stable_1x,No blocker-driven public signature change at initialization of 1.0.0.
smf_dl_scheduler,unchanged,release_candidate,stable_1x,No blocker-driven public signature change at initialization of 1.0.0.
smf_dl_spec,unchanged,release_candidate,stable_1x,No blocker-driven public signature change at initialization of 1.0.0.
smf_dl_train,unchanged,release_candidate,stable_1x,No blocker-driven public signature change at initialization of 1.0.0.
smf_dl_train_tensor,unchanged,release_candidate,stable_1x,No blocker-driven public signature change at initialization of 1.0.0.
smf_dl_uncertainty_decompose,unchanged,release_candidate,stable_1x,No blocker-driven public signature change at initialization of 1.0.0.
smf_doctor,unchanged,release_candidate,stable_1x,No blocker-driven public signature change at initialization of 1.0.0.
smf_end_run,unchanged,release_candidate,stable_1x,No blocker-driven public signature change at initialization of 1.0.0.
smf_evaluate,unchanged,release_candidate,stable_1x,No blocker-driven public signature change at initialization of 1.0.0.
smf_evaluate_probabilistic,unchanged,release_candidate,stable_1x,No blocker-driven public signature change at initialization of 1.0.0.
smf_experiment_spec,unchanged,release_candidate,stable_1x,No blocker-driven public signature change at initialization of 1.0.0.
smf_explain,unchanged,release_candidate,stable_1x,No blocker-driven public signature change at initialization of 1.0.0.
smf_explain_spec,unchanged,release_candidate,stable_1x,No blocker-driven public signature change at initialization of 1.0.0.
smf_explanation_agreement,unchanged,release_candidate,stable_1x,No blocker-driven public signature change at initialization of 1.0.0.
smf_explanation_domain,unchanged,release_candidate,stable_1x,No blocker-driven public signature change at initialization of 1.0.0.
smf_explanation_stability,unchanged,release_candidate,stable_1x,No blocker-driven public signature change at initialization of 1.0.0.
smf_export_onnx,unchanged,release_candidate,stable_1x,No blocker-driven public signature change at initialization of 1.0.0.
smf_external_split,unchanged,release_candidate,stable_1x,No blocker-driven public signature change at initialization of 1.0.0.
smf_external_validate,unchanged,release_candidate,stable_1x,No blocker-driven public signature change at initialization of 1.0.0.
smf_feature_select_resamples,unchanged,release_candidate,stable_1x,No blocker-driven public signature change at initialization of 1.0.0.
smf_feature_spec,unchanged,release_candidate,stable_1x,No blocker-driven public signature change at initialization of 1.0.0.
smf_feature_stability,unchanged,release_candidate,stable_1x,No blocker-driven public signature change at initialization of 1.0.0.
smf_fit_experiment,unchanged,release_candidate,stable_1x,No blocker-driven public signature change at initialization of 1.0.0.
smf_fit_model,unchanged,release_candidate,stable_1x,No blocker-driven public signature change at initialization of 1.0.0.
smf_fit_preprocessor,unchanged,release_candidate,stable_1x,No blocker-driven public signature change at initialization of 1.0.0.
smf_from_json,unchanged,release_candidate,stable_1x,No blocker-driven public signature change at initialization of 1.0.0.
smf_from_list,unchanged,release_candidate,stable_1x,No blocker-driven public signature change at initialization of 1.0.0.
smf_get_run,unchanged,release_candidate,stable_1x,No blocker-driven public signature change at initialization of 1.0.0.
smf_gp_fit,unchanged,release_candidate,stable_1x,No blocker-driven public signature change at initialization of 1.0.0.
smf_gp_predict,unchanged,release_candidate,stable_1x,No blocker-driven public signature change at initialization of 1.0.0.
smf_group_vfold_cv,unchanged,release_candidate,stable_1x,No blocker-driven public signature change at initialization of 1.0.0.
smf_gru,unchanged,release_candidate,stable_1x,No blocker-driven public signature change at initialization of 1.0.0.
smf_hardware_info,unchanged,release_candidate,stable_1x,No blocker-driven public signature change at initialization of 1.0.0.
smf_hash,unchanged,release_candidate,stable_1x,No blocker-driven public signature change at initialization of 1.0.0.
smf_holdout_split,unchanged,release_candidate,stable_1x,No blocker-driven public signature change at initialization of 1.0.0.
smf_ice,unchanged,release_candidate,stable_1x,No blocker-driven public signature change at initialization of 1.0.0.
smf_imbalance_spec,unchanged,release_candidate,stable_1x,No blocker-driven public signature change at initialization of 1.0.0.
smf_import_split_manifest,unchanged,release_candidate,stable_1x,No blocker-driven public signature change at initialization of 1.0.0.
smf_iterator_next,unchanged,release_candidate,stable_1x,No blocker-driven public signature change at initialization of 1.0.0.
smf_iterator_reset,unchanged,release_candidate,stable_1x,No blocker-driven public signature change at initialization of 1.0.0.
smf_list_datasets,unchanged,release_candidate,stable_1x,No blocker-driven public signature change at initialization of 1.0.0.
smf_list_runs,unchanged,release_candidate,stable_1x,No blocker-driven public signature change at initialization of 1.0.0.
smf_load_bundle,unchanged,release_candidate,stable_1x,No blocker-driven public signature change at initialization of 1.0.0.
smf_load_dataset,unchanged,release_candidate,stable_1x,No blocker-driven public signature change at initialization of 1.0.0.
smf_local_explain,unchanged,release_candidate,stable_1x,No blocker-driven public signature change at initialization of 1.0.0.
smf_log_artifact,unchanged,release_candidate,stable_1x,No blocker-driven public signature change at initialization of 1.0.0.
smf_log_metric,unchanged,release_candidate,stable_1x,No blocker-driven public signature change at initialization of 1.0.0.
smf_log_params,unchanged,release_candidate,stable_1x,No blocker-driven public signature change at initialization of 1.0.0.
smf_log_result,unchanged,release_candidate,stable_1x,No blocker-driven public signature change at initialization of 1.0.0.
smf_lstm,unchanged,release_candidate,stable_1x,No blocker-driven public signature change at initialization of 1.0.0.
smf_make_resampler,unchanged,release_candidate,stable_1x,No blocker-driven public signature change at initialization of 1.0.0.
smf_manifest,unchanged,release_candidate,stable_1x,No blocker-driven public signature change at initialization of 1.0.0.
smf_map_iterator,unchanged,release_candidate,stable_1x,No blocker-driven public signature change at initialization of 1.0.0.
smf_metric_spec,unchanged,release_candidate,stable_1x,No blocker-driven public signature change at initialization of 1.0.0.
smf_missingness_report,unchanged,release_candidate,stable_1x,No blocker-driven public signature change at initialization of 1.0.0.
smf_mlp,unchanged,release_candidate,stable_1x,No blocker-driven public signature change at initialization of 1.0.0.
smf_model_spec,unchanged,release_candidate,stable_1x,No blocker-driven public signature change at initialization of 1.0.0.
smf_monte_carlo_cv,unchanged,release_candidate,stable_1x,No blocker-driven public signature change at initialization of 1.0.0.
smf_multimodal,unchanged,release_candidate,stable_1x,No blocker-driven public signature change at initialization of 1.0.0.
smf_multitask,unchanged,release_candidate,stable_1x,No blocker-driven public signature change at initialization of 1.0.0.
smf_nested_resampler,unchanged,release_candidate,stable_1x,No blocker-driven public signature change at initialization of 1.0.0.
smf_nested_tune,unchanged,release_candidate,stable_1x,No blocker-driven public signature change at initialization of 1.0.0.
smf_optimize_threshold,unchanged,release_candidate,stable_1x,No blocker-driven public signature change at initialization of 1.0.0.
smf_param_dbl,unchanged,release_candidate,stable_1x,No blocker-driven public signature change at initialization of 1.0.0.
smf_param_fct,unchanged,release_candidate,stable_1x,No blocker-driven public signature change at initialization of 1.0.0.
smf_param_int,unchanged,release_candidate,stable_1x,No blocker-driven public signature change at initialization of 1.0.0.
smf_param_lgl,unchanged,release_candidate,stable_1x,No blocker-driven public signature change at initialization of 1.0.0.
smf_pareto_front,unchanged,release_candidate,stable_1x,No blocker-driven public signature change at initialization of 1.0.0.
smf_pdp,unchanged,release_candidate,stable_1x,No blocker-driven public signature change at initialization of 1.0.0.
smf_permutation_importance,unchanged,release_candidate,stable_1x,No blocker-driven public signature change at initialization of 1.0.0.
smf_persistence_spec,unchanged,release_candidate,stable_1x,No blocker-driven public signature change at initialization of 1.0.0.
smf_pins_fetch_bundle,unchanged,release_candidate,stable_1x,No blocker-driven public signature change at initialization of 1.0.0.
smf_pins_publish_bundle,unchanged,release_candidate,stable_1x,No blocker-driven public signature change at initialization of 1.0.0.
smf_plot,unchanged,release_candidate,stable_1x,No blocker-driven public signature change at initialization of 1.0.0.
smf_predict,unchanged,release_candidate,stable_1x,No blocker-driven public signature change at initialization of 1.0.0.
smf_predict_bundle,unchanged,release_candidate,stable_1x,No blocker-driven public signature change at initialization of 1.0.0.
smf_predict_distribution,unchanged,release_candidate,stable_1x,No blocker-driven public signature change at initialization of 1.0.0.
smf_predict_model,unchanged,release_candidate,stable_1x,No blocker-driven public signature change at initialization of 1.0.0.
smf_prediction_distribution,unchanged,release_candidate,stable_1x,No blocker-driven public signature change at initialization of 1.0.0.
smf_preprocess_provenance,unchanged,release_candidate,stable_1x,No blocker-driven public signature change at initialization of 1.0.0.
smf_preprocess_spec,unchanged,release_candidate,stable_1x,No blocker-driven public signature change at initialization of 1.0.0.
smf_probabilistic_spec,unchanged,release_candidate,stable_1x,No blocker-driven public signature change at initialization of 1.0.0.
smf_publication_plot,unchanged,release_candidate,stable_1x,No blocker-driven public signature change at initialization of 1.0.0.
smf_publication_table,unchanged,release_candidate,stable_1x,No blocker-driven public signature change at initialization of 1.0.0.
smf_register_backend,unchanged,release_candidate,stable_1x,No blocker-driven public signature change at initialization of 1.0.0.
smf_release_candidate_audit,unchanged,release_candidate,stable_1x,No blocker-driven public signature change at initialization of 1.0.0.
smf_report,unchanged,release_candidate,stable_1x,No blocker-driven public signature change at initialization of 1.0.0.
smf_reporting_checklist,unchanged,release_candidate,stable_1x,No blocker-driven public signature change at initialization of 1.0.0.
smf_reporting_spec,unchanged,release_candidate,stable_1x,No blocker-driven public signature change at initialization of 1.0.0.
smf_reproducibility_spec,unchanged,release_candidate,stable_1x,No blocker-driven public signature change at initialization of 1.0.0.
smf_require_capability,unchanged,release_candidate,stable_1x,No blocker-driven public signature change at initialization of 1.0.0.
smf_resample_experiment,unchanged,release_candidate,stable_1x,No blocker-driven public signature change at initialization of 1.0.0.
smf_resample_manifest,unchanged,release_candidate,stable_1x,No blocker-driven public signature change at initialization of 1.0.0.
smf_resampling_spec,unchanged,release_candidate,stable_1x,No blocker-driven public signature change at initialization of 1.0.0.
smf_rng_info,unchanged,release_candidate,stable_1x,No blocker-driven public signature change at initialization of 1.0.0.
smf_rnn,unchanged,release_candidate,stable_1x,No blocker-driven public signature change at initialization of 1.0.0.
smf_run_crosslang_validation,unchanged,release_candidate,stable_1x,No blocker-driven public signature change at initialization of 1.0.0.
smf_run_gold_validation,unchanged,release_candidate,stable_1x,No blocker-driven public signature change at initialization of 1.0.0.
smf_run_reference_validation,unchanged,release_candidate,stable_1x,No blocker-driven public signature change at initialization of 1.0.0.
smf_save_bundle,unchanged,release_candidate,stable_1x,No blocker-driven public signature change at initialization of 1.0.0.
smf_save_manifest,unchanged,release_candidate,stable_1x,No blocker-driven public signature change at initialization of 1.0.0.
smf_scalability_spec,unchanged,release_candidate,stable_1x,No blocker-driven public signature change at initialization of 1.0.0.
smf_search_grid,unchanged,release_candidate,stable_1x,No blocker-driven public signature change at initialization of 1.0.0.
smf_search_random,unchanged,release_candidate,stable_1x,No blocker-driven public signature change at initialization of 1.0.0.
smf_search_space,unchanged,release_candidate,stable_1x,No blocker-driven public signature change at initialization of 1.0.0.
smf_select_compromise,unchanged,release_candidate,stable_1x,No blocker-driven public signature change at initialization of 1.0.0.
smf_select_features,unchanged,release_candidate,stable_1x,No blocker-driven public signature change at initialization of 1.0.0.
smf_shap,unchanged,release_candidate,stable_1x,No blocker-driven public signature change at initialization of 1.0.0.
smf_spatial_cv,unchanged,release_candidate,stable_1x,No blocker-driven public signature change at initialization of 1.0.0.
smf_spec_hash,unchanged,release_candidate,stable_1x,No blocker-driven public signature change at initialization of 1.0.0.
smf_split_manifest,unchanged,release_candidate,stable_1x,No blocker-driven public signature change at initialization of 1.0.0.
smf_start_run,unchanged,release_candidate,stable_1x,No blocker-driven public signature change at initialization of 1.0.0.
smf_task_spec,unchanged,release_candidate,stable_1x,No blocker-driven public signature change at initialization of 1.0.0.
smf_tcn,unchanged,release_candidate,stable_1x,No blocker-driven public signature change at initialization of 1.0.0.
smf_time_cv,unchanged,release_candidate,stable_1x,No blocker-driven public signature change at initialization of 1.0.0.
smf_to_json,unchanged,release_candidate,stable_1x,No blocker-driven public signature change at initialization of 1.0.0.
smf_to_list,unchanged,release_candidate,stable_1x,No blocker-driven public signature change at initialization of 1.0.0.
smf_to_yaml,unchanged,release_candidate,stable_1x,No blocker-driven public signature change at initialization of 1.0.0.
smf_trace_features,unchanged,release_candidate,stable_1x,No blocker-driven public signature change at initialization of 1.0.0.
smf_tracker_local,unchanged,release_candidate,stable_1x,No blocker-driven public signature change at initialization of 1.0.0.
smf_tracker_mlflow,unchanged,release_candidate,stable_1x,No blocker-driven public signature change at initialization of 1.0.0.
smf_tracking_spec,unchanged,release_candidate,stable_1x,No blocker-driven public signature change at initialization of 1.0.0.
smf_transfer_learning,unchanged,release_candidate,stable_1x,No blocker-driven public signature change at initialization of 1.0.0.
smf_transformer,unchanged,release_candidate,stable_1x,No blocker-driven public signature change at initialization of 1.0.0.
smf_tune,unchanged,release_candidate,stable_1x,No blocker-driven public signature change at initialization of 1.0.0.
smf_tune_objective,unchanged,release_candidate,stable_1x,No blocker-driven public signature change at initialization of 1.0.0.
smf_tuning_spec,unchanged,release_candidate,stable_1x,No blocker-driven public signature change at initialization of 1.0.0.
smf_uncertainty_compare,unchanged,release_candidate,stable_1x,No blocker-driven public signature change at initialization of 1.0.0.
smf_uncertainty_decompose,unchanged,release_candidate,stable_1x,No blocker-driven public signature change at initialization of 1.0.0.
smf_uncertainty_descriptor,unchanged,release_candidate,stable_1x,No blocker-driven public signature change at initialization of 1.0.0.
smf_uncertainty_from_distribution,unchanged,release_candidate,stable_1x,No blocker-driven public signature change at initialization of 1.0.0.
smf_uncertainty_label,unchanged,release_candidate,stable_1x,No blocker-driven public signature change at initialization of 1.0.0.
smf_uncertainty_report,unchanged,release_candidate,stable_1x,No blocker-driven public signature change at initialization of 1.0.0.
smf_uncertainty_semantics,unchanged,release_candidate,stable_1x,No blocker-driven public signature change at initialization of 1.0.0.
smf_uncertainty_spec,unchanged,release_candidate,stable_1x,No blocker-driven public signature change at initialization of 1.0.0.
smf_uncertainty_validate,unchanged,release_candidate,stable_1x,No blocker-driven public signature change at initialization of 1.0.0.
smf_vae,unchanged,release_candidate,stable_1x,No blocker-driven public signature change at initialization of 1.0.0.
smf_validate_bootstrap_design,unchanged,release_candidate,stable_1x,No blocker-driven public signature change at initialization of 1.0.0.
smf_validate_bundle,unchanged,release_candidate,stable_1x,No blocker-driven public signature change at initialization of 1.0.0.
smf_validate_crosslang_fixtures,unchanged,release_candidate,stable_1x,No blocker-driven public signature change at initialization of 1.0.0.
smf_validate_design,unchanged,release_candidate,stable_1x,No blocker-driven public signature change at initialization of 1.0.0.
smf_validate_resampling_design,unchanged,release_candidate,stable_1x,No blocker-driven public signature change at initialization of 1.0.0.
smf_validate_schema,unchanged,release_candidate,stable_1x,No blocker-driven public signature change at initialization of 1.0.0.
smf_validate_split,unchanged,release_candidate,stable_1x,No blocker-driven public signature change at initialization of 1.0.0.
smf_vetiver_model,unchanged,release_candidate,stable_1x,No blocker-driven public signature change at initialization of 1.0.0.
smf_vetiver_pin_write,unchanged,release_candidate,stable_1x,No blocker-driven public signature change at initialization of 1.0.0.
smf_vfold_cv,unchanged,release_candidate,stable_1x,No blocker-driven public signature change at initialization of 1.0.0.
smf_vit,unchanged,release_candidate,stable_1x,No blocker-driven public signature change at initialization of 1.0.0.
smf_warning_record,unchanged,release_candidate,stable_1x,No blocker-driven public signature change at initialization of 1.0.0.
smf_with_seed,unchanged,release_candidate,stable_1x,No blocker-driven public signature change at initialization of 1.0.0.
smf_write_plumber,unchanged,release_candidate,stable_1x,No blocker-driven public signature change at initialization of 1.0.0.
