notebook,status,seconds,stderr_tail
01-foundations-to-advanced-scientific-modeling.ipynb,PASS,17.2,port via tornado. Use `asyncio.set_event_loop_policy(WindowsSelectorEventLoopPolicy())` to avoid this warning.   self._get_loop() [NbConvertApp] Writing 12329 bytes to D:\Walter\R\Pacotes_criados\sciModelFlowR\repo\outputs\rendered-docs\notebooks\01-foundations-to-advanced-scientific-modeling.ipynb 
02-data-audit-and-leakage.ipynb,PASS,11.5,ad for add_reader support via tornado. Use `asyncio.set_event_loop_policy(WindowsSelectorEventLoopPolicy())` to avoid this warning.   self._get_loop() [NbConvertApp] Writing 12287 bytes to D:\Walter\R\Pacotes_criados\sciModelFlowR\repo\outputs\rendered-docs\notebooks\02-data-audit-and-leakage.ipynb 
03-resampling-and-scientific-design.ipynb,PASS,11.4,_reader support via tornado. Use `asyncio.set_event_loop_policy(WindowsSelectorEventLoopPolicy())` to avoid this warning.   self._get_loop() [NbConvertApp] Writing 12307 bytes to D:\Walter\R\Pacotes_criados\sciModelFlowR\repo\outputs\rendered-docs\notebooks\03-resampling-and-scientific-design.ipynb 
04-bootstrap-and-stability.ipynb,PASS,11.3,d for add_reader support via tornado. Use `asyncio.set_event_loop_policy(WindowsSelectorEventLoopPolicy())` to avoid this warning.   self._get_loop() [NbConvertApp] Writing 12289 bytes to D:\Walter\R\Pacotes_criados\sciModelFlowR\repo\outputs\rendered-docs\notebooks\04-bootstrap-and-stability.ipynb 
05-feature-engineering-and-selection.ipynb,PASS,11.6,reader support via tornado. Use `asyncio.set_event_loop_policy(WindowsSelectorEventLoopPolicy())` to avoid this warning.   self._get_loop() [NbConvertApp] Writing 12309 bytes to D:\Walter\R\Pacotes_criados\sciModelFlowR\repo\outputs\rendered-docs\notebooks\05-feature-engineering-and-selection.ipynb 
06-supervised-machine-learning.ipynb,PASS,12.0,r add_reader support via tornado. Use `asyncio.set_event_loop_policy(WindowsSelectorEventLoopPolicy())` to avoid this warning.   self._get_loop() [NbConvertApp] Writing 12297 bytes to D:\Walter\R\Pacotes_criados\sciModelFlowR\repo\outputs\rendered-docs\notebooks\06-supervised-machine-learning.ipynb 
07-probabilistic-machine-learning.ipynb,PASS,11.8,dd_reader support via tornado. Use `asyncio.set_event_loop_policy(WindowsSelectorEventLoopPolicy())` to avoid this warning.   self._get_loop() [NbConvertApp] Writing 12303 bytes to D:\Walter\R\Pacotes_criados\sciModelFlowR\repo\outputs\rendered-docs\notebooks\07-probabilistic-machine-learning.ipynb 
08-tuning-and-scientific-benchmarking.ipynb,PASS,11.5,eader support via tornado. Use `asyncio.set_event_loop_policy(WindowsSelectorEventLoopPolicy())` to avoid this warning.   self._get_loop() [NbConvertApp] Writing 12311 bytes to D:\Walter\R\Pacotes_criados\sciModelFlowR\repo\outputs\rendered-docs\notebooks\08-tuning-and-scientific-benchmarking.ipynb 
09-imbalance-calibration-and-thresholds.ipynb,PASS,11.2,der support via tornado. Use `asyncio.set_event_loop_policy(WindowsSelectorEventLoopPolicy())` to avoid this warning.   self._get_loop() [NbConvertApp] Writing 12315 bytes to D:\Walter\R\Pacotes_criados\sciModelFlowR\repo\outputs\rendered-docs\notebooks\09-imbalance-calibration-and-thresholds.ipynb 
10-explainable-ai-and-stability.ipynb,PASS,11.1, add_reader support via tornado. Use `asyncio.set_event_loop_policy(WindowsSelectorEventLoopPolicy())` to avoid this warning.   self._get_loop() [NbConvertApp] Writing 12299 bytes to D:\Walter\R\Pacotes_criados\sciModelFlowR\repo\outputs\rendered-docs\notebooks\10-explainable-ai-and-stability.ipynb 
11-deep-learning-foundations.ipynb,PASS,11.4,for add_reader support via tornado. Use `asyncio.set_event_loop_policy(WindowsSelectorEventLoopPolicy())` to avoid this warning.   self._get_loop() [NbConvertApp] Writing 12293 bytes to D:\Walter\R\Pacotes_criados\sciModelFlowR\repo\outputs\rendered-docs\notebooks\11-deep-learning-foundations.ipynb 
12-deep-learning-architectures.ipynb,PASS,11.1,r add_reader support via tornado. Use `asyncio.set_event_loop_policy(WindowsSelectorEventLoopPolicy())` to avoid this warning.   self._get_loop() [NbConvertApp] Writing 12297 bytes to D:\Walter\R\Pacotes_criados\sciModelFlowR\repo\outputs\rendered-docs\notebooks\12-deep-learning-architectures.ipynb 
13-probabilistic-deep-learning.ipynb,PASS,11.4,r add_reader support via tornado. Use `asyncio.set_event_loop_policy(WindowsSelectorEventLoopPolicy())` to avoid this warning.   self._get_loop() [NbConvertApp] Writing 12297 bytes to D:\Walter\R\Pacotes_criados\sciModelFlowR\repo\outputs\rendered-docs\notebooks\13-probabilistic-deep-learning.ipynb 
14-deep-learning-xai-and-reproducibility.ipynb,PASS,11.2,er support via tornado. Use `asyncio.set_event_loop_policy(WindowsSelectorEventLoopPolicy())` to avoid this warning.   self._get_loop() [NbConvertApp] Writing 12317 bytes to D:\Walter\R\Pacotes_criados\sciModelFlowR\repo\outputs\rendered-docs\notebooks\14-deep-learning-xai-and-reproducibility.ipynb 
15-bayesian-modeling.ipynb,PASS,11.3, thread for add_reader support via tornado. Use `asyncio.set_event_loop_policy(WindowsSelectorEventLoopPolicy())` to avoid this warning.   self._get_loop() [NbConvertApp] Writing 12277 bytes to D:\Walter\R\Pacotes_criados\sciModelFlowR\repo\outputs\rendered-docs\notebooks\15-bayesian-modeling.ipynb 
16-bayesian-diagnostics-and-predictive-checking.ipynb,PASS,11.1,ort via tornado. Use `asyncio.set_event_loop_policy(WindowsSelectorEventLoopPolicy())` to avoid this warning.   self._get_loop() [NbConvertApp] Writing 12331 bytes to D:\Walter\R\Pacotes_criados\sciModelFlowR\repo\outputs\rendered-docs\notebooks\16-bayesian-diagnostics-and-predictive-checking.ipynb 
17-conformal-prediction.ipynb,PASS,12.1,read for add_reader support via tornado. Use `asyncio.set_event_loop_policy(WindowsSelectorEventLoopPolicy())` to avoid this warning.   self._get_loop() [NbConvertApp] Writing 12283 bytes to D:\Walter\R\Pacotes_criados\sciModelFlowR\repo\outputs\rendered-docs\notebooks\17-conformal-prediction.ipynb 
18-full-uncertainty.ipynb,PASS,11.7,r thread for add_reader support via tornado. Use `asyncio.set_event_loop_policy(WindowsSelectorEventLoopPolicy())` to avoid this warning.   self._get_loop() [NbConvertApp] Writing 12275 bytes to D:\Walter\R\Pacotes_criados\sciModelFlowR\repo\outputs\rendered-docs\notebooks\18-full-uncertainty.ipynb 
19-complete-scientific-workflow.ipynb,PASS,11.5, add_reader support via tornado. Use `asyncio.set_event_loop_policy(WindowsSelectorEventLoopPolicy())` to avoid this warning.   self._get_loop() [NbConvertApp] Writing 12299 bytes to D:\Walter\R\Pacotes_criados\sciModelFlowR\repo\outputs\rendered-docs\notebooks\19-complete-scientific-workflow.ipynb 
20-tracking-persistence-and-scalable-inference.ipynb,PASS,11.5,port via tornado. Use `asyncio.set_event_loop_policy(WindowsSelectorEventLoopPolicy())` to avoid this warning.   self._get_loop() [NbConvertApp] Writing 12329 bytes to D:\Walter\R\Pacotes_criados\sciModelFlowR\repo\outputs\rendered-docs\notebooks\20-tracking-persistence-and-scalable-inference.ipynb 
21-agronomy-soil-workflow.ipynb,PASS,11.3,ad for add_reader support via tornado. Use `asyncio.set_event_loop_policy(WindowsSelectorEventLoopPolicy())` to avoid this warning.   self._get_loop() [NbConvertApp] Writing 12287 bytes to D:\Walter\R\Pacotes_criados\sciModelFlowR\repo\outputs\rendered-docs\notebooks\21-agronomy-soil-workflow.ipynb 
22-spectroscopy-phenotyping-workflow.ipynb,PASS,11.2,reader support via tornado. Use `asyncio.set_event_loop_policy(WindowsSelectorEventLoopPolicy())` to avoid this warning.   self._get_loop() [NbConvertApp] Writing 12309 bytes to D:\Walter\R\Pacotes_criados\sciModelFlowR\repo\outputs\rendered-docs\notebooks\22-spectroscopy-phenotyping-workflow.ipynb 
23-spatial-environmental-workflow.ipynb,PASS,11.8,dd_reader support via tornado. Use `asyncio.set_event_loop_policy(WindowsSelectorEventLoopPolicy())` to avoid this warning.   self._get_loop() [NbConvertApp] Writing 12303 bytes to D:\Walter\R\Pacotes_criados\sciModelFlowR\repo\outputs\rendered-docs\notebooks\23-spatial-environmental-workflow.ipynb 
24-protected-external-validation.ipynb,PASS,11.8,add_reader support via tornado. Use `asyncio.set_event_loop_policy(WindowsSelectorEventLoopPolicy())` to avoid this warning.   self._get_loop() [NbConvertApp] Writing 12301 bytes to D:\Walter\R\Pacotes_criados\sciModelFlowR\repo\outputs\rendered-docs\notebooks\24-protected-external-validation.ipynb 
25-api-catalog.ipynb,PASS,11.2,lector thread for add_reader support via tornado. Use `asyncio.set_event_loop_policy(WindowsSelectorEventLoopPolicy())` to avoid this warning.   self._get_loop() [NbConvertApp] Writing 12265 bytes to D:\Walter\R\Pacotes_criados\sciModelFlowR\repo\outputs\rendered-docs\notebooks\25-api-catalog.ipynb 
26-migration-and-deprecation.ipynb,PASS,11.2,for add_reader support via tornado. Use `asyncio.set_event_loop_policy(WindowsSelectorEventLoopPolicy())` to avoid this warning.   self._get_loop() [NbConvertApp] Writing 12293 bytes to D:\Walter\R\Pacotes_criados\sciModelFlowR\repo\outputs\rendered-docs\notebooks\26-migration-and-deprecation.ipynb 
27-validation-and-reproducibility.ipynb,PASS,11.2,dd_reader support via tornado. Use `asyncio.set_event_loop_policy(WindowsSelectorEventLoopPolicy())` to avoid this warning.   self._get_loop() [NbConvertApp] Writing 12303 bytes to D:\Walter\R\Pacotes_criados\sciModelFlowR\repo\outputs\rendered-docs\notebooks\27-validation-and-reproducibility.ipynb 
