"article","status","seconds"
"v00-overview","PASS",38.4
"v01-foundations-to-advanced-scientific-modeling","PASS",39.9
"v02-data-audit-and-leakage","PASS",37.1
"v03-resampling-and-scientific-design","PASS",37.8
"v04-bootstrap-and-stability","PASS",38.1
"v05-feature-engineering-and-selection","PASS",37.4
"v06-supervised-machine-learning","PASS",38.7
"v07-probabilistic-machine-learning","PASS",39.3
"v08-tuning-and-scientific-benchmarking","PASS",40.4
"v09-imbalance-calibration-and-thresholds","PASS",42.7
"v10-explainable-ai-and-stability","PASS",38.4
"v11-deep-learning-foundations","PASS",38.8
"v12-deep-learning-architectures","PASS",38.2
"v13-probabilistic-deep-learning","PASS",38.6
"v14-deep-learning-xai-and-reproducibility","PASS",38.2
"v15-bayesian-modeling","PASS",39
"v16-bayesian-diagnostics-and-predictive-checking","PASS",38.9
"v17-conformal-prediction","PASS",39
"v18-full-uncertainty","PASS",38
"v19-complete-scientific-workflow","PASS",39.6
"v20-tracking-persistence-and-scalable-inference","PASS",39.3
"v21-agronomy-soil-workflow","PASS",40
"v22-spectroscopy-phenotyping-workflow","PASS",37.8
"v23-spatial-environmental-workflow","PASS",38.6
"v24-protected-external-validation","PASS",36.7
"v25-api-catalog","PASS",37.2
"v26-migration-and-deprecation","PASS",37.1
"v27-validation-and-reproducibility","PASS",37.7
