obs_id,r_450,r_475,r_500,r_525,r_550,r_575,r_600,r_625,r_650,r_675,r_700,r_725,r_750,r_775,r_800,r_825,r_850,r_875,r_900,r_925,r_950,chlorophyll,water_fraction
SP0001,0.150918374358,0.154474501755,0.150295727923,0.151442336981,0.154131953667,0.146538825252,0.151346866141,0.155419323128,0.128226233789,0.121532360491,0.203242290519,0.3092917179,0.362220378258,0.363144829813,0.372037394482,0.377418187572,0.378713403794,0.366150062683,0.344882069616,0.298654659087,0.333497678245,21.5334744408,0.899262325305
SP0002,0.14983506431,0.145030337209,0.156901194864,0.153375140367,0.145048564099,0.147038394525,0.15498630556,0.143361066976,0.119650270476,0.100514268378,0.187607339489,0.305441498873,0.362671306779,0.368571150513,0.36889884742,0.371466463157,0.375282893505,0.369574447167,0.33912266923,0.31271491588,0.344194930292,28.6684670222,0.818625685238
SP0003,0.147678175111,0.152174827662,0.152907686515,0.145846104465,0.151829051213,0.150588145848,0.14945104095,0.150982500289,0.127471482973,0.108650521646,0.194664306361,0.307385229129,0.361994598654,0.368595403223,0.370124359825,0.368888968302,0.368662498051,0.36668780986,0.351834629937,0.312533529748,0.330320697958,23.8363222712,0.831269261846
SP0004,0.151745908734,0.142335380252,0.154569436318,0.16011494848,0.14743203116,0.141741491468,0.149957337018,0.135443074114,0.105022362811,0.0641608713256,0.168855379865,0.304310674843,0.355625192586,0.366864479092,0.377066938091,0.373308916528,0.37096292802,0.371806269505,0.349437697518,0.317832989642,0.341366817265,37.5780809271,0.683237196784
SP0005,0.153506709518,0.148975693176,0.146775998245,0.149439227547,0.142627660751,0.153391500667,0.146819198923,0.147630760939,0.104869592265,0.0874679151231,0.178210210565,0.308219082923,0.359361230624,0.378651623749,0.37063812649,0.375335933903,0.375293371743,0.372462497989,0.34870710935,0.30358166035,0.330777269902,31.3153492081,0.878093792019
SP0006,0.151416798318,0.153231939159,0.147248608678,0.149762495261,0.15045911351,0.152262964553,0.152847774474,0.147334102601,0.116483324122,0.0883308941943,0.191972332252,0.305640987981,0.357557127149,0.371036149381,0.371206214638,0.374012142874,0.379160174081,0.378155209095,0.342025789982,0.31216998884,0.337437091499,31.0485311996,0.709494380233
SP0007,0.150460940911,0.155553047819,0.149262434575,0.152957049221,0.146066025982,0.149390316825,0.147404959735,0.149150713916,0.123608371076,0.123868174134,0.199441794056,0.310951817508,0.356650593327,0.366706013112,0.379046314865,0.369457155188,0.377092917582,0.366276526832,0.355454228624,0.319204415991,0.338144856432,23.9074128562,0.710077828985
SP0008,0.149653996023,0.151952991459,0.144003958103,0.163491046637,0.148733480506,0.146816465999,0.151584193873,0.141652089709,0.119265266262,0.100598717841,0.194654930224,0.307921605572,0.351619865347,0.370942111816,0.374652059161,0.379455462902,0.375043284209,0.370595601792,0.346653429022,0.306834947684,0.331614057121,27.1946407256,0.870654142212
SP0009,0.146221883898,0.155533857463,0.152653663522,0.1497415785,0.14676639607,0.157534192454,0.138800258004,0.147148281518,0.124668261351,0.101021435227,0.194512817463,0.308733947576,0.359872381481,0.37495486739,0.374688944029,0.370527028586,0.380331804486,0.370207535208,0.354639258071,0.322675890314,0.342518672213,25.8282793003,0.636919172802
SP0010,0.14269729187,0.155784212932,0.146814732702,0.154297632647,0.146078511861,0.162649330325,0.152037865562,0.131643078957,0.074112407895,0.0221171512788,0.137016245103,0.29566992038,0.351002081488,0.371598068956,0.378254674528,0.375892199881,0.375719722068,0.37753177995,0.352533912991,0.31692792565,0.338489677852,50.4616794281,0.731012884914
SP0011,0.153213506605,0.152008725391,0.144235756532,0.149379266266,0.153344390158,0.148171756514,0.157483608885,0.145040297298,0.127145792103,0.108107770313,0.203528424988,0.307349702273,0.35656624424,0.374991799673,0.372898108203,0.370680024987,0.376106525054,0.374000695378,0.346946304709,0.313351150627,0.327775079326,25.1648230887,0.812600333824
SP0012,0.144630630218,0.151873220867,0.150902183112,0.14546043238,0.151090027262,0.148809228023,0.150059061379,0.151284618914,0.123134223763,0.101270527315,0.199721025134,0.311276035871,0.358538791121,0.375699014414,0.379814967776,0.377462173392,0.371497477986,0.378573125424,0.350315303539,0.325329230791,0.34256058065,25.5546123062,0.634252589407
SP0013,0.148173582859,0.152492007627,0.150115117907,0.154149911066,0.149180330636,0.150731819885,0.145151196333,0.138833708882,0.0839729250627,0.00796111088022,0.119528524749,0.291396264125,0.364579572149,0.369833443395,0.379928745295,0.371068459663,0.374210102316,0.368919965505,0.351162136796,0.315193404882,0.323947487545,53.9941881412,0.879767537478
SP0014,0.150603006072,0.152374878429,0.147625136731,0.150208059055,0.155665226797,0.152890507215,0.157361734087,0.140655687333,0.084764945822,0.0352410692562,0.151408632919,0.309120811473,0.364118803978,0.363155103723,0.376367327643,0.379041406845,0.379740542638,0.373531217127,0.34974037825,0.311100371082,0.346790346226,46.2037200891,0.706570154635
SP0015,0.14628628654,0.156348483798,0.151547949114,0.152695926429,0.157235603652,0.155708650429,0.15727194692,0.13470423496,0.0696471172324,0.00721022624757,0.119143516783,0.298532714286,0.357601307026,0.366796313933,0.370045378572,0.371330059143,0.370136168136,0.375872537198,0.351980878012,0.317315509055,0.332500207142,56.0358942794,0.750476880286
SP0016,0.148638317644,0.152020056021,0.143059231182,0.156080114814,0.148023951494,0.149542674595,0.148224907146,0.136025656978,0.0831410148817,0.0296977480215,0.14012790107,0.297175270859,0.358116613633,0.374087072049,0.370196323583,0.369063457309,0.371795379828,0.373229738256,0.350514045394,0.322011411859,0.337933469513,49.8788764959,0.674555641477
SP0017,0.153249410282,0.156683674977,0.153827060249,0.151103803614,0.151203653117,0.147797733722,0.152614126861,0.148113960158,0.108986447853,0.0747791937524,0.169531405148,0.307918210714,0.36423655677,0.372835779207,0.374525632364,0.370033756483,0.373182354495,0.37009980679,0.34959939441,0.327921911556,0.341612738894,33.60758406,0.619985922012
SP0018,0.151770579451,0.148503626277,0.149468874646,0.151792521028,0.148668475745,0.150583934967,0.148920677251,0.147754845614,0.123583759018,0.114170328971,0.200641101387,0.307184866594,0.359877582831,0.366158289777,0.376435987626,0.373732996875,0.373038262901,0.367578685537,0.34451847483,0.308006767178,0.330636922817,24.0064626047,0.842065884663
SP0019,0.144941633144,0.143971647144,0.148307304035,0.153863771137,0.153474484434,0.153233225495,0.145588908739,0.146904613805,0.109345683131,0.08195409058,0.175280236299,0.305334883269,0.364443947682,0.37542505778,0.370718889426,0.367941556111,0.374154695336,0.372163868378,0.347071357983,0.313186564153,0.330918382753,32.5277241415,0.823849396534
SP0020,0.14286862012,0.144698495819,0.157103952383,0.151186859911,0.148122751848,0.15145091388,0.156845684954,0.146611980016,0.113582436996,0.099381958435,0.193018041587,0.309600334155,0.353168278483,0.358744252363,0.37372076589,0.378851692355,0.373714927586,0.374646356631,0.347130936378,0.304149499762,0.337366892397,27.9763506162,0.878004263586
SP0021,0.14984984048,0.149561509013,0.15028728875,0.149185247707,0.150648518391,0.150934642012,0.15426864215,0.141295339856,0.0661295485455,-0.000534705889525,0.126155885234,0.294168745771,0.357169481418,0.370961302541,0.369382067043,0.373723074572,0.378824721737,0.379422346565,0.358423424989,0.30950994071,0.332088482197,55.6144164383,0.789229856609
SP0022,0.144454969318,0.152338638271,0.14889495609,0.144808090142,0.1540719837,0.150688735937,0.158205841075,0.1354194503,0.0926924793243,0.0302302211156,0.151436480947,0.296661239258,0.360506971008,0.367953278053,0.361659306468,0.362124274751,0.373766542483,0.373193342898,0.353071545317,0.305713957208,0.337526581745,44.6691563375,0.799208293434
SP0023,0.159587931284,0.145105942051,0.141521304919,0.147748571895,0.145837390756,0.149706709867,0.149192525504,0.143963917353,0.0883782317232,0.0387421926738,0.140792958358,0.296081351365,0.353440582003,0.369660862265,0.371409322692,0.379491718317,0.374168414149,0.366830364881,0.355593017201,0.323505234729,0.342559068896,46.7376007505,0.669736945245
SP0024,0.136756844886,0.150391570737,0.144055562497,0.155051858336,0.145468561348,0.148733659565,0.151297982478,0.13117639595,0.0705172241105,0.011885132213,0.117632766464,0.28741042543,0.358341845171,0.369497773819,0.374925576846,0.371118846806,0.371237021014,0.368693098796,0.34289844943,0.309215120762,0.336074457167,55.1518396208,0.855264850479
SP0025,0.148843929966,0.143540053975,0.148450708859,0.151040730817,0.156440328904,0.148156451034,0.150094093252,0.15217760732,0.117347432615,0.0949454532481,0.181717347818,0.305815202752,0.355571492366,0.373385743761,0.370302985671,0.367500876107,0.374077738868,0.368933162593,0.350298233089,0.319468200922,0.345449271665,31.3956466699,0.756516103084
SP0026,0.154184853163,0.146660721306,0.151133437079,0.146679692222,0.157074912519,0.150587583845,0.149815835223,0.138589331478,0.0827517949993,0.0220316211865,0.129603062556,0.290630690937,0.357173349883,0.373305176334,0.372127004173,0.371480250529,0.372417651186,0.362225941441,0.343369748708,0.308675068965,0.336035253471,51.7120623169,0.868679683961
SP0027,0.150639400484,0.148266772231,0.147283239474,0.15089757318,0.152316686666,0.147816124701,0.148498936675,0.140948350915,0.0911176438483,0.0566074880837,0.154943474307,0.295589298474,0.35337401635,0.371093173815,0.380157602589,0.376639710712,0.366695956332,0.376329065019,0.359040601422,0.319129142592,0.342850464383,40.8206829588,0.637931130805
SP0028,0.147998075625,0.154136579087,0.157269591422,0.1478578367,0.150899482705,0.147946134092,0.15266180668,0.148399237307,0.100321095131,0.0753222502413,0.169719783182,0.306950926906,0.355763419362,0.370512035202,0.379078852841,0.37019731729,0.365628882174,0.368269375344,0.350053717635,0.30924914481,0.330595910127,37.1112125455,0.798685941856
SP0029,0.150380680534,0.147309643852,0.156340710562,0.151855400941,0.145993079461,0.149740102038,0.15372770384,0.141656777882,0.0954987243961,0.0429902143422,0.147851969976,0.304200215673,0.360475600039,0.371742454475,0.366367332695,0.372370244007,0.37074787134,0.372380494919,0.35484238075,0.317237465755,0.339647950838,42.8638540843,0.69567014968
SP0030,0.156086701443,0.145986444512,0.145887555387,0.144096655894,0.154478801628,0.151902530161,0.154914292993,0.137663074026,0.074063108203,0.00993837900939,0.128666380899,0.292196969073,0.353708839339,0.364961259799,0.370314443005,0.383334344291,0.369018915354,0.371779612019,0.351683632124,0.311006583825,0.331225575381,55.1301362943,0.755205274512
SP0031,0.147264333829,0.148486915744,0.149627052829,0.146192631165,0.143258614346,0.150638041775,0.151922662347,0.142540460238,0.0671516915717,0.00564246050245,0.120925678772,0.29818173054,0.351164768998,0.377363122361,0.371737204002,0.377029983295,0.375052131481,0.374072693315,0.341224589861,0.30462982513,0.32466354487,55.1520372353,0.899288624222
SP0032,0.146045510609,0.154626240819,0.148892119407,0.147281087888,0.152261753335,0.146656664866,0.158968431759,0.146452419348,0.12135971855,0.109356913314,0.205755582224,0.314603316902,0.359584234944,0.370128324645,0.369847984144,0.381812677671,0.37600273966,0.371793660365,0.357540412526,0.320813081928,0.33870010343,25.7966136714,0.745820511337
SP0033,0.148355022433,0.152867197311,0.147813171536,0.147695652721,0.150673517218,0.161998995598,0.150748766356,0.146897708766,0.118531120208,0.102937923018,0.199759268862,0.308963184343,0.359044978771,0.368997334389,0.370174968617,0.37000965607,0.376412864754,0.380470035437,0.355960665301,0.329284000708,0.348051284931,27.1371867984,0.621524915008
SP0034,0.149416138782,0.150681935563,0.146556940395,0.147314033744,0.146866366175,0.14567909681,0.151405880156,0.137363443998,0.0707710565699,0.00357646334416,0.120917485321,0.293725889948,0.361212362842,0.362758616446,0.369189980979,0.371703175686,0.372757948661,0.36924639711,0.355621529631,0.319862246314,0.337436755119,54.7794460122,0.789441839731
SP0035,0.145713880365,0.163669486093,0.154763621835,0.152960692261,0.144300954527,0.154276085063,0.153799999443,0.140570259799,0.107371682347,0.082917193306,0.179725672683,0.312369769003,0.362806087912,0.367464677205,0.377993716354,0.372459632834,0.364755112675,0.373864969077,0.356421105355,0.324338868948,0.33903938243,34.67203138,0.697788852685
SP0036,0.148706092807,0.151865496446,0.150606767655,0.15278838799,0.152938265072,0.146918522383,0.144188929918,0.150636702247,0.104962593443,0.0719595527252,0.168011750754,0.300156791268,0.364724727637,0.367959799908,0.376671837192,0.373364745067,0.370611847667,0.365599317662,0.351358557379,0.313121288783,0.334259747051,36.1716511859,0.81444401392
SP0037,0.152410970833,0.144524081707,0.156796722492,0.153668184216,0.153153370923,0.150737349487,0.146466842943,0.148408768386,0.108483178702,0.0709968837909,0.172694989709,0.305721712899,0.358301339528,0.367384466092,0.37537952406,0.379350512982,0.374663978219,0.366486045349,0.353869857476,0.310351882051,0.336423398995,35.7812473644,0.795227397738
SP0038,0.155860404623,0.146990079177,0.151312208011,0.155775720283,0.145401104902,0.15335394823,0.152371776107,0.139604847908,0.069179618479,0.0030630708736,0.120248010018,0.289290942503,0.351541130252,0.373563711741,0.371673111785,0.375384771297,0.371035741935,0.374012812083,0.346344434378,0.305109035005,0.328181161832,56.304869217,0.894358112493
SP0039,0.152588897045,0.143262908094,0.155671212979,0.149608479982,0.153106672092,0.145590231071,0.150913331893,0.142675836265,0.118778255821,0.0978660319762,0.194426062259,0.311652738988,0.353196770798,0.370756030476,0.368860328861,0.373059231079,0.372654157246,0.363399813484,0.357736147418,0.326586107245,0.348167837681,28.0133656654,0.620307097124
SP0040,0.144784174287,0.152513955075,0.152092308427,0.149481881135,0.145216148261,0.151033617467,0.148828968149,0.140752358673,0.0807850110462,0.0496880512063,0.146233884241,0.300790853321,0.364850928467,0.367476967535,0.370429187431,0.369255192798,0.378693392942,0.367478560632,0.364142454613,0.327844850629,0.340841531817,44.2128894927,0.610028218186
SP0041,0.153783986921,0.146593261055,0.147173799854,0.152219196147,0.14430973085,0.155170917442,0.152417236766,0.147806317009,0.109294549038,0.0797357170876,0.183164400173,0.308426686899,0.364655000127,0.364816068586,0.381646732456,0.378351764327,0.374430791482,0.365122492321,0.349395424391,0.316751040384,0.333561791262,30.994350634,0.793381992026
SP0042,0.150088633988,0.15270306796,0.149829898306,0.147785134315,0.154750713573,0.152425436685,0.154742741724,0.147876665732,0.118382333722,0.102497818375,0.191985173369,0.310165615768,0.352490200096,0.368666627053,0.37194604871,0.373029440243,0.373817727203,0.371122422384,0.351669122019,0.30951808255,0.337674122992,28.2747847537,0.77945396865
SP0043,0.150446041849,0.147943462407,0.148991928089,0.155615733362,0.156497136448,0.157521851993,0.151425069485,0.142121125505,0.072677218105,0.00781451003365,0.129902969478,0.297851466271,0.353588253996,0.372940145967,0.367635274834,0.368569211887,0.368233978386,0.369119262136,0.345537573055,0.309414277106,0.332061073539,54.9646190358,0.870076724105
SP0044,0.148996861233,0.14884272831,0.153957907661,0.146003278541,0.152791177984,0.145887912774,0.15248656393,0.140418449731,0.0687900269798,0.00583170541709,0.125499348857,0.295533768293,0.359023014581,0.374124623585,0.374595017346,0.381138517013,0.373975696352,0.366659761997,0.351357406948,0.306967256996,0.334367401261,55.3315421241,0.860379386118
SP0045,0.149394550409,0.159854988635,0.147404441664,0.154408079286,0.143631508784,0.153621141494,0.152239690258,0.148377753352,0.115563045815,0.0850170779442,0.178025423271,0.304914401447,0.356786186243,0.365702307838,0.379867087294,0.377531506803,0.37241602919,0.376377705708,0.348611575155,0.310887241082,0.323018370494,32.9168216464,0.851659481707
SP0046,0.150120193924,0.152604017146,0.157968925439,0.151237293902,0.156256386718,0.150390063637,0.148803463217,0.141437458365,0.0906027200302,0.0402401631925,0.148873702722,0.300176456898,0.354138747175,0.371831105515,0.374600277544,0.382376075966,0.373090330259,0.365198717552,0.350891994451,0.320305383719,0.339005409813,43.536070549,0.659554783332
SP0047,0.152959499478,0.148532517867,0.144585932637,0.1517334025,0.156352155883,0.151295085353,0.152771852511,0.141617632081,0.0675474854614,0.00611278195471,0.118184250506,0.285367423329,0.353548786016,0.367875923082,0.373789610067,0.372546066081,0.372214859153,0.37029924926,0.354205553297,0.310187561584,0.330151356277,55.3239192972,0.754702771087
SP0048,0.147745610036,0.146995538816,0.151675958247,0.151075491799,0.151590731616,0.154516955037,0.154447453995,0.150396081726,0.124115863017,0.106972128649,0.196609986269,0.310050310794,0.363334535454,0.368933288345,0.372486204293,0.370505754082,0.370064835192,0.374989731363,0.361102065086,0.322805381795,0.337706959004,25.4993792739,0.667744810835
SP0049,0.150245776073,0.149954166232,0.152038666459,0.151185238395,0.147508535118,0.149142865209,0.15268808127,0.142409935657,0.123237071923,0.10598224382,0.204047133246,0.310241160482,0.356717486798,0.366839072263,0.373447717988,0.369850394434,0.373430053064,0.374062181239,0.346460061193,0.319453792818,0.337142646661,26.2814811945,0.780895673336
SP0050,0.157222954878,0.148036901377,0.149534087925,0.153250133333,0.145228707318,0.145836979548,0.157044944117,0.146215067043,0.0933339736985,0.0562085103276,0.154562726669,0.299194089569,0.358123684,0.372084631907,0.376894154681,0.379101554605,0.373510463964,0.371339636014,0.355402707329,0.33079463791,0.33782497714,41.2233433216,0.671157535202
SP0051,0.152869699962,0.149096479827,0.150957570378,0.144205389312,0.14884669149,0.144429779236,0.155693441076,0.1427341913,0.110128878675,0.0812068694836,0.184513418812,0.310511217317,0.360202175494,0.365200215381,0.375226116489,0.368522453579,0.376773128724,0.372413535191,0.347238134278,0.311534505262,0.335923754653,31.4826920301,0.86616613003
SP0052,0.143426448019,0.155178988499,0.151430242254,0.151759140468,0.152411757691,0.152481792612,0.153989018503,0.145283342502,0.0932276440639,0.0317161271988,0.155627538914,0.300119751943,0.361178854286,0.368475502398,0.373317504546,0.376558731566,0.375099619291,0.373620181347,0.349391218527,0.30136634871,0.334340132161,44.8023456064,0.869636237971
SP0053,0.150774679894,0.150936325352,0.154112003936,0.150625831012,0.159980133276,0.146499813039,0.150592969748,0.14236041811,0.0703415605891,0.0158300054755,0.124783557675,0.29821179239,0.353942876975,0.3713241885,0.372378184731,0.372027653612,0.366025256499,0.38069614225,0.360890378264,0.331732724594,0.346897144338,53.1548541694,0.606898264214
SP0054,0.154067372857,0.150024438454,0.154903042618,0.151636471893,0.147270590223,0.156705087872,0.145255816582,0.149526245452,0.123644541799,0.104506132398,0.198763597639,0.307914141316,0.364192144929,0.370300365909,0.374455498877,0.373660813496,0.382202961172,0.373242252542,0.351306695633,0.331498558118,0.343863971866,26.2840342987,0.616405072389
SP0055,0.150272842154,0.152414505895,0.144312580004,0.158309159147,0.151347415658,0.156878204255,0.154089522362,0.133957132157,0.0905461471016,0.0326362665002,0.138880427476,0.300766293901,0.363884113096,0.368814977175,0.377264290926,0.373281624914,0.369874966629,0.375718133698,0.35123214924,0.326468649961,0.339754745308,47.9230337962,0.646288226737
SP0056,0.146802556238,0.158513342575,0.1517046433,0.145883051482,0.151421882454,0.153218153581,0.153676775104,0.148380551117,0.109898911014,0.0843087574368,0.183032884239,0.308051338084,0.358269049396,0.36164366386,0.376818652115,0.37595359787,0.373741033516,0.370178512991,0.349529804658,0.304427178965,0.324467848865,32.1336544407,0.869201365652
SP0057,0.148749940395,0.155233879693,0.143614606072,0.153130486021,0.148531222554,0.154590850666,0.146411938989,0.142762506313,0.116458326121,0.0916129727921,0.190352890969,0.303415132371,0.363963754541,0.367808740003,0.370875202603,0.375530255266,0.373541119984,0.361835331115,0.348297592109,0.30885774689,0.33300732679,29.9904881083,0.825376323461
SP0058,0.145950093084,0.147033981107,0.149228481985,0.153304965065,0.147483971822,0.154867421072,0.149613510121,0.143703635652,0.10964359641,0.0803623077219,0.171822911548,0.304454393883,0.362938035976,0.373762054,0.368087092465,0.376349884818,0.376742675143,0.371606014072,0.356728816528,0.312478037358,0.327665717775,34.9562832708,0.808886756501
SP0059,0.152276549705,0.147242347137,0.148638235634,0.147769640886,0.155502393647,0.152065368274,0.150388717274,0.147017865942,0.0752942072367,0.0153460349031,0.123767727456,0.296000038025,0.35582629109,0.366147055982,0.372610578424,0.375338817743,0.37227511349,0.369630289362,0.356639456889,0.314740691581,0.334468761753,52.1654030163,0.762806861674
SP0060,0.148783916208,0.153388272312,0.15173267983,0.147536668917,0.152615700768,0.153743768887,0.153084734975,0.139067572588,0.0700529239073,0.0153175197922,0.121499449446,0.298123000742,0.353829659853,0.375143737528,0.363062839922,0.370509761269,0.367911142648,0.379398119124,0.357827077939,0.328778770371,0.342470950314,54.9497584251,0.608389936247
SP0061,0.155065500443,0.148716242094,0.15587843745,0.148838775618,0.146171638497,0.14615165088,0.153224980757,0.147767574716,0.0869951216788,0.0428522142904,0.143225186155,0.286493186107,0.360262224118,0.372375862029,0.371724393669,0.375266611331,0.372332730121,0.375494385688,0.354629688194,0.315963478151,0.339527972048,47.8717630378,0.746324239722
SP0062,0.152261501009,0.152475193908,0.149491866159,0.149277821901,0.145759687774,0.144545201501,0.143047921184,0.14538663694,0.0933100395172,0.0365298139338,0.149424006999,0.297796239973,0.36119260672,0.368755918203,0.369559353255,0.365850456352,0.375583625203,0.369805786049,0.354002261216,0.326819876437,0.343968795444,44.0443706658,0.664776147305
SP0063,0.145687648299,0.14701159145,0.145327373284,0.146546360088,0.153370281364,0.151682975112,0.147804416994,0.141019327958,0.0817742825708,0.0252344090059,0.142958572589,0.294231251658,0.354987705341,0.365730321281,0.380649343497,0.377284997612,0.380830873758,0.371724722833,0.347147076903,0.30530438685,0.329157389005,48.8566542384,0.898632245927
SP0064,0.146764198578,0.153612311608,0.159486104663,0.155596740892,0.15413908603,0.149280621469,0.146402532664,0.143451733598,0.0860649062313,0.0473553526443,0.157947249155,0.296056462135,0.360241974966,0.37298265894,0.365972983394,0.380397183353,0.37089678748,0.376829081967,0.360865783118,0.315924328329,0.34367060716,41.6848581221,0.692576251074
SP0065,0.151422904392,0.149366268509,0.150129221901,0.155537256806,0.148581637367,0.148727513853,0.150206056865,0.148600255044,0.108051793155,0.0893866300878,0.187571900401,0.303710353767,0.356509280067,0.369464482055,0.376922743396,0.374812027614,0.376173964179,0.370300964872,0.358733984896,0.323932339293,0.343059542812,31.0575312945,0.651682238932
SP0066,0.14468847531,0.1537502123,0.151385259946,0.145891015804,0.148664684038,0.148900816436,0.145666056014,0.141052326564,0.0877010588151,0.0496272957831,0.156482000196,0.301440300203,0.355520173387,0.374611555379,0.37081111605,0.375599359014,0.37615937066,0.369417828639,0.343749495196,0.310093153586,0.331360936635,42.4466174503,0.819614292996
SP0067,0.151437879109,0.154378388892,0.155698457311,0.151037065597,0.148194534398,0.149262585596,0.146839242689,0.149625965896,0.102404026748,0.0753526947803,0.174966598151,0.302513149038,0.364224419372,0.369294579127,0.364440859628,0.373702129638,0.375785455953,0.371527755968,0.350102134694,0.319989118498,0.339548544614,35.1652532795,0.71335616025
SP0068,0.152401024225,0.149908641551,0.155219085011,0.151825692107,0.149421618555,0.145128584897,0.152529449788,0.149604645277,0.129667349738,0.112561083884,0.20178792939,0.314229723174,0.354531260761,0.370037826838,0.374446369547,0.366185260919,0.374503321429,0.376520018118,0.341140142948,0.314137149405,0.330671074594,23.5462736378,0.832186799688
SP0069,0.146803546382,0.155858297059,0.149033916785,0.149005884272,0.153211283454,0.153053966935,0.155146950669,0.133910573992,0.0644492647991,0.0173813893817,0.129627494309,0.289645065966,0.362071907266,0.36357478652,0.37193715778,0.372392587155,0.380836845222,0.366692685597,0.35698057336,0.320470810742,0.332097439997,54.8483871405,0.767705288447
SP0070,0.154747562769,0.149628312303,0.153580056619,0.148052420745,0.154192734375,0.149047098957,0.14943022445,0.137937821637,0.110486095987,0.0801111429617,0.171916565022,0.305178417709,0.357615890501,0.370597901701,0.367308405049,0.37432710135,0.374032009128,0.367452156969,0.348431374113,0.311559818815,0.339002543117,33.6956337414,0.82395914064
SP0071,0.157291698005,0.14973595069,0.154832764846,0.145788713009,0.140392263859,0.151186531961,0.145519103535,0.135528663439,0.0933841561324,0.0443921657966,0.148541632781,0.289510531856,0.356063364998,0.366790670234,0.369936772871,0.369717923398,0.374180195597,0.363456078044,0.356338720398,0.310562347528,0.330325065473,44.7942656466,0.848278200484
SP0072,0.150431093319,0.153947969055,0.149914609116,0.15368058549,0.152022501883,0.150651452193,0.151254511413,0.143754821253,0.107418908948,0.0690085860178,0.174812943317,0.30619045418,0.358986324724,0.375236133611,0.368375981904,0.372426826058,0.373128259562,0.37362184515,0.35784300962,0.313891680464,0.339014529416,35.7211705997,0.758799556482
SP0073,0.150724581081,0.150473481301,0.145344663507,0.152653264488,0.145647172709,0.156273311164,0.144664952494,0.139882716176,0.0792796959677,0.029059650035,0.139073829847,0.287499397631,0.358461581197,0.371707178703,0.373523303634,0.374666314583,0.382078096727,0.369866777502,0.357882900594,0.327233632007,0.337772313428,50.7308594309,0.628749736095
SP0074,0.146507250731,0.151450689203,0.146347616155,0.15065766628,0.14750452337,0.146041669007,0.149685036781,0.151540450376,0.117416394295,0.103218184722,0.191396346024,0.306536731013,0.360802262664,0.370861248387,0.374342133687,0.374180870561,0.373442492425,0.378312039798,0.35885219388,0.31229372728,0.336890929249,28.0053081496,0.768472572375
SP0075,0.140453823978,0.154765618553,0.152054874176,0.142572281437,0.154540763425,0.15007233806,0.154044654584,0.139758329517,0.104337321199,0.078248346869,0.177369614246,0.304668859335,0.358411375903,0.368630098121,0.375117035026,0.366836794116,0.36502407483,0.364275099584,0.354227743709,0.311129460074,0.331710073279,34.7313548447,0.894735040481
SP0076,0.151994021914,0.148553141414,0.157868068411,0.147636820666,0.148172987374,0.15322171501,0.144239786655,0.135985138647,0.0624485929675,-0.00508324006966,0.109394145857,0.293847582905,0.360511754326,0.360827837951,0.37094993119,0.37179387911,0.372134529472,0.368180046698,0.360824265252,0.317921521436,0.336411196857,59.0374629729,0.782913288741
SP0077,0.146391652202,0.152313212799,0.153038188538,0.150508662879,0.154263753976,0.154536005104,0.145901751517,0.14692050902,0.118059282356,0.113248697104,0.205524371425,0.309087355393,0.368773435228,0.368327492726,0.370617305099,0.369515586669,0.368731410942,0.370600018239,0.34938864975,0.318491481584,0.335400322926,23.2859914394,0.791114725808
SP0078,0.14284474616,0.149948962174,0.15435180877,0.142408729759,0.151712481752,0.151272416114,0.15518914421,0.146580053995,0.112985174165,0.0869096764058,0.183352460529,0.30581059627,0.359058886623,0.373922656888,0.373019536804,0.369320912153,0.376007320242,0.365763140439,0.357128683783,0.330836144539,0.342662300562,31.2926177485,0.636966460007
SP0079,0.15056716756,0.151560157766,0.144798677008,0.14704363595,0.149008233216,0.153121849802,0.149946322366,0.138704931353,0.0719784331434,0.00530854511389,0.121273724537,0.296038927445,0.353643131116,0.366541698967,0.377128589728,0.370236814179,0.375227856235,0.369479953888,0.360011021255,0.327390672927,0.338051792518,55.6680947928,0.714208266648
SP0080,0.14732412946,0.146140055906,0.148553603066,0.146153732007,0.139039952675,0.148674909558,0.153967164635,0.14732721283,0.0816515186195,0.0209707151344,0.137929726127,0.303261504233,0.357655967011,0.373487260474,0.37484904335,0.372047161673,0.36863852464,0.369342873888,0.351592719138,0.317184128339,0.338074427995,49.6975468686,0.738376506967
SP0081,0.152546707954,0.145274930128,0.150843747478,0.146713616571,0.153301807712,0.157735261227,0.151275824686,0.146896599817,0.100776261889,0.0605466136302,0.16845621051,0.303237361784,0.355188551861,0.370312515473,0.370607052041,0.374810978585,0.372108020416,0.379759720089,0.340984411075,0.3087227446,0.333506320485,38.795306952,0.845010991031
SP0082,0.144811763722,0.152820799727,0.145580675657,0.155017529308,0.147223020099,0.146297994622,0.154484605087,0.142766623577,0.129481438719,0.118419272367,0.202313651473,0.319770228345,0.35531516602,0.369887975701,0.371693841371,0.377356408383,0.374288800759,0.370886579173,0.346004584995,0.307435892622,0.326048294596,22.1242350685,0.870929309483
SP0083,0.149230969393,0.147716047069,0.14734758441,0.145775895194,0.152145562572,0.149778500612,0.15028568439,0.137691228764,0.0665258830687,0.000580232197267,0.119211363131,0.282217615903,0.355464981767,0.376377688736,0.367755348134,0.374527093245,0.370798440429,0.377549158723,0.35112819014,0.325952264797,0.336484942711,57.8556927841,0.738280043544
SP0084,0.15044190687,0.151240035746,0.152676803348,0.153755842973,0.152920227269,0.153309452641,0.153288754994,0.147668922919,0.0900532921461,0.0514592728006,0.152887883961,0.304367616869,0.358715112055,0.363187010858,0.373611130237,0.372508203679,0.37785991049,0.368867389149,0.349104236144,0.315103957431,0.337501208039,43.6721395509,0.715967730869
SP0085,0.152981169187,0.148411106926,0.151637021745,0.150288223588,0.148288823999,0.152490549817,0.154955962359,0.145849708426,0.110797271211,0.0766855274243,0.175073461976,0.311599326493,0.350223250117,0.376543047928,0.367833570627,0.373941050215,0.374947902023,0.375190385255,0.355019281431,0.30031519391,0.327011400235,32.9817191231,0.892030492827
SP0086,0.15193074076,0.147493434627,0.149416107172,0.154990639623,0.148387211166,0.163317157592,0.156109228654,0.139253043824,0.0866904406593,0.0426824674467,0.142069058698,0.296928192269,0.354822273434,0.365309258481,0.37478036828,0.367808990454,0.375531822692,0.368699573294,0.350631648881,0.302585024605,0.325972380847,45.7567448977,0.865111459482
SP0087,0.152478423907,0.147954425945,0.151165182912,0.155637323905,0.158321747857,0.154286325038,0.154630464526,0.148623592429,0.127183147512,0.109873053768,0.200655905827,0.310854471287,0.35932275669,0.37403011987,0.364748614609,0.372786603239,0.371028374578,0.374846049907,0.362008092767,0.325229609177,0.345565748128,23.729189256,0.664537162319
SP0088,0.148167642518,0.147444887888,0.148708289956,0.153245496941,0.14808571716,0.153627790741,0.154939266895,0.14981495679,0.130811145284,0.127164034235,0.207693742983,0.312171493244,0.35800775541,0.366687500496,0.367869623842,0.370138833957,0.371132479796,0.370341828197,0.348247302214,0.310380976612,0.326071294587,22.2430776947,0.852957726146
SP0089,0.142928661289,0.150189097245,0.148205022741,0.162491065198,0.1470189185,0.149156814432,0.150653875004,0.145681551141,0.11032761531,0.0926038527909,0.181927903997,0.310037030334,0.364672259822,0.370817568827,0.37549955708,0.375901462929,0.374075475892,0.369242102351,0.349687814168,0.312004901318,0.331010260956,31.2960598357,0.871701259798
SP0090,0.148108905083,0.149789572119,0.14594966148,0.145373276272,0.154622024702,0.152911878225,0.152125102718,0.148019313278,0.103067107725,0.0662352623103,0.175034181476,0.303020370329,0.359656949931,0.367939478055,0.379974748435,0.373394969501,0.374549256152,0.377371389231,0.353364005904,0.320271483746,0.339955828329,36.1115250647,0.763092394166
SP0091,0.149225122743,0.152525602328,0.155010091084,0.140380078034,0.152957488497,0.156692560863,0.150574947454,0.13291932782,0.0859052280348,0.045327096315,0.150915282677,0.301386460069,0.358582392539,0.366605301182,0.377351121678,0.376078474582,0.369737706189,0.369360258171,0.355382633283,0.314555177555,0.339884272376,43.4085121749,0.724368597003
SP0092,0.14818811435,0.149176484368,0.15501646446,0.150985393612,0.148390076207,0.155206639477,0.152969889317,0.150473478561,0.115618543064,0.0958530943237,0.183765028095,0.306407178841,0.358224821646,0.370172152411,0.371582469883,0.371065860848,0.369141102483,0.379138844454,0.349907921825,0.316740637988,0.337799343035,29.2915704864,0.715116069837
SP0093,0.151956900051,0.146619831434,0.1508171407,0.157286751558,0.154473668339,0.14141439541,0.161921661886,0.142275262038,0.102230036099,0.0820694348149,0.175536368742,0.303688797504,0.347747913007,0.377063640477,0.376677543124,0.370303576165,0.378434166192,0.371031664542,0.350421399507,0.32386260347,0.336186281338,34.0725052271,0.685159344018
SP0094,0.14520334548,0.156551471628,0.149865842089,0.153622284488,0.153670131651,0.147511317489,0.154745998479,0.1420354759,0.078210105956,0.0175798362008,0.135687158925,0.292408705868,0.3641596101,0.370604617,0.376631060088,0.382623998555,0.374100449233,0.372291023585,0.361328617178,0.325835172846,0.336920508192,51.6017826138,0.602878436231
SP0095,0.143709922385,0.14901081289,0.157808425641,0.148430079487,0.149520933191,0.147539851772,0.157097281648,0.143403999207,0.0671270916561,-0.00829006740546,0.118527693715,0.293775793999,0.358408810654,0.372234359774,0.373512035898,0.372189160449,0.364065819699,0.373074146018,0.354012538943,0.328260158527,0.341887724106,58.4542113236,0.635138959345
SP0096,0.144244802084,0.147707351213,0.149145146128,0.150433713606,0.154016773924,0.143197162109,0.144121540114,0.134141053221,0.0800280814751,0.0169529813036,0.124915280549,0.300389766974,0.354840090911,0.373732783384,0.367749784165,0.374251145473,0.372814002141,0.373443346678,0.353818528787,0.311836267737,0.329868363649,52.1035330751,0.759445795868
SP0097,0.153298894503,0.148957254053,0.15113898796,0.149590236502,0.155989645757,0.145366440889,0.152331486875,0.142876635132,0.0940006844459,0.0637732725959,0.162985987401,0.305382057121,0.355074557291,0.378207285126,0.371215310721,0.369403749706,0.377760589028,0.364325574873,0.357832991057,0.31805854628,0.335354085738,39.2312263587,0.741781855668
SP0098,0.154290287578,0.151266991367,0.15280978705,0.148778908372,0.152217274632,0.151064697603,0.153213478582,0.145848914218,0.0928505985254,0.0536642306725,0.158314349297,0.29536630445,0.361265753517,0.374278132711,0.374191208541,0.37235769301,0.37282396833,0.367490564317,0.351449261031,0.313138254111,0.344523758392,41.8777504426,0.8454622254
SP0099,0.147318354705,0.148153152198,0.152023650034,0.148833990791,0.144821570625,0.148733979778,0.153525072065,0.141092001831,0.116384131105,0.0968973950881,0.191782083254,0.306119543259,0.359279343144,0.369481092436,0.370166852146,0.376785283931,0.373461827673,0.372268479959,0.355900794489,0.32511354082,0.33412892381,29.5936657114,0.659649539167
SP0100,0.142787522256,0.147554328096,0.147547753192,0.151731120556,0.154587452969,0.143042265002,0.144033473451,0.131951155066,0.0724768897332,0.00667941929133,0.125564003723,0.287826843293,0.349991541845,0.370926480339,0.368370008881,0.370453773466,0.378963143579,0.368720354647,0.347399706483,0.331612906101,0.332699645277,55.4913746018,0.610203400875
SP0101,0.146320987321,0.147545970323,0.148853766272,0.153837989269,0.151433052942,0.158006882552,0.15212375422,0.138093577642,0.0729393356597,0.0100576603081,0.127052601794,0.289186383202,0.353780857985,0.36677996537,0.376053307497,0.371921862699,0.373017601213,0.368561001894,0.348321939932,0.305929157067,0.326777511368,54.2169388305,0.859247938418
SP0102,0.148330032406,0.150199477609,0.146887395201,0.146119681411,0.14408465951,0.145097084336,0.1524740912,0.140887915307,0.0994377321381,0.0800464714488,0.173417927165,0.310544302275,0.357706775619,0.37369418785,0.382454610816,0.375682359731,0.375026401064,0.377329607638,0.357480747133,0.318983695073,0.341040948456,35.2782613868,0.659494201493
SP0103,0.152853797255,0.150576616986,0.153301165289,0.151589087356,0.147205536418,0.153336371556,0.156623852379,0.139315341084,0.0829539393411,0.0322422855931,0.150683676233,0.297742826047,0.357913868947,0.370430281388,0.371597207944,0.377889602392,0.369945120158,0.37398662859,0.352217498666,0.323937300306,0.337618573553,45.9984315462,0.735047187588
SP0104,0.150576126989,0.155588780258,0.148338384831,0.156202369441,0.156149699142,0.153610418567,0.151128502656,0.148820334769,0.110114734337,0.079155442964,0.168572066629,0.304676427217,0.367483928351,0.366466427913,0.370944685377,0.37609374074,0.374705447748,0.371972187141,0.35551869346,0.321555604771,0.335080486757,36.345595462,0.728899358123
SP0105,0.15250671658,0.145638550649,0.144681203075,0.15067502113,0.151517768266,0.152378076447,0.160048330193,0.142830341998,0.0849597845572,0.0319871774675,0.140568740776,0.297774158588,0.364650742838,0.372642247554,0.3740515496,0.370957662918,0.373940509465,0.37085173283,0.359510099684,0.320508174629,0.342022439829,47.5495317445,0.653020692416
SP0106,0.145158033049,0.148021139444,0.153607749645,0.150395829645,0.150640435645,0.159573573687,0.157308365193,0.147390600932,0.103219304748,0.0856066875539,0.177495748931,0.31830853244,0.362587634176,0.367546664411,0.37425626872,0.379349284358,0.376905514317,0.371227235628,0.351950275232,0.317788884932,0.337563428181,33.2772924872,0.749122873039
SP0107,0.145381115802,0.148729912835,0.148399231491,0.146222130004,0.158625438641,0.14206015141,0.14848066077,0.1423347913,0.0688410223181,0.00139696578256,0.118103670814,0.29353120712,0.368336252072,0.368448229081,0.372777592084,0.374705454196,0.371496772507,0.371056547073,0.353956156949,0.317244904836,0.330420251332,56.9845092541,0.830625301996
SP0108,0.155318666077,0.14885508322,0.147767406277,0.149197086222,0.15407740661,0.150676162187,0.14743862855,0.149580769245,0.134989479295,0.122740186483,0.207868213421,0.323283692047,0.359373696624,0.37071182634,0.374661731949,0.374915267494,0.369027557306,0.376140401826,0.361554850308,0.327070682646,0.337477760362,20.4310077867,0.62406924779
SP0109,0.14991860145,0.149078902873,0.145601574896,0.153613057118,0.149566667736,0.153573555529,0.14879981121,0.142316118288,0.116646116677,0.095972251765,0.189566736753,0.313929066927,0.353890122193,0.370389434644,0.372146657753,0.361197227687,0.370994121753,0.369164660737,0.344844919688,0.308996223857,0.33918042884,28.8691300597,0.804167006803
SP0110,0.147123806414,0.148614083608,0.143082548261,0.14049704979,0.147791002228,0.153921468969,0.154579064126,0.147748877296,0.129624946395,0.124501465271,0.20184228918,0.316019655326,0.358016547108,0.363752352863,0.371150485934,0.364435440169,0.368959170869,0.374806324606,0.360500352252,0.319287142452,0.340742667379,22.096935358,0.607724294979
SP0111,0.143095504042,0.150842739456,0.145620132445,0.151771287224,0.153517120685,0.156154430398,0.150306496613,0.145180338229,0.118215182856,0.104021058519,0.187003398904,0.315720456289,0.356950960692,0.369841968571,0.36738950622,0.3722196964,0.371547096017,0.377010742149,0.345717881727,0.308947294958,0.330326524976,27.6320068792,0.873605669036
SP0112,0.14834580531,0.148447451638,0.151225456908,0.149697997137,0.156290532061,0.149922531799,0.145193095396,0.149903383127,0.126549015467,0.114314657685,0.206340357422,0.316721582699,0.363970741912,0.3676304934,0.380385931297,0.376608193894,0.371011990293,0.370640169318,0.348556511502,0.309627960379,0.339374732331,24.4319816509,0.822259374917
SP0113,0.147704310455,0.158107651475,0.150287694421,0.155525934186,0.148684395769,0.149364155675,0.156360776001,0.147025039653,0.103703055196,0.063214182636,0.163155068541,0.299215868963,0.350556642538,0.36828485957,0.363095762814,0.367013463215,0.368044879762,0.372348785742,0.34664952937,0.314925088453,0.324467581066,39.7347770668,0.798158236186
SP0114,0.15040777456,0.15002605573,0.148789368089,0.145837043213,0.14156543712,0.153803912741,0.155886073928,0.146609040112,0.096385141803,0.0474338135763,0.150437462719,0.29827290509,0.356034110382,0.377160885424,0.371986814184,0.370629955621,0.372832713053,0.373337943218,0.355281938029,0.319785257013,0.345364180692,43.6801534327,0.627826262029
SP0115,0.151504826047,0.148832674782,0.153193753719,0.15017473053,0.147909685647,0.150564660652,0.148521514398,0.148701283756,0.0768861514951,0.0283964396609,0.139604231563,0.299445434823,0.35529497611,0.367259631585,0.372288520396,0.37190967866,0.373207068873,0.366456741543,0.355975790508,0.324829928812,0.349826130115,48.3704477629,0.607576592499
SP0116,0.148378413333,0.148404259481,0.148427986406,0.150272500327,0.15025703025,0.146618232029,0.153281531969,0.14562989427,0.114027312915,0.0889980883398,0.176620621206,0.30703562204,0.357123018913,0.373190447571,0.369316862095,0.370405607575,0.373364888823,0.373607858349,0.353314616298,0.320046836944,0.339676495433,30.5449326079,0.722180104413
SP0117,0.146458001203,0.155543866779,0.147401443664,0.151611557422,0.151048946969,0.157093310533,0.161601411919,0.143761221591,0.0839916609287,0.0315528983674,0.140410689426,0.295476258922,0.354730499575,0.37240919475,0.37804013382,0.375837275264,0.37140809639,0.373441308208,0.349638096461,0.310890582257,0.337260642583,48.1521406607,0.858540766004
SP0118,0.151107593165,0.15170401946,0.150683218392,0.153718838693,0.146078708596,0.145478729294,0.155201351021,0.142328975359,0.0811594219513,0.0129150529912,0.129968600633,0.290210333349,0.359723320838,0.367403052934,0.373925497649,0.369500018244,0.369686797931,0.369426067258,0.350536041217,0.320492472672,0.336448932285,54.0423406751,0.772941886083
SP0119,0.146247899078,0.145932928761,0.15043682067,0.159773390278,0.152635175365,0.149981883376,0.155740765285,0.145373612556,0.0772393956781,0.0200768343257,0.123475845222,0.289733575776,0.353849730215,0.368668136125,0.367997033854,0.368704221987,0.375037720271,0.368900892304,0.354518660976,0.320066846966,0.34651088221,52.4802801239,0.654116927163
SP0120,0.15407528219,0.146977388075,0.157383353113,0.145777884724,0.149825607594,0.144947770605,0.150366770361,0.151290571838,0.105341755515,0.0603392341493,0.16515914215,0.31119373905,0.366703906531,0.370312464033,0.370472126499,0.374975575661,0.376727892601,0.364792757964,0.349258093308,0.325419075661,0.341037338964,37.4701462689,0.675868530007
SP0121,0.143594288322,0.150653557561,0.144510397584,0.151811939198,0.159109167297,0.152791542887,0.148020662753,0.157099005313,0.128981596896,0.126445458016,0.205844628676,0.320519439594,0.355643723933,0.367881034542,0.377575799946,0.37035306855,0.363215459998,0.37630078171,0.349255874749,0.321622369612,0.341145761452,20.327242056,0.692337599868
SP0122,0.150038238438,0.151571313891,0.150269931941,0.150717022056,0.153798583626,0.141768496387,0.151222202676,0.133310177285,0.0843916091904,0.0265744676187,0.129694525748,0.295247353813,0.354458354551,0.368843254319,0.371393620537,0.372992609073,0.374199213537,0.365553193875,0.355477857462,0.311931164653,0.333254138736,50.4915742104,0.732632724835
SP0123,0.149193115875,0.148269985245,0.153060475991,0.152595617164,0.154075501043,0.155460550675,0.152098513985,0.144216547499,0.120558950064,0.101930596356,0.200058886745,0.307371666286,0.351488714523,0.367163882164,0.377602220584,0.372865839693,0.375967975593,0.369201951817,0.349404925681,0.322738224172,0.341869746679,27.2834720262,0.684011267114
SP0124,0.151645264069,0.1499954986,0.155237782942,0.155805229157,0.15600783278,0.151947330088,0.146426080958,0.14199891743,0.0922239833805,0.0484912812755,0.15689560877,0.295023654244,0.35427614782,0.37258565156,0.374517661306,0.368765864553,0.371789475166,0.374378526962,0.358452464396,0.325296409675,0.340254384658,43.866749014,0.602625720744
SP0125,0.152688329333,0.157549166494,0.158622426688,0.156142092396,0.150738338148,0.151295262194,0.143504685151,0.138197081856,0.0891483018788,0.0386961624622,0.151582228495,0.29713740987,0.358113928949,0.367868075553,0.369832370792,0.369730443331,0.36928147198,0.376352928457,0.351537226074,0.312187684828,0.334826681455,44.0133429094,0.779659079699
SP0126,0.147460063085,0.156503891528,0.150168575199,0.14803381641,0.159119107212,0.15178219316,0.143662753685,0.143479583704,0.0830234093236,0.0393461462329,0.14251879315,0.293130836933,0.355937742428,0.373472496845,0.37543320321,0.37460047849,0.380574631034,0.372349680458,0.345019900346,0.306191428585,0.329102320159,47.4158818247,0.862863963262
SP0127,0.150367191155,0.15555425416,0.149084167203,0.149626323687,0.153740864676,0.146477130871,0.149212565679,0.152371210738,0.104476973247,0.0766654547272,0.178932187158,0.309814564568,0.362208218726,0.371846357001,0.379913736537,0.367316917177,0.373929321929,0.373190315285,0.355823762148,0.318896142331,0.337664557848,34.8954493183,0.633582800926
SP0128,0.143284270691,0.152188099321,0.149205794201,0.146480467816,0.155393524502,0.14908630723,0.146803165614,0.147400555248,0.123211557064,0.104648197976,0.194493170386,0.315062408281,0.357140737802,0.364918319668,0.375295330505,0.372480960627,0.36875932677,0.377941364747,0.352085759754,0.319541180857,0.337364649644,27.2767874383,0.769896125027
SP0129,0.152082778532,0.147894154608,0.152410918166,0.15334994629,0.145520702198,0.155096169905,0.151150633069,0.149325539607,0.0930072134026,0.0476404372077,0.16278238479,0.305760601026,0.359737333013,0.371546593198,0.3653131857,0.372791494151,0.369668127776,0.367674482012,0.342146271547,0.303518088476,0.335574495946,42.1336265087,0.857178455077
SP0130,0.149466966052,0.152195715429,0.155571628814,0.151441892015,0.153503351263,0.150204582121,0.154144713805,0.132818016842,0.0574629299576,-0.00104925864128,0.110811974972,0.284629994029,0.354391023368,0.363926287935,0.374170307582,0.372947195069,0.373281053411,0.365121120229,0.349645875238,0.307524599339,0.333334909058,59.1871249508,0.86382111397
SP0131,0.149709018039,0.146362358104,0.151646932431,0.149284973721,0.148641857734,0.157958933837,0.147562148189,0.137281282618,0.0788058918814,0.00751048148915,0.12309804218,0.295432606289,0.358138446321,0.369490860833,0.375845397521,0.370106402165,0.373447466812,0.372885498803,0.356762055833,0.320835099607,0.34371010123,54.1272749028,0.628344220609
SP0132,0.152241473995,0.152398798618,0.145250581604,0.160343370282,0.148076760696,0.148281953858,0.149210676565,0.143694868398,0.106035911497,0.0802091802324,0.18010909014,0.307048036663,0.357844231426,0.36758491269,0.369017172348,0.377548945322,0.378895903145,0.369478150283,0.351723744823,0.318957691802,0.341899861325,33.0400515003,0.687725515516
SP0133,0.144133972534,0.153550739338,0.151765285387,0.153229373866,0.153812585151,0.155493095555,0.152304062599,0.140715253039,0.079857013133,0.00889164209849,0.121353274384,0.288499105349,0.361098143691,0.365970921548,0.367242082949,0.375521301023,0.374697530928,0.368550729974,0.348925676979,0.323056980352,0.332898563857,56.0266412962,0.683546498359
SP0134,0.153307476378,0.151058285265,0.14795334119,0.153399170383,0.151216740126,0.15127803673,0.1550410299,0.133735575801,0.0750642009338,0.006217418663,0.122924449692,0.28340029687,0.358661556051,0.364819443668,0.366247806281,0.372375892397,0.370560108296,0.371069257443,0.351306675022,0.323469968078,0.339910562967,55.0427184505,0.687691941731
SP0135,0.149032259694,0.150671599115,0.152948352253,0.154039406599,0.145483104584,0.154482139259,0.151800732654,0.142756436719,0.072142394418,0.00998724322179,0.120751024725,0.293111735129,0.357785200865,0.368458240924,0.365840548498,0.368793455168,0.377622374681,0.374863873432,0.358213904372,0.317417630321,0.33967259936,55.3448588811,0.708031253116
SP0136,0.157108103611,0.154923376345,0.148589914112,0.15235893519,0.155070137483,0.146100123601,0.153855465836,0.146788736967,0.0959886071869,0.0741031702005,0.165941521363,0.306686002893,0.359247994705,0.371835385722,0.369507417968,0.3706972726,0.376643717891,0.370131457449,0.34417928173,0.308236510502,0.334382946009,36.0193618155,0.822229000712
SP0137,0.149876684276,0.149515548049,0.143612389849,0.157422205521,0.149303912668,0.15568826678,0.148403864936,0.145288770263,0.0676396417476,0.00584881162241,0.127806827038,0.290494493934,0.359640902672,0.372890529603,0.373105319639,0.376504748865,0.373425090164,0.373210920904,0.360681529463,0.319497916764,0.34255317638,56.2449538231,0.699174765083
SP0138,0.159014247832,0.143551264165,0.151547306242,0.149239091378,0.15599216539,0.149394489423,0.152990131321,0.134241466712,0.0760234601496,0.0130463625179,0.127198409133,0.289584611496,0.363200136748,0.372696614084,0.364844591063,0.37903613349,0.369238412179,0.377657161716,0.363205040853,0.323733532967,0.344592556795,53.5951352519,0.66569519178
SP0139,0.151327465655,0.150937515516,0.152434889998,0.152081783513,0.14998281309,0.155228167159,0.15413713859,0.146278427371,0.125899229498,0.107366962544,0.193326333882,0.311398163824,0.364469456722,0.370281119392,0.363857463412,0.376125084772,0.369019709527,0.367999697324,0.356146210175,0.319130370321,0.336419032161,26.4164474451,0.754550299348
SP0140,0.144377230312,0.155394242988,0.153720399916,0.149664645103,0.151153152974,0.149317460692,0.14872004889,0.134380010925,0.073330967542,-0.0082302286789,0.109921951313,0.286654929768,0.354772441993,0.361764289821,0.369759406237,0.372473342922,0.372338886888,0.374896128247,0.352953267383,0.307020255267,0.334900911334,58.4133360219,0.798849248402
SP0141,0.145317129525,0.150319131426,0.154257532935,0.151124106359,0.150023134682,0.157763897448,0.157445695154,0.145892000152,0.10914116137,0.0826348408211,0.18443588888,0.307165778762,0.359509798865,0.372801129575,0.374371478766,0.376914843735,0.37113025066,0.366623992494,0.35453216921,0.320219492223,0.329477411177,32.5137266888,0.813716691753
SP0142,0.144672837696,0.147436707007,0.154282863668,0.149413070344,0.149525249822,0.144559451619,0.149204891163,0.129931149536,0.0662805638403,0.000240092702188,0.120105954327,0.286908710776,0.35176073323,0.364339209755,0.368635331552,0.36655092254,0.368781784642,0.372026894884,0.354774904501,0.308421542228,0.328950603113,56.6502232244,0.824717104005
SP0143,0.151379643772,0.15022438349,0.157530962677,0.151077050113,0.151090633867,0.150323603192,0.142194233571,0.152046305453,0.125821172594,0.103307681755,0.198692681809,0.313877036409,0.35788059583,0.366697083172,0.376643344749,0.379915735252,0.376637083684,0.375689431113,0.351626457102,0.312069197067,0.337652402913,25.1652999571,0.848075078499
SP0144,0.15516517542,0.154941835265,0.148545088274,0.146722163421,0.153690286132,0.148720398369,0.155757616841,0.145853642061,0.111879877784,0.0998290817331,0.186455787313,0.309977697064,0.360740675808,0.365407240128,0.370518984689,0.37351308817,0.376857899063,0.367054509462,0.355356042843,0.314399314852,0.33685812264,29.6153540992,0.756778151186
SP0145,0.150274414439,0.155601952281,0.15633782815,0.147038567579,0.150310725688,0.154324169987,0.157809896791,0.146830493719,0.121178238347,0.105263327786,0.198885983148,0.314659563364,0.358110037607,0.37495862664,0.374725814246,0.375657761676,0.374227429826,0.371967563425,0.353286868703,0.327275396077,0.344726211096,27.30047053,0.609419413955
SP0146,0.152813792511,0.152139586419,0.155485055224,0.152630661775,0.149722639724,0.157724680833,0.153990399437,0.150179886121,0.107276825339,0.0783896647265,0.169197764283,0.301731466441,0.35461693579,0.371025602453,0.369530522905,0.36480356609,0.368444877223,0.373833392859,0.345027989478,0.309369137003,0.332156438444,34.0301193611,0.860819083778
SP0147,0.148732966096,0.154655755393,0.153402377005,0.156917341392,0.144540343107,0.145525419702,0.151901320126,0.146134283072,0.106960313355,0.0866304514132,0.178676067615,0.307616393978,0.356090276355,0.363789576014,0.372251730788,0.371287803257,0.376488507656,0.372131474429,0.348421147664,0.30795318946,0.330708378344,31.9070349663,0.881605268161
SP0148,0.151886799431,0.145911306946,0.153584231845,0.154518411298,0.145711289134,0.152105984134,0.141494265856,0.136854316406,0.0653855660425,-0.00371766729501,0.112083899337,0.286573498792,0.352738718837,0.367165218345,0.36989163829,0.375821692089,0.378023605935,0.369273064067,0.360144264346,0.331600298875,0.340184511336,59.4891422949,0.625695152048
SP0149,0.146169630974,0.151556651367,0.152364867506,0.152275255937,0.155992113909,0.154022893465,0.154340510758,0.146908947575,0.12371876069,0.111980780781,0.20700296374,0.30975897928,0.355452215458,0.359688619736,0.373148085591,0.368339652007,0.375622937694,0.366703201224,0.354997389492,0.318387920712,0.336372884229,25.3070947443,0.713795149755
SP0150,0.158483011944,0.142739357868,0.156083709979,0.151187368071,0.155328172839,0.152000026454,0.148971611052,0.144772588007,0.0848634052593,0.04320366595,0.162067575661,0.291830669519,0.356102816033,0.373216522181,0.363050894511,0.373799366553,0.36684541781,0.368621302116,0.360549269446,0.31521938866,0.334610454533,42.6197970697,0.742889435516
SP0151,0.145655002127,0.146600155907,0.151093218199,0.15409026095,0.146581748135,0.137669301388,0.153772479667,0.144975705284,0.0845444502845,0.0261115106679,0.142707876734,0.298592550349,0.361586621682,0.364332596179,0.370242131374,0.378177091058,0.37242646087,0.374565051297,0.353685077213,0.322416646914,0.338359306165,46.3912016421,0.653910261101
SP0152,0.150092376614,0.150030357259,0.144676171286,0.150162945958,0.151080649693,0.149729387853,0.14959152088,0.139206070262,0.0964469332198,0.0704385513515,0.158435157386,0.301611838178,0.354698381449,0.361914550233,0.371683899738,0.374421838785,0.370782198287,0.376629547716,0.352616303762,0.316924964288,0.338426535964,39.0174660345,0.809372949423
SP0153,0.149518379398,0.154635307557,0.152299966301,0.146774611134,0.155728355671,0.155102475538,0.156264082432,0.145893940633,0.0647741595267,-0.00828888548182,0.12349203716,0.287503601559,0.355779781611,0.372747201596,0.367869020128,0.373724258846,0.371563752267,0.371400301281,0.346730667113,0.308904607388,0.335496099839,58.0426728384,0.816447053771
SP0154,0.149463130357,0.139103552667,0.150446035169,0.150896483952,0.146160519108,0.158449098317,0.148826629847,0.138237321371,0.0820058060416,0.0332457511225,0.141888473065,0.292544086284,0.353898453569,0.363285169881,0.369511426712,0.373394395926,0.369154407317,0.36889766316,0.348392607817,0.307795454845,0.329285793854,48.0901769434,0.891489404765
SP0155,0.153068873974,0.151080451703,0.151592791924,0.149762027427,0.150710160951,0.147471946534,0.15120152583,0.147581435296,0.122792574484,0.10115280157,0.203410174727,0.317893281916,0.36909304073,0.36773461388,0.372560084045,0.376458005777,0.368379209989,0.375208559526,0.353652610257,0.316466269389,0.331350026787,25.9386112339,0.768083285926
SP0156,0.149655742559,0.151076158882,0.150149575297,0.151432913771,0.148535022898,0.152271559336,0.156403759284,0.151410183014,0.122280372648,0.106817966838,0.199803292403,0.31641733846,0.358005285193,0.370851922898,0.379019382268,0.374194854831,0.373839999975,0.375825711392,0.354898696458,0.316448722831,0.336633361621,25.3704834671,0.76046619798
SP0157,0.152095721537,0.151682534837,0.150856727179,0.161454191931,0.152386944729,0.15414523963,0.14391063798,0.142155331412,0.0982736495269,0.0441575969674,0.153705356644,0.296474671559,0.359359156263,0.370554921248,0.368414430174,0.37560149665,0.369576273142,0.375009606622,0.351532436051,0.323695277958,0.333017442622,42.8002959048,0.718245764009
SP0158,0.148813542858,0.156313910963,0.154916749869,0.145865319437,0.1449010244,0.161742685189,0.150579507967,0.14275701688,0.0794893936645,0.0283907475401,0.140940268637,0.299463573814,0.356635686428,0.370303802624,0.377647303874,0.371593651243,0.37396048725,0.373579027646,0.356634355793,0.316774335767,0.329220041545,48.5748658804,0.765909948988
SP0159,0.14299010634,0.151353465063,0.15119508571,0.145855319253,0.148609680583,0.151399371025,0.152248639364,0.137711656095,0.0806585664193,0.0294234057287,0.139467708979,0.294330388492,0.356071707196,0.37619298587,0.373584700909,0.373940112323,0.373601037181,0.369481519272,0.349457957918,0.309915807074,0.335886446726,47.6991767342,0.753033345973
SP0160,0.145990859219,0.155376100449,0.148648733278,0.148477799547,0.157552381686,0.151968635908,0.15543420664,0.152903673865,0.112807217424,0.0884404338775,0.175943782333,0.311409052219,0.355506132867,0.364772230216,0.371082278536,0.368958776893,0.373039202605,0.370273126442,0.354674339656,0.321445080033,0.343487990129,33.3102116208,0.696398563857
SP0161,0.152086582271,0.14702529748,0.151206540369,0.151036217897,0.15439441588,0.152291273353,0.142468952803,0.137586432215,0.0941212653902,0.0528098197874,0.154831932955,0.294229103447,0.352068962477,0.36998397593,0.373734915314,0.371746318579,0.377057782583,0.372114194559,0.343572619764,0.310557833003,0.332445474575,41.9703511264,0.827960975695
SP0162,0.150702835694,0.14593300113,0.157154303749,0.156281251647,0.147362036225,0.147871389572,0.149888715503,0.143825113121,0.130459004284,0.122665373475,0.210477827012,0.305512341405,0.358674877484,0.367830668577,0.375806935506,0.374788088501,0.380506652455,0.36715329186,0.3568729076,0.314864231413,0.335665607935,21.5473793712,0.689227341592
SP0163,0.155082722576,0.152196110707,0.148478574541,0.150212723939,0.155069472225,0.144781817385,0.155469767096,0.141006225925,0.105045920404,0.0722412380504,0.172997758665,0.300350331777,0.35648169135,0.367376157264,0.373199104965,0.371226577701,0.369836406043,0.380752772598,0.350665811568,0.314953416312,0.343458159646,38.6692830195,0.79198072198
SP0164,0.145588518517,0.152492936947,0.151876195339,0.151063922852,0.148422641752,0.153375084649,0.15276752579,0.144483558662,0.0872678853396,0.0279062573964,0.136163312265,0.296711709961,0.352593194988,0.371616349751,0.372888752325,0.373112735401,0.368267148037,0.372830647779,0.3523892775,0.317264285619,0.333205661431,50.0283010837,0.665911594207
SP0165,0.147778859713,0.150708964913,0.15148340623,0.14669812505,0.15346801979,0.153334531796,0.158827055282,0.13886135595,0.0996464653001,0.0692596103144,0.17044313581,0.301019732389,0.362780286,0.375427758791,0.374562878831,0.376877433434,0.372107216348,0.372525053953,0.358104249301,0.329158337366,0.33041334518,38.120903523,0.730284357256
SP0166,0.148576294614,0.158929766309,0.153754376917,0.152883369429,0.148981413926,0.151939102115,0.152848230714,0.14291932288,0.0761487655105,0.00548132043778,0.118349768308,0.290171280314,0.359942862778,0.367524105319,0.367768458326,0.370516251662,0.377029193235,0.372961090392,0.340251782751,0.316122773996,0.331500995982,54.6643271207,0.773602437691
SP0167,0.152135491011,0.14883532498,0.155559970907,0.14729589448,0.150799431367,0.152405667064,0.151805774861,0.142100327616,0.117872512497,0.106606823314,0.200787531593,0.313160621759,0.358837567722,0.358429196715,0.369291767379,0.372714564671,0.379446742251,0.377500678229,0.355026290792,0.313658687174,0.329325233563,25.0314360528,0.855346347658
SP0168,0.148658654776,0.141918576057,0.149679395913,0.145286201411,0.150277933928,0.149322222755,0.147870163338,0.147915571126,0.0944840380242,0.0579756765741,0.154645933027,0.299339426394,0.359730827887,0.360330641335,0.380171996053,0.367886920986,0.378202317244,0.368092565626,0.357526353884,0.323800234042,0.342600822117,41.7041742422,0.604106784693
SP0169,0.147399154224,0.152322646755,0.142931721654,0.149505257225,0.149836618757,0.149427177403,0.147750183502,0.144199550814,0.0786330356096,0.0152483547527,0.129862894461,0.293076717835,0.364948406469,0.367551528861,0.377212999192,0.374601709028,0.374316444073,0.372857411611,0.353620731392,0.317861951636,0.346044144382,52.9098340627,0.633172130756
SP0170,0.149014123929,0.144517423291,0.149617129767,0.15512014057,0.146894045732,0.156410040451,0.147450960535,0.149286673503,0.132850774668,0.114132195908,0.207142869585,0.312995342973,0.359266285423,0.367175782805,0.3807715373,0.366704541447,0.379565967755,0.375464701743,0.350973211152,0.307605713364,0.336005427284,23.5812172862,0.835611013133
SP0171,0.153431932475,0.150599430086,0.148442422172,0.151345751951,0.146810692193,0.150498104476,0.154857753929,0.134672274771,0.0817442943569,0.025404541655,0.130504930038,0.295787781302,0.365091830391,0.372696954683,0.370755557158,0.377025714043,0.378409091709,0.370530273124,0.366502960478,0.317615379449,0.336587414814,50.0759536793,0.686048846528
SP0172,0.145999775772,0.15050367619,0.148173545963,0.154560633231,0.147741225744,0.156538641862,0.149650686486,0.144169629189,0.0750516490353,0.0210789962483,0.125800748245,0.285524047372,0.361973658895,0.367507903082,0.370930551644,0.372485444982,0.379038435703,0.370557939437,0.34075103408,0.304266765449,0.326776962923,52.6430315698,0.892098755776
SP0173,0.156867451059,0.152482003504,0.15794519463,0.155554287828,0.152113046857,0.151899335901,0.146991418763,0.148703499597,0.117866386936,0.115571107081,0.202430018962,0.313362419264,0.357524898241,0.372882510689,0.37528871808,0.38137375021,0.367239150077,0.372506389664,0.351336193673,0.31053099586,0.325407076991,23.7156312278,0.818319265036
SP0174,0.153745486839,0.151946329818,0.136563598205,0.15115818906,0.159788243366,0.145216774728,0.150766082268,0.148499551776,0.118921034088,0.11588805744,0.199729014195,0.317365219564,0.354090169493,0.368513620906,0.370781511295,0.370989154039,0.373577380385,0.37634482187,0.352371781911,0.306051590593,0.334287858596,23.1178302344,0.89435457249
SP0175,0.149927069287,0.157513330929,0.154089526595,0.154537533737,0.148361197474,0.154202533472,0.156641568547,0.150401723704,0.107361415331,0.0791302198423,0.186282476264,0.301948023234,0.35965530207,0.36745677522,0.379122028358,0.376731161871,0.37229361589,0.369085262162,0.353499757312,0.331077870778,0.336730451873,32.7060884223,0.640314263314
SP0176,0.155804368017,0.146090348521,0.150811197172,0.140205130871,0.15121566809,0.149675727153,0.156938424763,0.14828635658,0.11943660519,0.0917837200177,0.189380249023,0.314354627388,0.36169023125,0.366097873148,0.370587624951,0.374977444916,0.365083658242,0.377175300295,0.347088999646,0.312708268027,0.336278459818,28.6698950441,0.787507391655
SP0177,0.14225914219,0.149235676971,0.155018091475,0.150395009843,0.15388219131,0.153094352992,0.149866125244,0.147696845237,0.0916016153468,0.038643839607,0.15038559378,0.293412011847,0.357725363914,0.366213007497,0.369331489529,0.370066384207,0.377562768238,0.371192304025,0.349526216838,0.319168389239,0.340704115771,45.7880679619,0.683895141228
SP0178,0.150311191464,0.145891004693,0.144892742485,0.149212897742,0.1498253038,0.153698877773,0.15200828542,0.142272349791,0.115192512207,0.0880663617989,0.181433071671,0.310147118498,0.35409502816,0.366986951467,0.369096765961,0.375257814855,0.365029249214,0.382674150903,0.350620191683,0.324404855151,0.341996311386,32.8057040502,0.63869389818
SP0179,0.150985903136,0.147162883498,0.152747898202,0.147910996116,0.154643441439,0.149622746038,0.149725016369,0.137606269412,0.0626091995928,-0.01246241902,0.1185522339,0.285673903929,0.351226900753,0.371431705405,0.373280729025,0.375425673464,0.37105363299,0.368592212979,0.348255359787,0.314460156012,0.334331569164,58.1272864116,0.799989789154
SP0180,0.155379130429,0.158204740636,0.149155762409,0.147240399659,0.150943982633,0.15438387073,0.153501864013,0.154003530251,0.126809267008,0.126426721954,0.214725926404,0.316636474986,0.359979540398,0.367867059172,0.371564522693,0.375834398386,0.37189086888,0.36711568107,0.352334990666,0.313439269876,0.334023863968,20.770220221,0.826028935842
SP0181,0.148580341805,0.149208616094,0.151310591362,0.154788095746,0.152309079617,0.157875835413,0.155137450164,0.147456247342,0.126098385159,0.107380212011,0.193224236407,0.310092186093,0.357204737256,0.376896265536,0.370854937305,0.376749101657,0.369594210992,0.372674019318,0.36237335297,0.328793375711,0.341357674212,25.349771969,0.601942792705
SP0182,0.151821951679,0.147978689074,0.14765107571,0.146656064424,0.155672552205,0.153637725096,0.150911700712,0.139453354048,0.082949349134,0.0191158133575,0.139359899207,0.29360255553,0.354322289691,0.372352317818,0.380229217344,0.36873666103,0.376224423427,0.370962850001,0.349826635284,0.314650680773,0.345125820379,50.0954197675,0.699814663044
SP0183,0.143309142132,0.157208936179,0.157387066889,0.149550771149,0.154674884701,0.149035702415,0.159084657075,0.147267604906,0.104709780953,0.0767145052319,0.173284224018,0.302987074719,0.354663752149,0.366053208512,0.373537892459,0.373272613505,0.371494646665,0.370202654352,0.354493288196,0.320164046505,0.341015975755,35.1324480558,0.729090871061
SP0184,0.143942945024,0.159202702638,0.149323773736,0.15547850054,0.159207480472,0.153970876869,0.152734443895,0.144624039062,0.108112221593,0.0927696543773,0.192786813477,0.304662024138,0.368399311632,0.374601128485,0.366395717148,0.374308300959,0.375394750652,0.37311604855,0.361362553713,0.332852811746,0.35035311893,30.3965041743,0.610178234706
SP0185,0.145803457423,0.147798487658,0.154824291038,0.150223147667,0.154819853304,0.155001912385,0.153268812055,0.137140324814,0.0822738631341,0.03777764585,0.135848086356,0.305002721396,0.359467438288,0.367420264186,0.370434059922,0.367726787227,0.374512225616,0.367521511337,0.357723523302,0.321105162025,0.346032133708,47.9019067878,0.650549637949
SP0186,0.143729744738,0.151997937104,0.151978569895,0.154390892859,0.145593080059,0.159019347753,0.157429625769,0.152746942199,0.118671847998,0.116235046721,0.210322149604,0.303008463095,0.360012721923,0.378979998897,0.372809573072,0.375375929407,0.373057356047,0.370392202886,0.356135891045,0.323161460293,0.338796758545,22.8079982151,0.702913702318
SP0187,0.148972296812,0.150781889127,0.154896646364,0.149503638615,0.156472844909,0.154180426849,0.153798056426,0.141228246702,0.092861646641,0.0478920826298,0.150870175804,0.306686386154,0.354040699822,0.36980909693,0.373377260129,0.378529473302,0.375724475129,0.369746370937,0.355756397989,0.314471889761,0.338950991961,43.6359468127,0.777195520312
SP0188,0.154894515867,0.151281988161,0.146377360002,0.151087419474,0.154599945086,0.153836223883,0.15298017074,0.145964964937,0.0928134553897,0.0565039806583,0.149920472736,0.296605226706,0.361974436195,0.3708485446,0.37105046646,0.374215370552,0.381856653223,0.369924307992,0.353773096038,0.309950352858,0.33508577619,42.6683015599,0.739727186671
SP0189,0.149073909317,0.155117870964,0.151285685957,0.149472239539,0.16021640402,0.153193611559,0.152078344581,0.146558210663,0.118101530143,0.102989506479,0.188182294495,0.307877948328,0.357757217491,0.373597452473,0.37213898963,0.37720775015,0.370635337893,0.37443651778,0.358943060218,0.326722471601,0.34517757785,28.012636253,0.604113690339
SP0190,0.152569074937,0.150213871601,0.14876757438,0.150031122605,0.147778799512,0.148422343795,0.150024328903,0.148072319663,0.124709364918,0.0960064621435,0.189857159383,0.312528711811,0.356614771009,0.366436635703,0.36685419871,0.37079734388,0.372581465654,0.37669034164,0.347723160797,0.316952844208,0.335822331675,28.2411339247,0.797927580385
SP0191,0.153425066439,0.149413913311,0.153193149499,0.150553767958,0.148939182066,0.160949104853,0.155596532684,0.142917705099,0.108170560785,0.0896081042743,0.18697053324,0.310133462523,0.35276622439,0.366098615677,0.375749400403,0.37509027492,0.368857226721,0.368115955397,0.347952637755,0.317002997684,0.327955221384,32.001873657,0.813506913215
SP0192,0.148448910086,0.149112862836,0.152245705907,0.151240611701,0.144030330551,0.156771057087,0.155026021404,0.14164669006,0.0999797818151,0.0553102861347,0.165160384079,0.302655535111,0.355867313797,0.374930417569,0.377012870832,0.367966992665,0.378684535163,0.371344652763,0.349955597274,0.32378042832,0.334104843623,38.3384032088,0.717454913334
SP0193,0.15403104918,0.153327835338,0.154053706897,0.157959813048,0.158647744143,0.156718098615,0.155967793326,0.140129025568,0.0861697453569,0.0354011646929,0.145012027999,0.29824329474,0.360335584824,0.364081602642,0.368574269681,0.371647674174,0.375958025507,0.374201427674,0.343892968975,0.308596790914,0.332609020981,47.8393461571,0.842505506039
SP0194,0.153923369308,0.152436955586,0.152334650573,0.145837011043,0.148474410128,0.144958041756,0.144498181232,0.147573732164,0.112741172046,0.0962594914788,0.199191512546,0.307665420549,0.36012247843,0.367208089884,0.36943802814,0.367043987006,0.373385256214,0.372883558258,0.351336451065,0.323962907513,0.343018533274,28.9865963223,0.601118565014
SP0195,0.151964621003,0.152026926537,0.147092776655,0.148076780951,0.150036288171,0.149069976529,0.147989597273,0.13925992745,0.0676598014675,0.00386586686957,0.123118175051,0.292588968474,0.363614813178,0.368825599325,0.373213230988,0.367582721701,0.375010866022,0.372118333487,0.356963847676,0.321869589975,0.344967331162,55.2395814879,0.626358567119
SP0196,0.148773134313,0.150042504132,0.149347403894,0.15294297952,0.156828293142,0.152697066872,0.149230751569,0.144535465191,0.0933609042849,0.0577000467292,0.152605842846,0.297161910886,0.356868976754,0.368940204405,0.37520837096,0.369167192576,0.373820148662,0.373459584416,0.358905971327,0.325927009045,0.343672039569,41.6331379777,0.626267430711
SP0197,0.15533998329,0.149600176708,0.15208463497,0.154317664187,0.149493210259,0.161324846771,0.150246209901,0.144190317945,0.113987717133,0.0986676489105,0.189158324519,0.308737284019,0.356621580092,0.375329917618,0.370617434463,0.371223278408,0.368360195636,0.375454199147,0.34317661503,0.296850848437,0.332849197458,29.2783253301,0.888749102582
SP0198,0.156806029173,0.146527618017,0.149627585797,0.149490600225,0.141793442412,0.146177856029,0.157564794732,0.132570566649,0.0648459323432,-0.00843865065981,0.1162985066,0.28658039665,0.358822714155,0.360206719731,0.371088080124,0.373497343534,0.38052918207,0.376831262326,0.35830733535,0.315811454152,0.33867428658,58.5296760519,0.74935196066
SP0199,0.161704368678,0.151837830189,0.151563653742,0.143965713705,0.14803958758,0.154966757258,0.153800497848,0.136806652132,0.0957714916448,0.0337766810532,0.148626866284,0.296791534495,0.358777767689,0.370288817892,0.373097320445,0.370873983891,0.375678685278,0.374214103668,0.352817462517,0.311230984318,0.332240567217,46.4416697786,0.807412956191
SP0200,0.151821846917,0.143696306287,0.154926484119,0.148242857,0.142758862989,0.156017303706,0.154970791707,0.142310028056,0.0670303413786,-0.00226634461759,0.11489373064,0.293129977874,0.355678979427,0.37326254547,0.371249748957,0.368777927984,0.372673617278,0.377140428182,0.348175936869,0.312525675253,0.340964455748,57.9515939082,0.863165768245
SP0201,0.149753209592,0.150967228134,0.150765812818,0.150014560199,0.149461472132,0.153379823012,0.147149479481,0.146915479514,0.120826270046,0.0955155880807,0.188916399869,0.297617381496,0.362670816856,0.374172176675,0.37809263502,0.372962593097,0.376919883893,0.371962265639,0.355945566733,0.321008351708,0.338331943054,29.1241903444,0.668339596379
SP0202,0.154887318734,0.152295878423,0.145734535071,0.147022610072,0.14512470689,0.135394877005,0.146671293434,0.141363711774,0.0993171839016,0.0606701687065,0.168646180608,0.303873633203,0.357227016855,0.368802312497,0.368898316349,0.37557167777,0.375911877229,0.364930320597,0.349762403127,0.305469539669,0.329263784541,39.0115074158,0.820140804468
SP0203,0.142704072573,0.149922943043,0.1469530188,0.152603531818,0.154539603348,0.146999464773,0.142690973384,0.133288924506,0.0701747589197,0.00897407455913,0.130196889114,0.293853624989,0.359793557805,0.377726670465,0.369743543423,0.370440165059,0.375555452053,0.369962267784,0.35389123662,0.310426434395,0.329863467931,54.5901785721,0.858817760401
SP0204,0.151606669944,0.146999746853,0.150877663699,0.150215637768,0.149924392079,0.154239601272,0.15109994255,0.15071259581,0.124898950642,0.116149723223,0.205128117082,0.318622119648,0.359610089214,0.37544839503,0.376841174929,0.385793690457,0.372808274626,0.375476638431,0.354417088889,0.313845215638,0.331392467667,22.6387556258,0.773498852007
SP0205,0.155463725514,0.14831266107,0.155561636179,0.153046847708,0.149822076317,0.145893569483,0.148366435178,0.137419263811,0.0804582568691,0.0236872066663,0.134365026723,0.295334288863,0.35463081923,0.372289022729,0.377249151856,0.379051091089,0.368554593585,0.377418056224,0.352771750451,0.333165626589,0.339877278546,50.61238297,0.653190308651
SP0206,0.156624198068,0.151258687778,0.151881082938,0.147092904313,0.154557660731,0.149877326648,0.147569600251,0.1426657577,0.0745864548787,-0.00322579163587,0.113735318371,0.295711150316,0.35777975897,0.372762826826,0.377474506156,0.374412349997,0.379399027418,0.369526729243,0.358092173412,0.327240351102,0.346068114485,57.2731506343,0.633743306941
SP0207,0.156880459951,0.151964104504,0.145669524682,0.153128110468,0.147117186605,0.146586576765,0.153177076502,0.146422987519,0.122120617941,0.123363052089,0.208490567263,0.310172644785,0.363958289403,0.364588203939,0.374561170227,0.36420916338,0.372851816113,0.372176543365,0.35550888212,0.312533947964,0.3337498842,21.9396973377,0.77930861523
SP0208,0.149554358114,0.150349785748,0.154843373384,0.155723085769,0.148717400655,0.147152972183,0.150853818287,0.140650511365,0.0923002343236,0.0414492680363,0.147714746011,0.294135918648,0.352806553153,0.367965658858,0.374136970497,0.370590225519,0.373830646839,0.373663223741,0.363274697031,0.326705593938,0.335501845728,47.1123330668,0.601941200214
SP0209,0.148656889188,0.149042749237,0.151694292757,0.149726792236,0.14956473032,0.157291968578,0.148601126723,0.133591638765,0.0815378353902,0.0283024540416,0.137286048751,0.293171672109,0.358944448252,0.373594698021,0.369839942812,0.376227764179,0.373348537277,0.38322756214,0.352353658507,0.328760317089,0.342560961738,49.3379750787,0.704179628901
SP0210,0.150674981274,0.146475176548,0.144527835723,0.148583517998,0.152741980342,0.149384602764,0.150933610422,0.145131457921,0.0987099278643,0.0764471582145,0.167963627136,0.308809196824,0.357044570169,0.369692147152,0.376507406747,0.368202924946,0.376996450886,0.372479275279,0.351073864456,0.307963077784,0.333596561636,36.1553904169,0.88774988976
SP0211,0.142553995696,0.147607536512,0.154892463172,0.147763232588,0.150215741891,0.155202197552,0.153721628022,0.143114099641,0.0839846310557,0.0408548001343,0.153256167218,0.300703652967,0.365769903087,0.371299167783,0.374668545583,0.371900775473,0.373905287614,0.367861942138,0.35159989407,0.317266813812,0.32796829952,45.1967134322,0.782587183918
SP0212,0.153998022765,0.152069228338,0.152718911679,0.155474190632,0.150604691461,0.148449161017,0.154928075326,0.140507939122,0.127925004488,0.115208527537,0.193716691389,0.321458979468,0.362834898103,0.36930193554,0.377397090993,0.379744480399,0.375883688466,0.36804986177,0.349904701567,0.323179178564,0.340512933776,24.6005916488,0.755367939385
SP0213,0.153980262548,0.145511519963,0.149379604839,0.146534541766,0.152761080509,0.146908665608,0.148746417592,0.142476690124,0.103239553407,0.0655584065133,0.165230056707,0.300927635218,0.355406703174,0.36820639419,0.374708581972,0.372610206775,0.370856787352,0.372649472119,0.347956392089,0.314076171768,0.323881424386,38.3353465997,0.846218064896
SP0214,0.145283212209,0.142907587886,0.155381711708,0.145716527708,0.155756679968,0.153120408077,0.144914287105,0.146738004793,0.0824882837194,0.0306287662876,0.139828210385,0.305733926556,0.356071738841,0.37418755389,0.371357775605,0.372632262287,0.37129949265,0.373984442812,0.35483544455,0.31584435942,0.338284892574,47.2326293974,0.782266766343
SP0215,0.156635451778,0.150661579949,0.154121754808,0.154902505289,0.156869574714,0.152641198352,0.159399668882,0.142272252589,0.122441966048,0.0989784346477,0.189453471293,0.312181220738,0.357980797112,0.374139837567,0.370156104698,0.36966276545,0.377640761112,0.371128385826,0.348670957437,0.302007917122,0.323509049293,29.466699985,0.861873064005
SP0216,0.145244331394,0.151777851601,0.143178601103,0.147292188265,0.15105669211,0.153142439268,0.147152044708,0.153301638138,0.116784241665,0.0831773842836,0.178629609702,0.303045060312,0.361277855488,0.372708206828,0.363826875902,0.371140318017,0.371002418675,0.368261877683,0.341368334013,0.312920294754,0.327582387795,31.819556813,0.882496458763
SP0217,0.149152554373,0.147517303966,0.149630343506,0.156698968067,0.150226618071,0.148927332837,0.15282274757,0.141646313858,0.0907002577761,0.0571913149559,0.157813729462,0.304063106347,0.355642398067,0.368172029562,0.368509655676,0.371104013257,0.374576974229,0.373355940165,0.343925259597,0.306270695039,0.332939854851,42.8341724622,0.825171363769
SP0218,0.15252255048,0.152703303212,0.148838639196,0.14987035493,0.152687732823,0.149201319638,0.151607587409,0.145034888206,0.0813508142542,0.0294528158578,0.13348137841,0.297226204439,0.360221435944,0.367697449577,0.382001306563,0.375501027318,0.367733111408,0.372911832471,0.361508054478,0.321372109353,0.344388903392,50.4610310356,0.640086569632
SP0219,0.152665046928,0.155621881037,0.148972292624,0.154686511245,0.150334743769,0.153184593999,0.147900694447,0.139535353611,0.0787146356715,0.0360698395523,0.138576613576,0.297171856697,0.361822491794,0.369437198689,0.373903717182,0.374922602531,0.369166477614,0.367351080353,0.350662558274,0.299213242509,0.336294531205,48.7940175256,0.869473337292
SP0220,0.153045011716,0.155818373973,0.144616487748,0.148099365972,0.151599796485,0.154540063904,0.149275379564,0.150665677062,0.0821633542266,0.0395798302543,0.151587896882,0.297534376687,0.345358907505,0.366968090335,0.377115712142,0.371104756018,0.378053181028,0.372467369594,0.354967289829,0.3232869662,0.343515305271,45.1451730768,0.659447678892
