id,amplitude_truth,phase_truth,trend_truth,target,t01,t02,t03,t04,t05,t06,t07,t08,t09,t10,t11,t12,t13,t14,t15,t16,t17,t18,t19,t20,t21,t22,t23,t24
SEQ001,1.210731473,1.611773422,0.02645886166,0.2679079642,1.334765833,1.057839527,0.562229338,0.06799309841,-0.4386701269,-0.859155259,-1.040269634,-0.8490946384,-0.4714240585,0.3438634116,0.9425629087,1.264017187,1.518916294,1.311555348,0.881802811,0.2920587303,-0.3114040058,-0.6838049617,-0.8145220603,-0.4618160544,0.06320473868,0.6123472465,1.136490341,1.688673578
SEQ002,1.076882737,1.716668231,0.01934544626,0.07561492602,1.157826976,0.8727521552,0.4829343601,-0.05685149091,-0.6063367455,-0.8305615572,-0.9057794586,-0.7868751397,-0.07623925733,0.2353025915,0.9891507335,1.23595763,1.285879234,1.034756244,0.5983281481,0.01751583108,-0.3924336896,-0.5247482127,-0.6730112489,-0.4573583281,-0.04376699385,0.5546161379,1.079348502,1.513404668
SEQ003,1.443222118,-0.1246762624,0.02434049053,1.724105681,-0.2418468678,0.4795128196,1.11757479,1.714113352,1.387214478,0.8702195232,0.3490256164,-0.3174963647,-0.8700654648,-1.257513706,-1.048543134,-0.6910959699,0.09072625567,0.8806957583,1.486387032,1.851716022,1.703994466,1.291161072,0.5281530348,-0.04778334574,-0.7678372785,-0.9248876649,-0.7825727099,-0.2738698258
SEQ004,1.101687504,0.8847820363,0.02523799878,1.000728937,1.063681695,1.073260166,1.081597718,0.7423095308,0.23664096,-0.4122353873,-0.6883967883,-0.7755650509,-0.8739643434,-0.6366058213,0.1290325133,0.8496213701,1.250017351,1.379490942,1.427724917,0.9590430939,0.4341519507,0.05733018513,-0.4007259959,-0.6105819613,-0.5931817927,-0.3206573342,0.3382717619,0.8826452808
SEQ005,1.130565323,1.974947649,0.02101816843,-0.1923638998,1.274944792,0.8732668393,0.105693947,-0.4869707579,-0.7841112586,-0.9164569955,-1.071202497,-0.2584394219,-0.05330256785,0.6148606947,1.123115623,1.396458573,1.367568033,1.037855339,0.5147159764,-0.2230696246,-0.4742342381,-0.8170619888,-0.8015247957,-0.2476033236,0.3178897894,0.9348064547,1.349535887,1.566755009
SEQ006,0.8225717492,-1.300817208,0.02240565309,0.4882570275,-0.8875281247,-0.5638244687,-0.1095526185,0.3026384402,0.8487962681,0.8923885265,1.036231512,0.7299835428,0.4396158348,-0.04362108026,-0.3459073238,-0.5819365961,-0.505193438,-0.2624493906,0.000437038439,0.5215285987,1.023137823,1.215441158,1.374166602,0.9107945055,0.7000726127,0.3080535005,-0.2111915174,-0.2910486958
SEQ007,1.058759531,1.171157237,0.02749907112,0.7419372544,1.00380682,1.077824535,0.9281703512,0.4082353561,-0.112351907,-0.4901269869,-0.8035131406,-0.9306651611,-0.6421519176,-0.2176408029,0.4313463808,0.9588211313,1.286562955,1.369006401,1.122958529,0.8546310322,0.2442176628,-0.01676074535,-0.3401231569,-0.4943201268,-0.2897609793,0.1460294569,0.83283891,1.272624579
SEQ008,0.9404031696,-0.8180500311,0.01432283062,0.8147764763,-0.6904153782,-0.305201206,0.2247564455,0.6807178853,0.8441013838,0.987140632,0.7418962501,0.3819467491,-0.008268608695,-0.5806518733,-0.7235063922,-0.6486459963,-0.5978638557,-0.06131521331,0.4970522149,1.00337946,1.189969724,1.049885804,0.9076719573,0.6208522732,0.1867099231,-0.4052436753,-0.6185096219,-0.729223898
SEQ009,0.7242755072,-0.4845273507,0.0311353048,1.01453158,-0.3808881307,0.06235643051,0.4965308457,0.5976229704,0.9040338294,0.7746518171,0.5532919042,0.3075690109,-0.1584618843,-0.3566425503,-0.4602207336,-0.354959127,0.1043604008,0.4283268883,0.8105574496,1.16500608,1.234557079,1.246803525,0.9923550005,0.5049049493,0.303095641,-0.02186497277,-0.07733528528,0.1340846777
SEQ010,1.445919232,-2.497312365,0.01514859903,-0.9742758674,-0.7212171899,-1.151771858,-1.342124312,-1.038612454,-0.5223579661,0.3407070649,0.9276999163,1.509107939,1.741806315,1.273977539,0.6542320465,-0.001023238957,-0.8133741083,-1.079176699,-1.126570746,-0.9352956982,-0.1731765295,0.3923214558,1.022914803,1.537737263,1.806000256,1.563281293,0.9369164887,0.111349133
SEQ011,1.065042841,0.907567488,0.007751866724,0.7487313718,0.8534140158,1.142557065,0.9804804647,0.619659991,0.2624109954,-0.2873301393,-0.7582493338,-0.8890638575,-1.053134999,-0.5360798111,0.06171894785,0.3932252661,0.9369217609,1.12397319,1.223700867,0.8352152982,0.1674763434,-0.4146369863,-0.6634304152,-1.035058019,-0.9095324411,-0.5024121628,-0.01834424049,0.5094979202
SEQ012,0.9149397798,2.155205459,0.01218867658,-0.3585142624,0.9155013926,0.5098001269,-0.04418722373,-0.556659953,-0.7235297631,-0.7268977385,-0.5784890392,-0.4147268951,0.1385623207,0.7337266106,0.9059394533,0.9683247786,0.8999821621,0.6235327292,0.148442751,-0.2548461483,-0.5747521534,-0.7122288246,-0.5046351126,-0.1227090311,0.31756281,0.8082242528,1.10529405,1.164244513
SEQ013,0.9729488781,0.974395208,0.03273551037,0.9393008987,0.6476729553,0.9459250193,0.9182620811,0.7088561135,0.1406695691,-0.2620292091,-0.5387415065,-0.8036166729,-0.6474271735,-0.3721504233,0.2117654325,0.7165097224,1.020418246,1.50536347,1.377258708,0.9577681111,0.4927443942,0.1905000029,-0.3256365754,-0.3980547493,-0.3362108152,0.0372382473,0.7140954788,1.16515911
SEQ014,0.997565011,-0.7830813952,0.01636921597,0.9034478947,-0.7667034454,-0.1967409208,0.2660906759,0.8587968236,1.084167145,1.015472458,0.8593646391,0.3356057632,-0.07112645597,-0.4331601277,-0.8173171088,-0.8620876649,-0.6210193468,-0.07678842026,0.4803463485,0.9138263844,1.165033799,1.219924811,0.9908669247,0.5108032875,0.006095267369,-0.3898909695,-0.5575807528,-0.5100728706
SEQ015,1.212509362,-2.888837395,0.0136362215,-1.010349745,-0.3657381915,-0.9140149343,-1.167347901,-1.093052083,-0.8207125938,-0.2067004318,0.3795704868,1.005980978,1.291005556,1.385522762,0.9029716445,0.3645597393,-0.1928957571,-0.725929208,-0.9192670882,-0.8520301409,-0.6014647973,-0.09374321652,0.4721419637,0.9913170907,1.457439161,1.416556928,1.200824534,0.5391620807
SEQ016,0.7071328497,0.6335542074,0.02434075086,0.8619875034,0.3844747733,0.6483327577,0.799825852,0.5846523045,0.4643592724,0.0009845748144,-0.2786513202,-0.5389455376,-0.4712280544,-0.3944066742,-0.02129623384,0.2368389305,0.6325910809,1.081317195,0.88686172,0.8335251783,0.4720730842,0.2896302199,0.09809566991,-0.1079957348,-0.1982222012,-0.167860014,0.2559369327,0.7493544881
SEQ017,1.424951296,0.5150520769,0.02558254263,1.547078702,0.7387106613,1.280674943,1.464897307,1.237196075,0.8063511238,0.18528239,-0.4276456118,-0.9660030257,-1.227032634,-0.9797161808,-0.5090822406,0.2635737412,1.080894876,1.608055095,1.842196184,1.600707039,1.111382865,0.5503392082,-0.1897944083,-0.6825141555,-0.8963998998,-0.8201829327,-0.2545813052,0.5562728709
SEQ018,1.280690373,-2.472041671,0.0313495464,-0.6279953031,-0.8338729115,-1.041044561,-1.374143678,-0.8674857833,-0.415783884,0.3355157081,0.930232576,1.442874805,1.537423656,1.327769563,0.6477283459,0.03884610526,-0.4126123251,-0.8787066594,-0.7114814485,-0.4799165571,0.1352773374,0.7056181135,1.363434773,1.808371436,1.778249159,1.80869502,1.246550829,0.6013937617
SEQ019,1.092872031,0.523828113,0.004570777535,1.001178929,0.5616245295,1.00683422,1.098329333,1.037653549,0.6115231636,0.08431653318,-0.5012182177,-0.7725483286,-0.9747929858,-0.7249492061,-0.5773538811,0.00464260503,0.5585870478,0.9972611202,1.277320669,1.128482866,0.5827380734,0.01314258081,-0.4159057592,-0.8624532894,-1.004709067,-0.734937894,-0.5055030582,0.1781785737
SEQ020,0.8067577129,1.521371897,0.02777369579,0.3731416581,0.7682071886,0.6659976708,0.4549030308,0.2413105844,-0.2453184091,-0.6289704335,-0.5273871332,-0.3824695649,-0.2797996109,0.2063817287,0.6715427082,1.028546714,1.163166665,1.083401429,0.9009599765,0.4088293404,-0.03754102951,-0.1554621807,-0.225348757,-0.2424183592,0.1335406921,0.5871416319,0.9064044434,1.305361522
SEQ021,0.7734156816,-1.653613176,0.01918350263,0.1662233744,-0.7363538343,-0.6070149659,-0.3561492286,0.1240964346,0.3068874199,0.7659878881,0.9233426563,0.8851162092,0.7228916346,0.2512757509,-0.1107671016,-0.2708956162,-0.5981506489,-0.5026547114,-0.1646182051,0.229895045,0.6587529183,1.070421849,1.114985558,1.00746029,0.8219401368,0.5194939736,-0.04418670119,-0.3275015197
SEQ022,1.176930406,0.4094009394,0.009191826434,1.189970146,0.3571437344,0.8449540005,1.143249095,0.9705997764,0.6497276003,0.05118855839,-0.3511338605,-0.8014559301,-1.103261781,-1.042547337,-0.7070966051,0.002713302567,0.5421439265,0.9680114334,1.283331161,1.256837788,0.800811214,0.4145142095,-0.3780958529,-0.7208570969,-0.9051345728,-0.8571724024,-0.5532022232,-0.00840358401
SEQ023,0.7717019899,-1.593514668,0.02168750096,0.2427197308,-0.9250579735,-0.4777696934,-0.5065159593,0.06612899674,0.4566246046,0.8738601952,1.042548932,0.865174792,0.5879493548,0.1842743939,-0.1219006842,-0.3560478132,-0.6473355757,-0.3893013334,-0.04269736235,0.3281561584,0.6803221075,1.047510278,1.208253066,1.139817502,0.8586312172,0.5107350887,0.02665944785,-0.1769989179
SEQ024,0.9158215447,2.241531937,-0.007606956998,-0.6605237267,0.6930619717,0.3310358222,-0.2145106768,-0.539925812,-0.9411331074,-0.9335833353,-0.8162783483,-0.3822345279,0.09336751591,0.4752245978,0.6791406208,0.7260711937,0.5196248715,0.1028804473,-0.2132311681,-0.8060452395,-0.9224596695,-1.034629837,-0.7962714635,-0.6041110196,-0.1812500546,0.4873987254,0.5504843718,0.6674764324
SEQ025,1.142833654,-3.038265589,0.01889949638,-0.9099444013,-0.1892156601,-0.579017567,-1.01571667,-1.114517625,-0.889524375,-0.3537953007,0.212915517,0.8156126893,1.143142964,1.348627014,1.108517494,0.6658162206,0.1450056063,-0.4314445495,-0.7901435976,-0.6932481886,-0.6144537455,-0.1041602941,0.3867934869,0.89936549,1.537763048,1.615164251,1.40912467,0.8228290143
SEQ026,0.976771325,-0.3946936111,0.02395249395,1.189101624,-0.2951720781,0.0730366824,0.8364780055,0.8307717423,1.085356887,0.9885787879,0.4587398486,0.06990253772,-0.3629566407,-0.8264192264,-0.6567577689,-0.6237400212,0.01047589982,0.4396888959,0.7653475907,1.209443757,1.238692604,1.154237747,0.7323226168,0.1668994612,-0.07711177356,-0.4330167452,-0.4219309195,-0.1977956992
SEQ027,0.7089263464,1.986166604,0.0423415703,0.2220266815,0.5477477642,0.5400481827,0.1682302901,-0.2299607488,-0.4303895379,-0.3535182252,-0.4675864472,-0.05260008732,0.2173003097,0.5259610483,0.9255653234,1.03878526,1.227219852,0.8868106633,0.8587108622,0.4130060233,0.03187511657,-0.06803056621,0.1100070423,0.4726469172,0.7985185377,1.142770332,1.35906014,1.735053665
SEQ028,1.304765596,0.7714797496,0.01430749244,1.10704998,0.7102129577,1.28088145,1.322377488,0.9701749323,0.2139560225,-0.2069676706,-0.818935151,-1.143113383,-1.307120756,-0.6887112989,-0.1624707532,0.4694765243,1.044712597,1.517006037,1.464364501,1.206094474,0.6565577099,-0.1564921887,-0.720933323,-0.9908104198,-0.9893577477,-0.6151241618,-0.2289699636,0.670467853
SEQ029,0.7626233721,-2.901335981,0.02857748673,-0.3977886477,-0.1470105932,-0.488348436,-0.5586205286,-0.6285953651,-0.3920170621,-0.1460754234,0.3815857534,0.6964084637,0.9019784243,0.9645295687,0.9372962497,0.6404480635,0.2351663374,-0.25860366,-0.4395925067,-0.3685323108,-0.03474777694,0.2257778146,0.7827882566,1.078310163,1.256992145,1.433013373,1.166951315,0.8371547551
SEQ030,1.001658804,-2.011998078,0.02555123514,-0.1211199755,-0.8821608783,-1.010427943,-0.8539391705,-0.4166534584,0.2692011109,0.6103282283,0.9352039135,1.205292145,1.080176149,0.7813033617,0.09194107263,-0.4122382065,-0.4848231365,-0.6321266276,-0.5734236554,-0.1054771428,0.4646928958,1.132784126,1.337146375,1.459672338,1.302228713,0.9776068983,0.5000639873,-0.009953764954
SEQ031,1.49674786,-1.697022064,0.009827002571,-0.07050277348,-1.435689494,-1.358321744,-0.8839838498,-0.2185091797,0.5850314448,1.370995036,1.525848455,1.443720052,1.101349917,0.2985773622,-0.4472436496,-1.018859478,-1.406728597,-1.254432861,-0.7454358288,-0.0005123576679,0.5793868509,1.343776202,1.697825532,1.687864889,1.123944057,0.2335248931,-0.4248506295,-1.024739115
SEQ032,1.219427768,0.187277905,0.01784741956,1.412274728,0.2701280994,0.7189965247,1.087140962,1.477151492,0.971169593,0.4445915267,-0.06753374907,-0.6290992925,-0.9712911772,-1.052398719,-0.8525376994,-0.0546323961,0.4210219064,0.9956579447,1.356534355,1.418020594,1.146225068,0.5321446395,0.1607666554,-0.5044015904,-0.879516488,-0.7966016888,-0.5736579671,-0.05273946365
SEQ033,1.321841491,0.7093500832,0.02672208665,1.323659002,0.9061233531,1.247676231,1.271354622,1.11554004,0.5902125982,0.07728312323,-0.6498652994,-1.0697404,-0.9174165653,-0.6373698512,-0.0857837088,0.5710663315,1.224960664,1.53197355,1.630283484,1.356767494,0.7592065894,0.215254785,-0.3007803866,-0.6765159905,-0.7710966181,-0.4435299302,0.2019839311,0.8569916151
SEQ034,1.209898594,0.6556493736,0.03005146702,1.319646373,0.6607926288,1.205020758,1.205188826,0.9984557306,0.6083910858,0.01168411523,-0.5856393842,-0.803385852,-0.9315349542,-0.7367905978,-0.2428661002,0.4944194048,1.051493347,1.447400175,1.53902247,1.37558148,0.9483540745,0.3142081819,-0.2738562785,-0.4937000346,-0.5976492241,-0.4156911049,0.2765474606,0.7911699477
SEQ035,0.7738209245,-0.7722794921,0.007359965663,0.6426245178,-0.418656455,-0.2418498025,0.1769841639,0.4298130641,0.78648998,0.8655832381,0.6056220405,0.4444093402,-0.2611703802,-0.5424841679,-0.6121492656,-0.7916703514,-0.4617104872,-0.09216725651,0.3637963609,0.6425635194,0.8462988285,0.7659431929,0.8545759003,0.2829042571,-0.02624367923,-0.3719518503,-0.6225334654,-0.5745977154
SEQ036,1.166614035,-2.235462762,0.01761374213,-0.5081986765,-0.8783433695,-1.145287978,-0.9726284587,-0.6972490451,-0.137755518,0.5043795669,1.077752175,1.227210398,1.312557985,0.8862340007,0.3400292963,-0.2887074841,-0.7710352768,-0.7965324291,-0.8143569284,-0.335319591,0.1519376329,0.5822692867,1.274890248,1.377558937,1.346454624,0.9987198125,0.6424899291,-0.06517044618
SEQ037,1.454139479,-0.5440707559,0.027498243,1.574153245,-0.6687682546,-0.03308738689,0.7065167818,1.216243426,1.579073153,1.315641903,0.8628593475,0.4241402524,-0.3475472221,-0.9656243318,-1.154138144,-0.9503407629,-0.3528559329,0.291706328,0.8767378521,1.645548904,1.919801504,1.79572581,1.252833186,0.5004908154,-0.1656598846,-0.6864517339,-0.8085917136,-0.547261293
SEQ038,1.438702363,0.237419488,0.01911865223,1.627767905,0.3603202042,0.9022306659,1.304406871,1.517366854,1.120024882,0.4674621673,-0.2462164795,-0.9313148746,-1.061080564,-1.241761319,-0.9855103008,-0.09044866969,0.5530809684,1.223944973,1.798658513,1.79217649,1.351700489,0.8014930721,-0.1200730309,-0.6838111375,-0.8969914271,-1.011796678,-0.5062094048,0.09569037869
SEQ039,1.176875129,-3.06498612,0.03949814255,-0.6994458254,-0.1858949161,-0.6340187281,-0.9782034569,-0.9146324682,-0.8615593837,-0.3220449959,0.279584096,0.8968134418,1.489252228,1.548907854,1.381977918,0.9804126017,0.360999042,-0.08130357761,-0.5569203927,-0.5313889481,-0.4034448105,0.1326370843,0.7732667759,1.331428564,1.869846043,2.086405772,1.889719581,1.439625727
SEQ040,1.037664415,-2.270117806,0.01827986266,-0.4485847562,-0.8447571916,-0.8349245724,-0.9682967179,-0.507848541,-0.07251634515,0.3663859822,0.8143311952,1.092705627,1.21579099,0.679265794,0.3986673642,-0.03374943755,-0.5954425645,-0.669076162,-0.5243350219,-0.5685370767,0.05992626834,0.5648262357,1.074798823,1.414941451,1.343998616,0.8981081949,0.6021728004,-0.03709999599
SEQ041,0.7535984907,-2.923396748,0.007345247886,-0.6475873701,-0.1505063098,-0.5118476969,-0.5494504336,-0.687856868,-0.4401396474,-0.1933980874,0.2203513602,0.5383104809,0.8502874894,0.7892980154,0.4882982796,0.2940840659,-0.085925097,-0.4436583121,-0.5281820254,-0.6226464766,-0.4277865852,-0.1378916403,0.3159191236,0.6191334754,0.9676005733,0.7783773312,0.7381116085,0.3747975706
SEQ042,0.9288953874,-0.08370606215,0.02806305078,1.262399649,-0.1256235542,0.4097023114,0.845047112,1.0770225,0.8599098346,0.6656127706,0.2056735231,-0.1619439553,-0.5291919191,-0.5258347925,-0.522140745,0.001113345753,0.268421173,0.7513356324,0.9277468441,1.386897993,1.300614601,0.9975046475,0.4656183252,0.1615563176,-0.1694765248,-0.3858635014,-0.2618284031,0.03315345684
SEQ043,1.165296477,-2.414384784,0.005521245287,-0.804260542,-0.8423188645,-1.063292362,-0.9869758918,-0.8130532031,-0.3766328659,0.3457124022,0.932556524,1.04836556,1.241716124,0.9242050947,0.4441429914,-0.1943642355,-0.722365813,-1.036941701,-1.116037736,-0.6840503179,-0.2892485783,0.3295361319,0.7375016921,1.167416787,1.373678427,1.061549015,0.5119228431,-0.09326413369
SEQ044,0.8336468816,-0.7533042686,0.01254812004,0.7586666203,-0.5978424225,-0.1565742346,0.2241675156,0.6606829199,0.8512403404,0.8883718608,0.68969324,0.2997691986,-0.1636416989,-0.4272616711,-0.7811636654,-0.7685992603,-0.5566614838,-0.01656608813,0.3101050772,0.759724859,0.9978988157,0.873821437,0.7862432038,0.5501900163,0.08891763047,-0.3592232955,-0.6337034912,-0.4542503985
SEQ045,0.7822022078,-0.3320374647,0.01679869835,0.941062824,-0.3179707803,0.07938331416,0.4630937596,0.8464726931,0.7255067543,0.7979400687,0.2826082006,-0.07213164506,-0.3930920059,-0.6173959637,-0.5872488148,-0.5400651353,-0.0002253000093,0.4904673026,0.7242873429,0.8599941175,0.9638803865,0.8239733688,0.4480859681,0.1623551366,-0.0548544372,-0.4288387911,-0.5002398176,-0.3411018012
SEQ046,0.9094350595,0.04784782057,0.02503005329,1.208754861,0.1078083901,0.5707109749,0.9526907666,0.9925706486,0.827981985,0.5025010361,0.02417894196,-0.2849207325,-0.4713444353,-0.644688441,-0.6430770871,-0.3100814592,0.1910439757,0.8417690523,1.052435208,1.216265638,1.254223332,0.7630599073,0.2976464818,0.143512865,-0.5040852819,-0.2556061338,-0.2268821134,0.117908643
SEQ047,0.8249968383,0.8156111281,0.03065511366,0.9333336105,0.4512678536,0.7477979104,1.006929395,0.6505138781,0.1810236219,-0.1198658456,-0.4307353324,-0.6841671708,-0.6833116026,-0.2570726294,0.03102950584,0.5100734528,1.036002558,1.200541458,1.27387903,0.9536734908,0.6717420877,0.2387006565,-0.16262101,-0.03373783697,-0.0938581194,0.2024361063,0.5418279794,1.034937871
SEQ048,0.9140024009,-1.895369266,0.02032860619,-0.04753579555,-0.8106551507,-1.048387462,-0.6462950417,-0.2364376531,0.2486809844,0.6525928166,1.064836486,1.062875502,0.7114274279,0.389931542,0.1083521084,-0.4299342037,-0.700020509,-0.7152863164,-0.2595160686,-0.02986368574,0.6176498183,1.080687371,1.266184228,1.373845899,1.100806024,0.6741306965,0.2398290188,-0.08290090728
SEQ049,1.025436906,1.906908124,0.005841337063,-0.268112488,1.034069281,0.5978008255,0.2865655316,-0.3495888957,-0.8455288774,-1.158774475,-0.8529657441,-0.6114889421,-0.1845268439,0.3224251158,0.9211807078,1.153587656,0.991926802,0.8176894778,0.2935350828,-0.2750408383,-0.6620176477,-0.9361106713,-0.7626379577,-0.5371887268,-0.07156085437,0.4811174233,0.9171475623,1.297149556
SEQ050,0.9472360602,2.666801423,0.0142216987,-0.6718001717,0.3362478935,-0.05381075597,-0.5949342436,-0.7919819652,-0.9343587931,-0.6484091987,-0.4485775357,0.1908517465,0.7441290308,1.033387456,1.110099075,0.9503592918,0.702095217,0.1346022026,-0.2597228473,-0.7054818873,-0.7023132254,-0.6088218405,-0.2530904906,0.2210644766,0.844063087,1.092501737,1.113312428,1.068536273
SEQ051,0.7553890171,-2.399861456,0.02815791554,-0.219053432,-0.5564633263,-0.6222661353,-0.7296139515,-0.4636058801,-0.02954447102,0.1396078509,0.6321864354,0.9428565431,1.119096039,0.9357150049,0.5012481263,0.1165699718,-0.1978890909,-0.2292588036,-0.1940487621,-0.1883861105,0.1790554857,0.717130184,0.911346678,1.264751997,1.324087925,1.209663155,0.8330839223,0.4158022749
SEQ052,0.8418450215,1.244963254,0.01605095242,0.462084452,0.91720735,0.8505724356,0.8231959079,0.3444406155,-0.1851003169,-0.3944820571,-0.7146845932,-0.5916983031,-0.631896247,-0.1016067422,0.395450134,0.6317921451,1.154509788,1.043286457,0.941280424,0.5270332261,0.1455785333,-0.3684089745,-0.5434848741,-0.5954118356,-0.2049251128,0.06016402796,0.4701805377,0.872123989
SEQ053,1.346001141,-0.1081029031,-0.0006751695674,1.330041918,-0.001931870966,0.4784838938,0.9032015133,1.37477699,1.220577675,0.824024536,0.09968806866,-0.5483194272,-1.125270445,-1.389986101,-1.268719468,-0.8659969651,-0.3079217185,0.5710657917,0.9705987102,1.261249578,1.304709695,0.815271854,0.1022792662,-0.5630521423,-1.145603093,-1.341631756,-1.188491635,-0.8747236385
SEQ054,0.8227521883,-0.728144147,0.01021440125,0.7366838768,-0.4515156339,-0.1689617629,0.1610432601,0.7469669529,0.8895334461,0.7511578197,0.7309493486,0.3120713667,-0.3216428307,-0.5115521846,-0.7546285291,-0.6288160508,-0.4093346762,-0.0116124076,0.2766245994,0.8286406848,0.9154067156,1.033482252,0.6969324655,0.3981626019,-0.04975860581,-0.4359379087,-0.5389543806,-0.560547543
SEQ055,0.8785602504,0.6735628547,0.03580497335,1.116346073,0.6783962203,0.7874019272,0.8872448597,0.8925810088,0.5797133748,0.1052469387,-0.210068407,-0.6319359892,-0.5233896482,-0.1828345787,0.04267895647,0.5380977605,0.8578786893,1.392189362,1.415031764,1.229478573,0.862197864,0.3803243221,0.1198011592,-0.09267581707,-0.1412857856,0.06189493611,0.4238595027,1.006082979
SEQ056,1.265375748,-0.6307757381,0.008762046076,1.127024353,-0.7377975637,-0.09691268003,0.5877119279,1.022253754,1.284002055,1.158214819,0.7413866999,0.1805075723,-0.4373124153,-1.061113183,-1.239796677,-1.242656752,-0.5419855996,-0.08320626301,0.6032384941,1.03539525,1.387304395,1.348985528,0.9606968716,0.4617501186,-0.359833089,-0.9040714413,-1.14342594,-0.9693377013
SEQ057,0.9171064143,0.446228846,0.02010017334,1.068506367,0.4713124259,0.7524964689,0.9455346131,0.8453252434,0.6077606569,0.2730705757,-0.126257638,-0.506268273,-0.8126428113,-0.5459695438,-0.3126191668,0.09743955208,0.5428780371,1.165220924,1.138641032,1.029160997,0.891971459,0.2788186118,-0.05954179201,-0.4045162181,-0.4902109413,-0.4532537489,-0.003641823605,0.3762179754
SEQ058,1.167150841,0.2789662025,0.02285387586,1.396276024,0.3364488202,0.9990024725,1.21702891,1.215602412,0.9568551202,0.3500233372,-0.05599905209,-0.7468804217,-0.9310413549,-1.018021328,-0.6184124692,0.136216219,0.6563903579,1.099098017,1.47446681,1.470287932,1.279746786,0.7901439795,0.1464202368,-0.5465927574,-0.6815233943,-0.5440306836,-0.2591350766,0.2783834486
SEQ059,1.488375739,1.158258988,0.00241172809,0.6256827952,1.366485401,1.50241614,1.299848356,0.6462476779,-0.1286796732,-0.8463312238,-1.360598825,-1.618727503,-1.165842962,-0.4401880204,0.09091059665,0.8803433364,1.453798804,1.642997224,1.294527518,0.6985074181,-0.05039281398,-0.8023060333,-1.231049225,-1.402449488,-0.9938443758,-0.5643662022,0.1951631524,0.8356815699
SEQ060,1.344675645,0.3577980375,0.01916901599,1.489545863,0.4735666769,1.102375338,1.330900575,1.242562904,0.8630383945,0.332744356,-0.3272674645,-0.9176465866,-1.068201459,-1.067850409,-0.6789900358,0.0202696888,0.7430772609,1.181568496,1.798231241,1.510173899,1.270469036,0.5734918264,-0.09897206586,-0.6418336928,-0.8700141739,-0.7697626907,-0.3800597847,0.1502165374
SEQ061,1.362409922,0.8031561314,0.02421885207,1.236737045,0.8744735959,1.385073546,1.392871771,0.9818964353,0.5498332727,-0.1757899144,-0.8423775317,-1.081057339,-1.124763725,-0.6201928032,-0.08081044699,0.7549149034,1.305987476,1.596259143,1.707693003,1.33562664,0.6953476436,0.04012533531,-0.5303140452,-0.901214262,-0.7594928227,-0.4892627201,0.1454940716,1.002904044
SEQ062,1.090228885,-0.7468992169,0.0009539108415,0.811455754,-0.7275688117,-0.2177570428,0.2837877382,0.6682700369,1.138476045,1.046199672,0.6968164734,0.2093405399,-0.2374779225,-0.7237731932,-1.131092916,-1.01116928,-0.7306337852,-0.1991085307,0.3455530359,0.7701348746,1.102638616,1.096557487,0.8225909874,0.1536031607,-0.3015796519,-0.7078853893,-1.058498505,-0.9889961987
SEQ063,1.423504675,2.992800971,0.01720171924,-1.201355634,0.1717772025,-0.5809384559,-0.9724514313,-1.296922323,-1.371951012,-0.8345390441,-0.129033428,0.7343847595,1.156796655,1.443029887,1.419387107,1.189106453,0.6221335515,-0.3917449209,-0.9126131381,-1.103248768,-1.096121787,-0.4337351709,0.01461082733,0.8160819895,1.58579222,1.809044458,1.675293338,1.295147051
SEQ064,1.128149851,-0.2580925369,0.02044491208,1.336122884,-0.309449008,0.1895899893,0.8314492943,1.274070994,1.054242116,0.7507638243,0.4012892497,-0.1001696811,-0.5800235978,-0.9150280891,-0.7740540692,-0.5283596422,0.1021365347,0.4955247955,1.131265765,1.124237342,1.427796635,1.086356435,0.7663686764,0.04388390403,-0.3692384464,-0.6506071009,-0.5443482424,-0.3356520715
SEQ065,1.446572116,1.766359717,0.02047097562,-0.03544505355,1.44258625,1.052371159,0.6078809922,-0.1677664792,-0.8452844239,-1.284556018,-1.296970295,-0.9146352279,-0.3244235324,0.5510035098,1.194058321,1.636226692,1.778959549,1.285816835,0.621623747,0.04883995176,-0.6362408306,-1.044014926,-1.061330092,-0.7088793824,0.07397621993,0.8191475781,1.409416867,1.745643744
SEQ066,0.9174989988,0.4066398574,0.009771974771,0.9599452651,0.4148244019,0.5042983567,0.8231716393,0.89297795,0.5508857638,0.2428912451,-0.2575110525,-0.664129015,-0.8157908745,-0.70017607,-0.4482132369,-0.03090287615,0.5085750459,0.7645261337,1.066804735,0.862218853,0.6893392832,0.2572852179,-0.06651606747,-0.5383430977,-0.6540178316,-0.5872488602,-0.3740036059,0.1689774281
SEQ067,0.7353092882,0.09588064767,0.0207598938,0.9810507169,0.08866147768,0.5543357752,0.5882588825,0.8584759665,0.7818010758,0.4164144233,0.06564410855,-0.336758699,-0.6136153925,-0.5423139769,-0.2436675334,-0.004965858773,0.368253274,0.640424588,0.9907749804,0.8131479324,0.9129406143,0.8561660092,0.3062969701,-0.07064925899,-0.2545580658,-0.4126720746,-0.2182240741,0.1052728964
SEQ068,1.079428166,-0.4171044109,0.02041264921,1.231836066,-0.4231086513,0.1408243827,0.5659169212,0.9123325192,1.148328422,0.9639477491,0.4998431327,0.0009792359061,-0.3963436848,-0.7545605713,-0.9053129654,-0.5861508086,-0.1638584054,0.4628779384,0.997857716,1.279477689,1.452299164,1.108857717,0.7451066016,0.3637229801,-0.09263460867,-0.5623105439,-0.5015507674,-0.4835328698
SEQ069,1.487693484,-2.319622023,0.01778412877,-0.7993810338,-1.153446758,-1.458174583,-1.300849929,-0.9781291663,-0.3139179667,0.5544201021,1.120400592,1.585218894,1.624768954,1.177704846,0.5055680878,-0.2863835478,-0.8222169513,-1.190561843,-1.046532908,-0.6772063238,0.06065502856,0.6964540664,1.297498918,1.719550642,1.772361251,1.356392657,0.6910901404,-0.1532548209
SEQ070,1.070883619,0.8565876006,0.02940114122,1.054263589,0.7767242313,1.063131157,1.142102704,0.8113935574,0.3507209799,-0.1428958415,-0.646200443,-1.035085144,-0.7346844482,-0.5529050991,0.1421526298,0.7401316019,1.04658931,1.556880696,1.353657382,1.092340084,0.7130257461,0.1841014703,-0.1807979692,-0.4953481911,-0.4067080924,-0.02895870239,0.608596545,1.028626654
SEQ071,1.330567363,2.395458779,0.02542564157,-0.6719527909,0.9673605025,0.4231401959,-0.2494201124,-0.8225169005,-1.347924406,-1.182872861,-0.7010900706,-0.1250494808,0.5442782899,1.307733231,1.562088201,1.51563271,1.136453392,0.7026907912,-0.06118511921,-0.4410527105,-0.932885204,-0.833322979,-0.4727418022,0.1935861488,0.8448004326,1.398836202,1.814529707,1.766332362
SEQ072,1.029365099,2.141794761,0.03308473961,-0.1593265113,0.780629698,0.5644099978,0.01791360873,-0.3998488876,-0.7574866657,-0.8442260021,-0.7667605839,-0.287192127,0.2628984651,0.8989456982,1.244442321,1.526480114,1.058365553,0.8486555644,0.3545071028,-0.1338495649,-0.3354611859,-0.4184436038,-0.3438074637,0.2954411506,0.7037588925,1.257091425,1.700890145,1.851844164
SEQ073,1.17553471,0.1940991166,0.02558317329,1.460458402,0.4122423145,0.6752689811,1.080789157,1.160986581,0.8435735384,0.376538477,-0.2107179868,-0.6366746756,-0.8935296329,-0.9061805879,-0.6378032661,-0.03534518161,0.4265683604,0.9638581375,1.524871175,1.554473189,1.382752629,0.8363973663,0.2982012157,-0.385483087,-0.6113545512,-0.6306909584,-0.2965099829,0.1493037037
SEQ074,1.214013675,1.860721871,0.01137585392,-0.2105530473,1.030645936,0.806403524,0.2334077472,-0.2926004659,-0.8669414345,-1.123677003,-1.077822626,-0.6923360171,-0.2495307083,0.4017570585,1.019584234,1.087928737,1.274555452,1.025838324,0.460866612,-0.1955162987,-0.8675498663,-1.149576593,-0.8225599183,-0.6978601975,0.03911648706,0.7133369651,1.323623588,1.435504849
SEQ075,0.7594355083,1.7673961,0.009443438255,-0.03502363805,0.6847682667,0.5665049733,0.2802542469,-0.04294652729,-0.4082435576,-0.5807596847,-0.6686681259,-0.4507360966,-0.3017717737,0.3649610174,0.6284820454,0.8935681969,0.8382053328,0.7487644675,0.4372631734,0.003544863108,-0.2717000497,-0.6304830077,-0.4722121515,-0.4014934964,0.0221127307,0.3303297649,0.6073830517,0.8290953685
SEQ076,1.262520005,-0.02363026677,0.01260608283,1.413440527,0.1387933787,0.4320178175,1.132743885,1.127552793,1.196658624,0.6394310921,0.1951767999,-0.5669163039,-1.047041374,-1.104141406,-0.9463444289,-0.6235501407,0.2384849008,0.729607106,1.176085288,1.550367544,1.210502673,1.024655833,0.2715013197,-0.4175477939,-0.7781202207,-0.9393843188,-0.8555388805,-0.4093305975
SEQ077,1.310610306,-1.597675235,0.02204127971,0.2292718234,-1.356859766,-0.9932785434,-0.6983782577,0.07679516744,0.7151819078,1.320430316,1.472923524,1.435606281,0.9305630981,0.3199939798,-0.6086853736,-0.9389648199,-0.98081268,-0.7040294106,-0.4803182976,0.2466176029,0.9609594433,1.605636491,1.769829003,1.444718188,1.042534295,0.6212046263,-0.2031947137,-0.6265668155
SEQ078,0.8220269406,-2.222416449,0.009339970505,-0.3864594422,-0.684975512,-0.8076722726,-0.7343712961,-0.4696628777,-0.07168503339,0.3202648023,0.6342153151,0.9176758288,0.8839593018,0.6061177282,0.1973530261,-0.1829365037,-0.6030197813,-0.6377839472,-0.7192902267,-0.2552847286,0.2112881038,0.4168156263,0.7814485139,0.92018976,0.9170367422,0.6042068071,0.2109059408,-0.1356018387
SEQ079,1.403546099,-2.498711474,0.0219711936,-0.8597044004,-0.7356788086,-1.164312057,-1.409562031,-1.03153505,-0.5600671056,0.360800963,0.9789391428,1.344186677,1.443971642,1.318080457,0.7125291597,0.05951793676,-0.5731197036,-1.033699499,-0.9913264304,-0.7469021268,-0.1202753121,0.5134371178,1.264293605,1.76417016,1.731995693,1.60013471,1.013516326,0.3733882564
SEQ080,1.401459712,2.520933962,0.03450680811,-0.7259995516,0.780731309,0.1375190292,-0.5953227917,-1.018790962,-1.255835824,-1.148262036,-0.4960649519,0.06855658852,0.8180664733,1.454712251,1.737710638,1.754147835,1.123321113,0.5729395677,-0.0002567652289,-0.5525666716,-0.8358815987,-0.7450119705,-0.1978508147,0.7181603631,1.260509985,1.826329192,2.200238467,2.075478891
SEQ081,0.9998903808,-2.603600067,0.007258840434,-0.7715388164,-0.5359750184,-0.9312822491,-0.9657150246,-0.8306970837,-0.5246527778,0.07334422851,0.6218840556,0.9080629369,1.053353071,0.9129052339,0.7694975497,0.05052640418,-0.3826562406,-0.949421207,-0.7332609411,-0.6192532986,-0.355146809,0.1816501133,0.6280375562,1.12866329,1.134639352,0.9619201938,0.738729216,0.1738881233
SEQ082,1.127459949,-1.239330778,0.02234763748,0.6350799839,-0.9692849709,-0.6329306143,-0.1739525443,0.3991775571,0.9064419714,1.261528606,1.27996509,1.009464612,0.3973786187,-0.2150444306,-0.6385638583,-0.7932286712,-0.7266085047,-0.4850147686,0.05380617757,0.8007300916,1.1407173,1.430434855,1.450107714,1.246386796,0.7496689682,0.09729225906,-0.2872943473,-0.6075892947
SEQ083,0.9958040891,-1.01965484,0.02239993599,0.790262035,-1.006819361,-0.343976535,0.09792373405,0.5788838417,1.031993492,1.116314791,1.048133797,0.5656694739,0.122724461,-0.3467094945,-0.6670016023,-0.9539092552,-0.6087093784,-0.1458796271,0.4433957835,0.7456697042,1.207774164,1.248178484,1.323627242,0.8794725455,0.3111215827,0.04078921878,-0.2232563031,-0.5185561676
SEQ084,1.380406354,1.747603543,0.0237954512,0.04274923855,1.344017854,0.9852004607,0.629341743,-0.1076944052,-0.9149113997,-1.149517874,-1.202894631,-1.057346155,-0.3686325954,0.5364898025,1.090005259,1.625807955,1.562473224,1.376328226,0.8575352945,0.1833178182,-0.363827476,-0.8841705286,-0.8350760148,-0.5106918627,0.09061055435,0.8287278252,1.359143246,1.892436563
SEQ085,0.9806797133,2.652822714,0.02136786074,-0.6094386648,0.4011617567,0.05918979149,-0.3867594851,-0.8007861754,-0.7129142952,-0.5809527031,-0.4038443731,0.2278488975,0.7753892852,1.207623273,1.1273724,1.033623243,0.7136893499,0.1688229551,-0.3024509377,-0.5222169946,-0.776536857,-0.6208240671,-0.2641236496,0.4980902926,1.030717871,1.444896625,1.562990231,1.208110632
SEQ086,1.363210515,-1.843821755,0.001817774922,-0.3457710064,-1.324785671,-1.298983253,-1.016685418,-0.2916842314,0.3697838146,1.023277805,1.281481746,1.393897886,0.9324131604,0.3933886286,-0.3355832093,-0.8406754258,-1.186020403,-1.286874109,-0.9157213613,-0.2361008481,0.2374689837,0.8696127075,1.352244783,1.224128139,0.9426425017,0.2810722871,-0.3014475778,-1.021487283
SEQ087,0.7983376927,-1.873024893,0.02017215273,0.0044418146,-0.728063996,-0.6554884581,-0.5310830072,-0.1989309483,0.1960471135,0.5854225288,0.8346475994,0.9089989872,0.6998470625,0.3583545312,0.03173628789,-0.4016599917,-0.5041356418,-0.6019860141,-0.1640637099,-0.02168230779,0.5211665189,0.9223687374,0.9763218451,1.152233306,1.001625751,0.7445425491,0.1751946199,0.05294857988
SEQ088,0.8155164395,2.609504352,0.004982216844,-0.6429842687,0.4804252721,0.04111109644,-0.4423952958,-0.7212336871,-0.8792305123,-0.5615936039,-0.4504894641,-0.03446511548,0.5248841202,0.7326746112,0.8160769684,0.8291480924,0.2919436173,0.08221891354,-0.4601175342,-0.8140091956,-0.845900303,-0.5917250789,-0.2815742721,0.2235694077,0.429188062,0.962398515,0.9179162597,0.809255444
SEQ089,0.7063716725,-1.214697042,0.005701819262,0.3146777565,-0.5966925452,-0.392105741,-0.07184296912,0.3241489477,0.5614382972,0.7604222677,0.7009878927,0.4374060672,0.120081597,-0.2500792706,-0.5435320851,-0.5222719205,-0.5277351203,-0.3405339376,-0.05215314968,0.3493926876,0.5939505741,0.8062881797,0.8330708891,0.643441211,0.2122157668,0.006781700693,-0.514754813,-0.5131933256
SEQ090,1.237964773,2.196945099,0.02012979199,-0.4839251334,1.026876669,0.5354344632,0.03168423538,-0.6754377704,-1.157583361,-1.205765433,-0.8243086358,-0.2312993036,0.2215660404,0.977175631,1.401160331,1.226663362,1.343635502,0.8284889491,0.1945234563,-0.3625547226,-0.887266733,-0.763258126,-0.5617859977,-0.1281910782,0.5036394775,1.036928694,1.755637479,1.540312363
SEQ091,0.9209614198,1.205188643,0.02540974936,0.6341762459,0.9312973647,1.054425688,0.7208311782,0.3616049424,0.04562532431,-0.412575014,-0.6441917532,-0.6129710464,-0.4725791221,-0.02222452562,0.3504248511,0.8881352684,1.123190858,1.234094707,1.106535419,0.7906175422,0.3023415791,-0.2265518672,-0.4492899085,-0.263668474,-0.1248997384,0.2636647256,0.5631805019,1.188422327
SEQ092,1.072854289,-1.91551835,0.007614470983,-0.2711814343,-0.9374695695,-1.091414285,-0.8864623114,-0.343931411,-0.003416532867,0.6918396171,1.137369695,1.11379374,0.8614714603,0.3798446292,-0.0476360588,-0.6799576182,-1.009750957,-0.9704482801,-0.6267208601,-0.1761499227,0.3467512829,0.7458735625,1.177075719,1.224979922,0.8772206199,0.4528564472,-0.1326979384,-0.4457221423
SEQ093,1.303320128,-0.1834852208,0.0258933861,1.592162918,-0.2216436734,0.4986911299,1.073000573,1.367726901,1.314722023,1.085447946,0.410585101,-0.1189417619,-0.6393376989,-1.195083999,-1.076353683,-0.6003183894,0.1134068364,0.8665707271,1.235251823,1.69829787,1.677041279,1.333225453,0.7126364766,-0.04468974348,-0.3519579476,-0.7430240143,-0.6464254487,-0.2723981704
SEQ094,0.7957581011,-2.835785393,0.01793650292,-0.5436002538,-0.2007093203,-0.6322373337,-0.7242971764,-0.7186531811,-0.4176825608,-0.1743634118,0.3807820425,0.7637307003,0.9881228648,0.8563983406,0.6626221126,0.4195481622,0.05916248086,-0.446183767,-0.6414454313,-0.4087876956,-0.2937174795,0.151398061,0.6697572814,0.9316731982,1.231078915,1.147028519,0.8666654208,0.4237874395
SEQ095,0.793086216,-2.530625007,0.02357819839,-0.3666732261,-0.4584290553,-0.6202126533,-0.762295959,-0.6022199058,-0.1848787048,0.07622080297,0.5692983232,0.8999915073,0.9259353439,0.8664065524,0.4098727577,0.3133238807,-0.1006438561,-0.4238924247,-0.6020437053,-0.2651917808,0.06462618293,0.518545384,1.014926977,1.207182439,1.175643832,1.222978448,0.8864390609,0.4752058846
SEQ096,1.067292878,0.8502090152,0.001568745197,0.7230526424,0.8012701918,0.9951393214,1.007983126,0.7277996603,0.07437716242,-0.3767217777,-0.6946889352,-1.024428918,-0.8697760027,-0.7494538949,-0.2800704894,0.3456865234,0.8051350771,0.9761235024,0.9584708327,0.8425519941,0.1202097221,-0.343615094,-0.818093563,-0.8976317509,-0.9554654795,-0.5937415812,-0.2089236229,0.4014651607
SEQ097,1.378115023,1.711436842,0.02783069545,0.1407878551,1.472935378,1.078216472,0.6621514887,0.1121704916,-0.8046083929,-1.109779252,-1.218827363,-0.8710910387,-0.1366955909,0.483141918,1.082274692,1.525379144,1.703806624,1.500471882,0.9355685775,0.2874377965,-0.5046231489,-0.8264846032,-0.9524283448,-0.5715238698,0.0686981422,0.7071269005,1.407068455,1.902726223
SEQ098,0.7750592242,-0.1232382745,0.02004943008,1.009774158,-0.1476314195,0.235511409,0.8176055533,0.8153653996,0.7748604414,0.4949977256,0.2232147713,-0.145546184,-0.5016693256,-0.5281806361,-0.724200378,-0.2913826889,0.0413299355,0.4887005586,0.817933366,1.2187746,0.9743965296,0.7750123452,0.4170004173,-0.02643296822,-0.2865132944,-0.3883319389,-0.3400900136,0.03529617082
SEQ099,0.7246008246,0.5604184375,0.04040782588,1.098654553,0.3951049097,0.5795869094,0.8327633856,0.7461775423,0.4085378515,0.1383431521,-0.118514553,-0.3018995367,-0.4255585348,-0.1161576429,0.08275251824,0.3125594577,0.9001646659,1.299120601,1.307442389,1.103138567,0.9373166953,0.6374040934,0.4653315361,0.2454242425,0.05480534533,0.3094467558,0.5209517755,0.9678380145
SEQ100,0.7542724203,-1.428702618,0.02658595335,0.4258485067,-0.8108814922,-0.5703774572,-0.2668488968,0.1660413496,0.5446542993,0.8362025235,0.7559436626,0.7150465004,0.3300491868,0.1142920914,-0.2741374222,-0.4183226121,-0.4874833962,-0.204186032,0.1730343433,0.4659037102,0.8826325957,1.238703676,1.226469228,1.112587167,0.8000447286,0.4127222451,0.01341372444,-0.002073877628
SEQ101,1.183968728,-0.4578161336,0.01671926783,1.262674704,-0.5060696843,0.1420652666,0.5597952599,1.01375705,1.318597096,1.120664433,0.6519293815,0.08863431001,-0.6703368265,-0.83489451,-0.9905271077,-0.8748213725,-0.2082541121,0.1389529389,0.9720164294,1.209240806,1.395543902,1.284630861,1.022045492,0.2409970799,-0.444042709,-0.7045694506,-0.8677816552,-0.5334201005
SEQ102,0.8600118951,-2.807214216,0.01491275573,-0.6334266185,-0.1692058055,-0.5549062967,-0.6759269071,-0.7587068237,-0.5080386376,0.05981759178,0.3627017958,0.7604448591,0.8662306838,0.991831089,0.5938014713,0.4250023963,-0.02040252397,-0.4741782961,-0.6644345955,-0.5439559286,-0.3346840206,0.09938509499,0.5863180863,0.9059526332,1.191584768,1.04859789,1.00421344,0.5631140933
SEQ103,1.345566875,1.261347255,0.02358590836,0.6928016591,1.327213946,1.323839492,1.140994111,0.3713620907,-0.2492384373,-0.7887496458,-1.188839528,-1.187425119,-0.7766110945,-0.2814655359,0.4606552168,1.053251615,1.639529858,1.682950944,1.411405041,0.6690491685,0.1025494281,-0.546245078,-0.8646006248,-0.7743850868,-0.4430828865,0.1667899047,0.7322505103,1.323569309
SEQ104,0.9652041394,-2.726835263,0.004297146129,-0.831802695,-0.4364739798,-0.8597244632,-1.027719011,-0.8980174727,-0.4885881051,-0.1934681801,0.4541399914,0.7696097129,1.018557559,0.8895434457,0.6121105225,0.3086580587,-0.3418541898,-0.64866665,-0.9369297235,-0.9190072147,-0.4519715008,-0.01152894358,0.2554264262,0.9943030652,1.086383246,1.060321346,0.5868102885,0.2034728757
SEQ105,1.239419101,1.021838171,0.02276200316,0.919871372,1.027886993,1.149400994,1.207340901,0.8321870752,0.02488824921,-0.4191314136,-0.8652413114,-1.1289238,-0.972677582,-0.3805706386,0.2374135163,0.8118041751,1.398211748,1.518211484,1.495259883,0.9731031035,0.4395846485,-0.2697314379,-0.7789975059,-0.8034333726,-0.7175422629,-0.1418854406,0.3365250351,1.153888719
SEQ106,1.144275089,1.895712257,0.02411490972,-0.07590700849,0.8888052128,0.8830699469,0.2467155348,-0.1844231992,-0.6439494818,-0.9841004854,-0.9314230919,-0.6189282127,-0.01224226465,0.6002942921,1.047634627,1.334666817,1.470183136,1.136845878,0.6247871388,0.001524355764,-0.4331972971,-0.7564530042,-0.6238294423,-0.3236144041,0.1734405573,0.9239995567,1.439949306,1.593815473
SEQ107,1.009148192,0.1093307343,0.01928638491,1.234559537,0.07597468559,0.6894557961,1.009402269,1.117438142,0.8175863808,0.5080143029,0.06971514256,-0.4311341525,-0.7980854102,-0.8938969273,-0.5729034961,-0.09558828505,0.4371737884,0.8563969581,1.147324166,1.334100216,1.081806873,0.8428743682,0.1804547153,-0.2908108123,-0.5091489894,-0.6299057835,-0.5051185744,-0.00688105886
SEQ108,1.142720842,0.8643568376,0.02445082905,1.035183745,0.9742556709,1.108077695,1.15302299,0.8315738483,0.3540678715,-0.2078639583,-0.7820097931,-0.9774828469,-0.8519911793,-0.4650523075,0.2777935238,0.5416206742,1.190716714,1.361683149,1.428109547,1.110687356,0.5011224313,-0.003828847998,-0.4971179033,-0.753075558,-0.468797291,-0.2568897807,0.501331664,0.8632129728
SEQ109,1.394170582,-0.5997223228,0.0482296397,1.729632857,-0.7204375855,-0.03729904568,0.7046188603,1.212350191,1.486405325,1.416105571,1.037468684,0.489992201,-0.2811133605,-0.7547890932,-0.8428886097,-0.6616977138,-0.1479646846,0.6297661189,1.144579553,1.878640363,2.089691341,1.967650556,1.488371184,1.063817802,0.4813465474,0.07510627858,-0.3236865055,0.007251743424
SEQ110,1.063781826,-1.01893158,-0.002771433489,0.5244581439,-0.7749870743,-0.5200733598,-0.006967284919,0.4622192186,0.9123015501,0.9150278761,0.8947976188,0.6397884978,-0.06224666247,-0.614576962,-0.8799165477,-1.147268007,-0.8504376391,-0.5392583645,0.05269285503,0.4548704689,0.8305456994,1.017484141,0.7568730791,0.4368518698,-0.2355317072,-0.5932878878,-1.098618405,-1.123096677
SEQ111,0.7817158382,1.839128667,0.008499532814,-0.105257099,0.7790824394,0.6542664842,0.08115942728,-0.1325751146,-0.4293983494,-0.6628748787,-0.7231823414,-0.5506878609,-0.1714956286,0.2241057359,0.7121599921,0.920664856,0.8465905129,0.6428667847,0.4742801564,-0.1612269555,-0.371951212,-0.7137285637,-0.5564755666,-0.3304683995,0.007080549738,0.4214559941,0.6973584653,0.9034444915
SEQ112,1.182543223,-0.978808175,0.02262066585,0.93132125,-1.011258837,-0.4774961022,0.08959029843,0.7509660332,1.111189173,1.2773241,1.138021914,0.7386017786,0.01227057455,-0.6027664371,-0.8192259289,-0.8910764353,-0.7813652474,-0.1558860578,0.2889777621,0.9812809145,1.42781661,1.557489561,1.399791139,0.9016315924,0.2455959624,-0.2719121934,-0.4541912987,-0.5840823183
SEQ113,0.9158189513,2.541142633,0.0255194363,-0.4493919747,0.4385517836,0.112652799,-0.3141079324,-0.7679790687,-0.7585517846,-0.6463744302,-0.4165428053,0.1121078428,0.5267867858,1.079897578,1.132043634,1.212632441,0.6979018216,0.3978952035,0.01544164183,-0.4801560838,-0.4272851376,-0.4073333707,-0.1430984742,0.2998084261,0.854368737,1.2396413,1.318848091,1.438539097
SEQ114,0.7657951178,2.507017535,0.009298764803,-0.5051277448,0.5418886964,-0.03114669754,-0.2292103376,-0.4808842294,-0.6955161144,-0.7183249274,-0.4128627776,0.0001359603638,0.4466029636,0.5591118519,0.8150620749,0.8291389269,0.5776082592,0.2793075727,-0.2649637372,-0.5313342081,-0.7014402719,-0.4559402014,-0.2398535635,-0.0387153751,0.4543806336,0.7752499735,1.004551175,0.8434713412
SEQ115,1.368148156,-0.420497776,0.01728402601,1.45637141,-0.580831794,0.08700612401,0.8058820684,1.277712292,1.339484742,1.327405322,0.5211721284,0.03958358482,-0.5716761067,-1.075659933,-1.282257844,-0.9658892536,-0.4040510748,0.3430054632,1.059859221,1.496989474,1.534420605,1.219508378,0.8995022022,0.1321152395,-0.5670120298,-0.8406399285,-0.926775411,-0.6134653655
SEQ116,1.209883975,0.0206841951,0.004871094202,1.268078298,0.105681112,0.5845829558,1.077674495,1.130964053,1.003451464,0.359973715,0.1198727368,-0.607760754,-1.174320675,-1.237971353,-0.9433619568,-0.5784132539,0.07417715794,0.7112365929,1.063425318,1.292384612,1.147225026,0.7839433837,0.1039843577,-0.5588043761,-0.9769082427,-1.213084163,-0.8400070066,-0.4785715267
SEQ117,0.854963522,0.2802590842,0.02080594763,1.071277471,0.2136809935,0.5941493347,0.9479103208,0.7461042261,0.5818299302,0.3222083379,-0.1239662627,-0.6097680095,-0.6756035675,-0.6590711445,-0.3888923613,-0.07089804531,0.5718132764,1.031008079,1.200868501,1.205238304,0.9603886754,0.514637078,0.1098364214,-0.07726086793,-0.4333808729,-0.6144667021,-0.1877186813,0.260881377
SEQ118,1.402566333,-2.232773445,0.02875071442,-0.5171174786,-1.170125218,-1.351788005,-1.207447903,-0.8930546936,-0.210137857,0.5794022974,1.206800387,1.655796148,1.656792022,1.167915469,0.5868053223,-0.1381608461,-0.8358822913,-1.109158696,-0.9952355007,-0.4334715561,0.2115328012,1.051674244,1.588403077,1.969356012,1.882060223,1.326153802,0.8643113856,0.1255748835
SEQ119,0.9848427892,-1.059027351,0.01697585709,0.6860078367,-0.7611747581,-0.4946989738,0.01469296837,0.4758886385,0.99988455,1.277222424,0.8877456846,0.6384920211,0.09323950009,-0.4166613629,-0.5633500527,-0.8091272895,-0.7005734779,-0.2096389105,0.225332021,0.7768764667,0.9953366347,1.314715655,1.139060711,0.7284566606,0.468582199,-0.134890528,-0.3247149087,-0.5510832528
SEQ120,1.39420551,0.1476068444,0.03068362578,1.747248254,0.2536480591,0.9103972672,1.422327933,1.499353106,1.208371145,0.6227290974,-0.04317925143,-0.6467026596,-1.182163724,-0.9557614332,-0.7175918713,-0.2768984578,0.4715165553,1.169308266,1.673165724,1.886096302,1.555772912,0.9841831447,0.362745194,-0.4174477934,-0.8972924346,-0.7373223184,-0.487514827,0.2246997129
SEQ121,1.293990874,0.4361792465,0.0344805163,1.586603894,0.5554299573,0.896332502,1.29757347,1.297621687,0.9098799217,0.324531302,-0.2731254372,-0.7277802721,-1.113647721,-0.7500174405,-0.3185623579,0.2391019769,1.09500983,1.553792111,1.823850312,1.728048872,1.473079668,0.7155355592,0.2118293413,-0.5373482419,-0.635052431,-0.4179418332,0.04714398229,0.7418342668
SEQ122,1.245380381,-1.187263363,0.01923371377,0.6968247661,-1.163690296,-0.7678723761,-0.002158386352,0.5124465618,1.089801392,1.246920866,1.212245433,0.7803916132,0.235664627,-0.2626213015,-0.7013438168,-1.021633331,-0.8774852634,-0.4552632381,0.2514847559,0.731672184,1.22726775,1.672923792,1.429766905,1.124001517,0.5908796332,0.008637744236,-0.3756178379,-0.7709119337
SEQ123,1.174013187,2.572118646,0.008928144099,-0.8815982161,0.5956927909,-0.03526046186,-0.5148424282,-0.847425892,-1.200730194,-1.035471853,-0.6267494893,-0.02217338832,0.6350277555,1.080912169,1.350146646,1.218869279,0.8968917098,0.1684413219,-0.400451073,-0.866074401,-0.9972163628,-0.8387481505,-0.3036354048,0.2801430856,0.7458278479,1.194686435,1.448309369,1.237271371
SEQ124,1.35280921,2.330474358,0.0172252076,-0.7249610252,0.9054842059,0.3129596163,-0.2932136699,-0.9078703993,-1.369122758,-1.169841435,-0.880985127,-0.1286697125,0.3192860915,0.8952368339,1.55693589,1.554520497,1.045535225,0.6181079563,-0.1100333013,-0.6010394566,-0.9239848983,-1.009577117,-0.6049387019,-0.05542499847,0.6483051373,1.269860208,1.596858751,1.699781779
SEQ125,1.152776674,0.4053990684,0.01194456021,1.202673179,0.4115959841,0.8379742912,1.193172441,1.111759955,0.7339325454,0.1521774433,-0.3505398924,-0.8713967198,-0.8943702005,-0.8091116663,-0.5277509516,0.01023308333,0.5562418638,1.102179763,1.160953824,1.107951457,0.7487149614,0.3625303079,-0.2125748019,-0.7400555349,-0.9042867173,-0.867875024,-0.4002963102,0.05457538674
SEQ126,1.159897483,1.568040873,0.04587017623,0.5536381546,1.276834019,0.911967569,0.8527070364,0.07787957274,-0.3773924578,-0.7494001861,-0.8258452029,-0.6233125382,-0.3576384151,0.3481186633,0.8833136144,1.50617944,1.815744907,1.628501707,1.263137259,0.692364976,0.3025437825,-0.2139761071,-0.3632788995,-0.1064108116,0.3558817264,0.9344498261,1.5665572,2.093450747
SEQ127,1.49354285,2.400626548,0.007452801229,-1.012527363,1.100369196,0.253371526,-0.3700337865,-1.113167405,-1.429357662,-1.31901036,-1.041648745,-0.2364901392,0.5639694644,1.13006537,1.633036491,1.326238498,1.03971846,0.4072312172,-0.3070170039,-0.9068190426,-1.369188215,-1.147146348,-0.9387578079,-0.05227370225,0.5315160979,1.304690817,1.694868949,1.66863601
SEQ128,1.440075438,-2.228447887,0.00711755888,-0.7948496817,-1.117933823,-1.461926423,-1.197412329,-0.7047779506,-0.1536019879,0.6261049569,1.101419889,1.565658776,1.379686584,0.9224700166,0.2881620043,-0.4865426408,-1.275607106,-1.338694874,-1.181540386,-0.778471364,-0.1333161912,0.5655778633,1.400081393,1.567379968,1.453976405,1.04714836,0.3684307917,-0.5114078256
SEQ129,1.026083922,1.404865292,0.02023440205,0.4122917722,1.065779343,1.048199856,0.6616318322,0.2313733545,-0.3158636645,-0.661989113,-0.8262882752,-0.8221482464,-0.4668340045,0.08173094176,0.5281761715,1.025097974,1.28890823,1.213773634,0.8665965615,0.4952583792,-0.02796269835,-0.5289338486,-0.6352745181,-0.7086140487,-0.2130982767,0.2806936601,0.6972629819,1.209716127
SEQ130,1.271460728,2.182631162,0.01147418864,-0.5925991607,1.105579158,0.4919419791,-0.1602218384,-0.5554981231,-1.164990715,-1.190111656,-1.077242645,-0.4690038643,0.1804727602,0.8148604161,1.424416251,1.401874268,1.108740124,0.6215385645,-0.07464563085,-0.526078005,-1.007525128,-1.082031173,-0.8975775168,-0.4075425514,0.4838322457,1.16315656,1.564938955,1.510094713
SEQ131,1.430112199,1.848709714,0.03286163838,0.001988811501,1.298761264,0.9943904331,0.5786406589,-0.2747069472,-0.7690819145,-1.202195427,-1.257871131,-0.9823921571,-0.009861987302,0.63648322,1.471507799,1.854802804,1.795025373,1.446459296,0.7624714466,0.1226074733,-0.5315894501,-0.7307833126,-0.8907843912,-0.3433670905,0.3763128717,1.073915769,1.745630206,2.077447466
SEQ132,0.9270327382,2.980481335,0.01457752442,-0.7400970193,0.120186402,-0.2399360333,-0.7011170141,-0.9309635212,-0.7540231897,-0.4897072579,0.06656393308,0.4589661633,0.7600930442,1.097072382,1.025001877,0.723584179,0.3664345792,-0.09849400382,-0.4771629793,-0.692719508,-0.6166387239,-0.3293617865,0.084993312,0.6165882966,0.9052344799,1.160811349,1.107022386,0.9497485479
SEQ133,1.456274893,2.05571552,0.02418952406,-0.3885491318,1.409995858,0.8285297753,0.03795605263,-0.6554308309,-1.085041161,-1.41044931,-1.063570584,-0.5599321065,-0.008394986105,0.9221597642,1.484228817,1.788988996,1.603435842,1.223129889,0.4359886301,-0.4339810081,-0.8478503617,-1.0947561,-0.8848822007,-0.1340003626,0.3894169716,1.357723582,1.773063233,2.007014542
SEQ134,0.8745257782,-0.7023663607,0.005098423608,0.7287202487,-0.4694344727,-0.108972928,0.4519479581,0.6925296253,0.9004087213,0.7437246745,0.5943451236,0.2716565458,-0.1450807061,-0.598772454,-0.838747608,-0.8983851139,-0.4799203295,-0.0419971649,0.513160558,0.787964989,1.028084089,0.9210976668,0.5729146524,0.2619508651,-0.1884938334,-0.5437059616,-0.8962016756,-0.6980771824
SEQ135,1.182829085,-2.432836027,0.02785992269,-0.5636513685,-0.8750355668,-1.207127903,-1.0810102,-0.8331536554,-0.3110444393,0.3498270977,0.9128699268,1.221647098,1.408642706,1.271206576,0.5694977821,0.1296237534,-0.4356314024,-0.793307526,-0.7310674028,-0.4595369241,-0.01438758278,0.704767986,1.301367338,1.424931374,1.730483561,1.504331634,1.028977805,0.5086312993
SEQ136,1.302892833,-1.067119683,0.03057481785,0.9957375413,-0.9494732783,-0.7559893347,-0.04613983882,0.7501692847,1.234312547,1.526194451,1.358337156,0.8734200578,0.2975303278,-0.3102063708,-0.7971127361,-0.9545877775,-0.7356462098,-0.3095861361,0.3652640191,1.284261431,1.591601301,1.765503087,1.69259253,1.137191785,0.5208908354,0.01243336684,-0.415716451,-0.603707623
SEQ137,1.451887555,1.94780433,0.008250153742,-0.4354964048,1.441271731,0.8257279243,0.263600336,-0.56372032,-1.130580188,-1.586250997,-1.361024592,-0.8982229528,-0.1860762867,0.486818413,1.358444699,1.523156603,1.487541758,1.098448744,0.3620547591,-0.3455128048,-0.9838975747,-1.161209708,-1.200325039,-0.7606159248,-0.1211430538,0.8099179977,1.317292348,1.728958921
SEQ138,1.435830286,-2.08015249,0.01012289865,-0.5786579473,-1.08351862,-1.438641753,-1.247886072,-0.647664423,0.04167905068,0.938880224,1.265771998,1.480525023,1.515743753,0.9171905565,0.04960760751,-0.540159097,-1.123870162,-1.314292078,-1.190045766,-0.7499796465,0.1295133064,0.8526734534,1.376412968,1.570596086,1.425017628,0.9445579286,0.3096326839,-0.571915842
SEQ139,0.7836368974,-2.711980083,0.01873299078,-0.487629721,-0.292148828,-0.6534942256,-0.7219492489,-0.5530518768,-0.3533830999,0.1308686946,0.3123965339,0.7606739828,0.9263597199,0.8478883654,0.5307608602,0.1389603807,-0.1283914715,-0.3749761942,-0.5639473502,-0.3988800132,-0.137368237,0.3078852476,0.626085745,1.062510913,1.092442138,0.9757632297,0.6111850311,0.4118561714
SEQ140,0.9677813376,-0.5900468446,0.02043242288,1.049332733,-0.5218135282,-0.1149096657,0.5267316795,0.7190759372,0.9653762706,0.9700306965,0.6456955587,0.1788440881,-0.1497914057,-0.672578448,-0.7884320031,-0.5696517702,-0.3705791388,0.2713418412,0.674454678,1.147330798,1.389003142,1.176934363,0.915063237,0.4578541526,0.03550174951,-0.487762221,-0.3175076597,-0.3452862486
SEQ141,1.349389711,0.2434420704,0.03078554996,1.67902825,0.3995864694,0.8726232972,1.369476613,1.425968394,1.126344158,0.5741283733,-0.2734371321,-0.7215639605,-1.04884438,-0.9630100119,-0.6318599005,-0.05649802348,0.6881719694,1.244597751,1.625856848,1.795976503,1.426283955,0.8366395549,0.1699721017,-0.3035068074,-0.6026355388,-0.7956356645,-0.2185733079,0.3194109239
SEQ142,0.8866301593,2.954855243,0.01961356666,-0.6358534506,0.1334813484,-0.2806911664,-0.7640198992,-0.737360052,-0.8562303058,-0.5896463973,-0.07211387306,0.3985083173,0.9367655227,1.013423665,1.049977959,0.8772058082,0.426852187,-0.1090770264,-0.3887791277,-0.485280536,-0.3203776051,-0.1249622314,0.2388617326,0.6204587037,1.039383729,1.32120983,1.216219275,1.015864175
SEQ143,1.151628158,-1.972261857,0.01138582147,-0.3133893056,-1.043554341,-1.156148796,-0.9854801676,-0.2695592631,0.02256401732,0.9224666002,1.030420728,1.357253403,1.157865998,0.5105163758,0.02389707108,-0.5684426814,-0.9751349932,-0.9362920492,-0.9129576815,-0.4684062335,0.4669629122,0.9306379158,1.301424581,1.406809474,1.119037115,0.7681218893,0.08301681682,-0.4627588939
SEQ144,1.157858634,1.97482674,0.01249183104,-0.3052840118,1.057004823,0.6450454894,0.1930254593,-0.3288703603,-0.8370520885,-1.136779657,-1.030024491,-0.7506303679,-0.08988405001,0.5956715479,1.087432674,1.348023274,1.229635389,0.8972683073,0.4122983167,-0.2894725514,-0.8442051177,-0.8819756074,-0.8726553116,-0.5280358246,0.1227971656,0.7485762326,1.267159771,1.502139253
SEQ145,1.055531376,-2.182502691,0.01534245815,-0.4220454844,-0.7496672045,-1.081420743,-0.9626744659,-0.6099806079,-0.1101308687,0.6277237806,0.9325988841,1.077043343,1.015834158,0.8430649551,0.1955911721,-0.2046167324,-0.672531418,-1.01197768,-0.7838695433,-0.4328041847,0.08991366154,0.7860528594,1.102862057,1.454840307,1.319611246,1.015456152,0.4083295058,-0.06349312498
SEQ146,0.9460323749,-2.892095285,0.01914618993,-0.6869857664,-0.1747785996,-0.6383000558,-0.9327853297,-0.9453313088,-0.4940581972,-0.1145812017,0.332652534,0.8108696903,1.199508957,1.174458051,0.7977394128,0.485513843,0.03987202355,-0.5065526808,-0.6247843051,-0.5239352408,-0.3174895179,0.07167734878,0.5617757007,0.9012991031,1.229096151,1.189658664,1.00381291,0.5855560938
SEQ147,0.865902839,-2.710646004,0.02806245214,-0.449984533,-0.4264350516,-0.6569831528,-0.8406817823,-0.775371797,-0.443694028,-0.06035497261,0.539095629,0.9414023192,0.9855368464,0.8768009242,0.6790074478,0.333493949,0.03210009099,-0.2093174583,-0.5584170656,-0.3382744124,-0.03324811406,0.5139742493,0.7802067604,1.206953491,1.457223434,1.36820142,1.273429763,0.712589928
SEQ148,0.9854416116,1.440909379,0.03426919589,0.5388667621,1.06156831,1.053396721,0.7304154913,0.2084216234,-0.2452973583,-0.6575320603,-0.7421667529,-0.6315406789,-0.4199011296,0.2723460716,0.8050612549,1.1892362,1.366407887,1.37690781,1.107433656,0.5944771282,0.1463217118,-0.09664872367,-0.4688869433,-0.125815433,-0.03917622852,0.5429143405,1.033964553,1.54189155
SEQ149,1.07712406,-1.176238576,0.02150712287,0.6721319169,-0.9896247616,-0.5434017619,-0.1545020268,0.4174769301,1.133061865,1.098641539,1.151289821,0.7670180622,0.3218983802,-0.1460699117,-0.5922701569,-0.7488775767,-0.7606440966,-0.2911700113,0.2109693079,0.6697532819,1.343381352,1.466223232,1.301884156,0.9967151207,0.483658419,0.2246279011,-0.4252842506,-0.5939588749
SEQ150,0.7843896139,2.89355379,0.007326765446,-0.6724627735,0.2379811767,-0.1093714304,-0.59539988,-0.7048734543,-0.6456622777,-0.5004076805,-0.1573001857,0.1700085368,0.6151152,0.817366449,0.7777984567,0.5742757858,0.1979643408,-0.09033623314,-0.4962680626,-0.7275913103,-0.7128205464,-0.3919874152,-0.05050081294,0.3506482902,0.7666949204,0.9364765969,1.030856673,0.759332514
SEQ151,1.347431621,-0.7617467361,0.01309103295,1.132136417,-0.8358165939,-0.3141702359,0.2808312879,1.036877605,1.370212036,1.443194436,1.15520372,0.3599407602,-0.1990404648,-0.8622616422,-1.175481417,-1.20337771,-0.7368381373,-0.3058718828,0.5717483957,1.322373874,1.584149471,1.35231797,1.310331398,0.6589885222,-0.1128031434,-0.6049340695,-1.074973776,-0.9059601872
SEQ152,0.7112241874,0.1145143759,0.01240810885,0.8554632532,-0.004463617978,0.4516692982,0.7610821433,0.7476244313,0.7263977719,0.4587732855,-0.03111501826,-0.3855521098,-0.5607547355,-0.6981780349,-0.3956219904,-0.07742999635,0.2546572038,0.5064456964,0.738718041,0.7822354777,0.7936538806,0.4617756081,0.20568862,-0.2448322366,-0.5260321354,-0.5697226735,-0.4150127159,-0.003916006065
SEQ153,1.486457819,0.7836573593,0.02023696993,1.295756182,1.131216465,1.410460719,1.566643208,1.049024426,0.5464694021,-0.2586228237,-0.9494729019,-1.263846517,-1.163691281,-0.7919701222,-0.05247847272,0.7307537994,1.246520751,1.594759049,1.783220159,1.426455582,0.8984840618,0.002889062964,-0.5603899791,-1.217812161,-1.02380455,-0.6532268802,-0.01004349224,0.8788790739
SEQ154,0.9669643908,0.1887411852,0.02032356283,1.193675013,0.1581081602,0.6057338145,1.013802458,1.110851974,0.7727802807,0.4782967364,-0.06656654629,-0.4889081963,-0.7568965053,-0.8596629058,-0.6611916916,-0.07580063381,0.2899300386,0.8451762654,1.274852325,1.415496113,1.021421334,0.7267706246,0.195733287,-0.3039226661,-0.558811724,-0.4670917637,-0.2858692968,0.2520382556
SEQ155,1.13316531,1.631716352,0.009073299711,0.03988982922,1.194335548,0.9108619682,0.4234073596,-0.03627850936,-0.5995011519,-0.9492928278,-1.145724777,-0.9024937207,-0.4153989886,0.06579209616,0.7157630765,1.235106018,1.140164467,1.119907897,0.6115509147,0.1882054914,-0.5497079929,-0.7838856974,-1.028859625,-0.7198749792,-0.2503628723,0.260836563,0.8311781621,1.103404463
SEQ156,0.812683014,0.1041700679,0.01429986858,0.9798760473,0.138935064,0.3847356925,0.7452449402,0.6663550017,0.8192319232,0.4101576558,-0.1131716552,-0.4648273459,-0.6577602328,-0.7231811516,-0.5161920756,-0.109605066,0.1933846495,0.7584985502,0.810325884,1.073387758,0.8942514956,0.5767475666,0.1960615447,-0.2189141704,-0.3389098288,-0.4657236959,-0.3669183191,0.03455203537
SEQ157,1.484739041,-0.9171888557,0.008130980107,1.000373736,-1.238738652,-0.5267307306,0.1674842208,1.059553085,1.438070233,1.512761569,1.236267682,0.6147031954,-0.09860977091,-1.025619481,-1.302921621,-1.341124399,-1.091864706,-0.4738235798,0.2026663851,1.004480522,1.548891464,1.485437569,1.354267367,0.843010552,0.06636461086,-0.6793604791,-1.05675638,-1.468550654
SEQ158,0.8164738638,-0.06810612053,0.01797317092,1.030259063,-0.02320301405,0.5704402201,0.7288997911,0.7873275805,0.7488017946,0.5220007428,0.2444761175,-0.0990077336,-0.5393110356,-0.6371044396,-0.4118735633,-0.391956055,0.02449060488,0.5698388047,0.9680850896,1.166066956,0.9882076038,0.7811653502,0.4791091464,-0.03229797476,-0.3595858392,-0.5058879232,-0.4248573457,0.1315616018
SEQ159,1.248020671,-2.505373103,0.02624373187,-0.6889177585,-0.7261514382,-1.112384145,-1.303801749,-0.943845515,-0.485718658,0.3918383463,0.9195300903,1.370011866,1.444632334,1.242666836,0.8058046137,0.2777764074,-0.3520146008,-0.9259719106,-0.8610629257,-0.5627577107,-0.1671382404,0.4604438864,1.193115625,1.602908009,1.790906939,1.590849637,1.013479719,0.4117711574
SEQ160,0.7288954036,1.78949976,0.01038737591,-0.0334956413,0.8227025485,0.562825479,0.192068309,-0.1178598861,-0.3800915294,-0.724373005,-0.8031111706,-0.5065253286,-0.136124518,0.2283534357,0.770319923,0.7959218688,0.7410340887,0.6422924533,0.3376746702,-0.04364384622,-0.3759843824,-0.4402709041,-0.5533655178,-0.2563725181,0.01037061599,0.4533748973,0.6468871769,0.9406825625
