obs_id,x1,x2,x3,x4,x5,true_mean,y
NB0001,0.779704329535,0.220661320823,0.683038276266,0.54860441695,0.740665199085,15.0051884684,15.0963850426
NB0002,0.348202187831,0.384932194154,0.654129329457,0.120985213635,0.417744856612,7.86116568793,7.7739777093
NB0003,0.285175836285,0.567786330032,0.257128827609,0.505186790665,0.967394449738,15.938845595,14.4566574538
NB0004,0.0795030301928,0.841107767201,0.484513847053,0.839912741678,0.124700906422,11.1128120984,13.2987623926
NB0005,0.859032374587,0.759527298625,0.355371229227,0.0897031133,0.71078113568,13.7440212704,13.4353755067
NB0006,0.333848549239,0.393765298952,0.515276338148,0.440045931233,0.162510744547,9.23115392807,9.00339456388
NB0007,0.0863766619908,0.851442689747,0.139092523539,0.166088049959,0.496390484169,9.03789245263,8.91036455712
NB0008,0.321164319749,0.920015612581,0.801846442187,0.56328310191,0.2055125027,16.4884388848,18.078692402
NB0009,0.226353945071,0.0820934404152,0.551432983782,0.58362188644,0.901720358086,10.9811723845,11.2013063247
NB0010,0.189490551619,0.348338963005,0.400819090402,0.943623083842,0.531203155077,14.3478231834,15.8412251634
NB0011,0.964895491412,0.969896978465,0.68694223499,0.222542319399,0.814171645456,8.99697040465,8.85368595854
NB0012,0.905302969139,0.0447632373806,0.0629778706523,0.157665995843,0.838820711079,10.8602022029,10.4720237333
NB0013,0.357385505868,0.0399942627159,0.895788590341,0.724351063688,0.132519583655,11.4879692867,11.1578522916
NB0014,0.47004583047,0.900069084311,0.874751024462,0.117433383564,0.942499019107,18.4049896315,17.0309229804
NB0015,0.713507072567,0.854092753881,0.958414731093,0.988158113534,0.349289828369,25.2460747004,23.57996742
NB0016,0.197381965058,0.0720802949698,0.53605372013,0.506448794135,0.848827936938,9.78144162314,10.4138282073
NB0017,0.710918942917,0.242793394022,0.874293538506,0.114882513532,0.756359368009,12.8932580597,11.3112566829
NB0018,0.319600844706,0.0662484546812,0.627476093059,0.358678202114,0.28912563503,6.02209424185,4.24272941306
NB0019,0.372672352657,0.821849412515,0.342936807392,0.704283121401,0.210664923852,16.7940960109,15.7902616236
NB0020,0.940713301,0.565190767093,0.977204717559,0.426431601694,0.247893724078,20.0087778571,19.6127362725
NB0021,0.648626504637,0.447746983668,0.869407400944,0.658057070865,0.100095403803,17.7199254295,19.7455939889
NB0022,0.176482403429,0.318165462521,0.246308903016,0.636566053143,0.0682645839908,9.7490556781,8.67757493709
NB0023,0.128102499012,0.757339080536,0.127835215029,0.369547491519,0.852594513579,13.7294894125,13.276870616
NB0024,0.684089925042,0.247509415791,0.646116863096,0.751058387834,0.472728945352,15.3732107689,14.2285954473
NB0025,0.394275092108,0.376851514766,0.901597979947,0.943872108262,0.284146698343,18.5852737433,18.008169948
NB0026,0.727003567569,0.188606076618,0.0426816409574,0.579924587575,0.611745012436,17.2164481592,16.3843111512
NB0027,0.69809466063,0.718498657442,0.02653230183,0.187526246501,0.162111114722,17.1691280588,16.9379474082
NB0028,0.26888016619,0.721946457043,0.572086649197,0.488514540729,0.516667700742,13.2997504945,13.5839145415
NB0029,0.601304073059,0.791525903997,0.350572274421,0.431445689936,0.0180632653065,14.82281135,13.8968267228
NB0030,0.905878338106,0.187633616759,0.86717241839,0.215183350498,0.930162798546,14.5886494168,14.6745114957
NB0031,0.412889572611,0.622866778696,0.570647342536,0.722620671316,0.339526434217,16.2523105585,15.0665943805
NB0032,0.286479247066,0.449312502097,0.82332484233,0.528446426831,0.403136446702,13.3254300318,13.4810838222
NB0033,0.406817007318,0.612488038053,0.306055618721,0.184231218727,0.776500207934,13.5297197818,13.415529643
NB0034,0.712851771407,0.248119907302,0.679580164636,0.989456620992,0.495502057147,18.2921155934,18.5659546078
NB0035,0.471024242495,0.864222083976,0.762512476103,0.99984525947,0.6223109104,24.0651087393,23.1995560245
NB0036,0.648734868869,0.0865423442585,0.627233698774,0.861144286203,0.81785207131,14.7791261711,15.8838929807
NB0037,0.17648402804,0.18702600431,0.4378709885,0.13237527503,0.562591778656,5.24900331359,6.89547067503
NB0038,0.636632967674,0.422392063299,0.47808723111,0.962305528174,0.0356882116384,17.2894941031,16.8998114951
NB0039,0.440865998495,0.86474740817,0.241981822485,0.93494026677,0.432409272484,22.1549254705,20.6463709793
NB0040,0.0659814740739,0.36645180457,0.860607963564,0.369678075178,0.827805630865,11.1954473311,9.88484446502
NB0041,0.508962899988,0.202345720244,0.385838903508,0.32439814086,0.164886049435,7.5083299509,7.80958474316
NB0042,0.861612561374,0.664666744116,0.317267422536,0.854228398605,0.474310597979,21.3220792178,20.4521571896
NB0043,0.671738390135,0.551499386272,0.391173928929,0.175028896452,0.830031184011,15.3206243031,15.7120489385
NB0044,0.2669466967,0.19464389755,0.0373764459146,0.855100877269,0.256703634156,15.7400556431,15.7915932486
NB0045,0.98878106689,0.751566411286,0.687401897808,0.819701485678,0.648480086642,19.3637260855,20.1487075418
NB0046,0.819551942926,0.331134246976,0.168098940439,0.351682340541,0.565681222677,16.078141863,15.3182430934
NB0047,0.968283105834,0.735641635089,0.895610432164,0.151855827803,0.142042593997,13.2157991244,14.2377559107
NB0048,0.697277882619,0.347697541399,0.160403612334,0.657633875737,0.757630379026,19.5721942139,18.8863039791
NB0049,0.611534736682,0.780729840735,0.570792857402,0.60071417703,0.579469928865,18.9796262486,19.7087399653
NB0050,0.62831157985,0.0362998015821,0.250496122696,0.920140378208,0.385215490096,13.0884334149,12.7322876505
NB0051,0.974443953287,0.942359308921,0.158144357138,0.529192056638,0.601540340802,13.1762394697,13.7564862079
NB0052,0.37284094583,0.110774642528,0.572973032266,0.182007236349,0.781517879565,7.12804466202,7.60739761373
NB0053,0.321895650704,0.979829818987,0.27674436588,0.838396703651,0.633037789941,20.9110346937,20.7338098195
NB0054,0.749514486965,0.832460149058,0.00641232133179,0.903916638288,0.857487661692,27.4506571642,27.4137352303
NB0055,0.788676001762,0.659133093492,0.786874934095,0.444365261392,0.882641589662,20.4833819614,20.3537326553
NB0056,0.932180338161,0.414040784768,0.348504340985,0.245071876696,0.371312455701,14.1313655158,14.6367014131
NB0057,0.585325766126,0.508904622268,0.794965750276,0.384406164497,0.381750323918,15.543659009,14.359447226
NB0058,0.243337991218,0.25734228229,0.957117639631,0.409282677644,0.661171053024,13.5324488812,12.3861199479
NB0059,0.763498183269,0.453710600209,0.72238589034,0.445319990092,0.0495554084164,14.5483432481,15.5924208068
NB0060,0.777882549724,0.280160238817,0.348929687118,0.616014973972,0.341055213889,14.6459116962,14.4750273076
NB0061,0.30501334788,0.289575207141,0.515308444,0.691216384923,0.613509001034,12.7237151788,12.9282529497
NB0062,0.872063040543,0.910357656035,0.249132700747,0.252504310958,0.581201136057,12.7218072672,10.46131059
NB0063,0.846848281875,0.659454423374,0.144614935515,0.53065612961,0.690671574451,21.1177255291,21.7076719643
NB0064,0.465760849535,0.0541651686113,0.0547021386006,0.994886291364,0.0457290272719,14.9350437315,16.3796669907
NB0065,0.0314136459184,0.654516965717,0.101573806602,0.367344049101,0.833739570129,11.6624933494,11.2040489255
NB0066,0.752994647983,0.963972911081,0.433551548608,0.449874389142,0.650743513687,15.4271228571,15.8330024548
NB0067,0.950979183374,0.784522753851,0.400371265718,0.0897418228072,0.711863920542,11.8131987438,13.7360479729
NB0068,0.0684026188785,0.138223577561,0.0929760537149,0.749051229489,0.302930742354,12.6155252081,13.7018504569
NB0069,0.94691360286,0.423009194868,0.519716755899,0.272277829216,0.812569374981,16.3093210909,17.9456123762
NB0070,0.741652153118,0.477026017336,0.497453295847,0.462490119542,0.247607405783,14.8265187346,16.1114968932
NB0071,0.98030311306,0.650643931574,0.729630981316,0.843461650951,0.647043062274,21.8015488623,22.376129606
NB0072,0.148559749476,0.34429838668,0.806006787643,0.233557848921,0.810440273557,9.86056614977,10.471455914
NB0073,0.122816137681,0.953539298973,0.522269740801,0.925040915032,0.930347399138,17.5087440476,18.360407749
NB0074,0.104889719426,0.324921656034,0.423415857517,0.671935381005,0.552754048765,10.6690665346,11.9116900415
NB0075,0.730847733965,0.870949815235,0.639620026136,0.340535937479,0.502952059685,15.4041200685,16.0961869549
NB0076,0.98865877994,0.244936396883,0.329434577713,0.732713267389,0.0764883858941,15.1861718931,15.3461119108
NB0077,0.798611293105,0.907926476431,0.250189373687,0.320442708221,0.822006104535,16.1649848744,15.4357699386
NB0078,0.323509719358,0.216080890317,0.574990430603,0.685871836714,0.250582922354,10.4026015147,9.35158391654
NB0079,0.248517219889,0.415275844197,0.123864780647,0.810340837974,0.600979517595,17.123578085,16.4508754326
NB0080,0.984511309068,0.0180092250813,0.377820600299,0.243629612151,0.438280944351,5.48298232187,5.72955983733
NB0081,0.504682943775,0.0388618327153,0.86623157895,0.930776539969,0.0540829407653,12.8764592476,11.915166494
NB0082,0.334097211363,0.316707229624,0.295791577333,0.59229570151,0.806178389068,14.0511389292,11.9842781903
NB0083,0.8747193787,0.254077191452,0.204152853346,0.051579390294,0.180463516673,9.59707633364,7.99116429097
NB0084,0.314218985462,0.988687153362,0.237342293516,0.423313766468,0.89817112649,18.3862924378,18.7243010284
NB0085,0.777452518583,0.11891686923,0.715260937197,0.213475246681,0.545999353768,8.65530201864,8.42656529976
NB0086,0.609316625232,0.984704366559,0.561453389381,0.697265998631,0.712594717915,20.1217607535,19.1134583034
NB0087,0.182159439418,0.910837208281,0.392042053004,0.122046536398,0.186971099479,7.36802542323,7.39920744812
NB0088,0.840791145046,0.510001911153,0.840490119942,0.478061300801,0.837351594563,21.0369513745,21.5758315127
NB0089,0.275565398938,0.567701427185,0.175875635785,0.980205742184,0.0991054295614,17.1179160873,15.8440505136
NB0090,0.842566275505,0.20786764476,0.996750130206,0.715801300212,0.9332729687,21.9883876467,22.1564299311
NB0091,0.489121216923,0.906108775556,0.0603106963261,0.789073131272,0.309225101155,23.1445873605,22.5754685313
NB0092,0.998671632326,0.348623848699,0.194243492448,0.973977308964,0.317429022522,22.0803432967,21.7542364157
NB0093,0.486574375325,0.958056687562,0.873771987187,0.0888324900311,0.517153204993,16.2117628747,15.5494160331
NB0094,0.637300964107,0.0683400215852,0.404164415659,0.928897797415,0.224974535296,11.9615374489,11.0397273017
NB0095,0.519713296005,0.566175060443,0.171377705671,0.14493855807,0.771548474451,15.4496330611,15.5799461326
NB0096,0.995495848748,0.0633052726726,0.663455884915,0.260649766001,0.954575380842,9.88065827873,9.40076470653
NB0097,0.965009136912,0.200588127054,0.312335865783,0.774157478086,0.922220511593,18.7702572062,19.6726016456
NB0098,0.0197451896876,0.0481280598529,0.951566673742,0.331558308742,0.750675433227,11.1770639077,10.3631937045
NB0099,0.000827301413755,0.99666252067,0.663664352007,0.631607321887,0.677043972775,10.262917154,10.6735566552
NB0100,0.33224248801,0.545174099328,0.761163634969,0.298683085278,0.788576512838,13.6820500412,14.3217873027
NB0101,0.149786513324,0.199475075716,0.0388444911286,0.668354808277,0.465967830499,14.2039637799,14.3640119147
NB0102,0.524074405233,0.174538400207,0.908846617539,0.929632591811,0.889492481264,19.9211617184,19.923293707
NB0103,0.109812731905,0.107365357952,0.00684900478321,0.567291270199,0.0289582589056,11.0519737805,10.6589076782
NB0104,0.243938240169,0.699785512712,0.618970683706,0.877686571423,0.980644488081,19.0726192452,18.6845433946
NB0105,0.664508834155,0.683008135937,0.805618238331,0.249800829451,0.230188236251,15.4121488808,13.945378661
NB0106,0.285489936579,0.655748533055,0.147785007019,0.0560729499211,0.137648864284,9.2781964002,9.76126710257
NB0107,0.354390289376,0.848568638019,0.531356308491,0.934362988617,0.681281620566,20.8732295397,20.4849947075
NB0108,0.435699482079,0.57574475295,0.0289336479955,0.26952642087,0.102741765718,14.7370054846,12.9756646367
NB0109,0.894244662982,0.786187459318,0.317287716841,0.843587359003,0.32898243803,18.7820534033,17.2420936358
NB0110,0.0034956244179,0.706112335976,0.292786098565,0.456736119307,0.054440755506,5.77586025459,7.82177021837
NB0111,0.413753854494,0.116547020546,0.585318319786,0.635778612093,0.414623639966,10.085632485,7.85672468703
NB0112,0.116060860219,0.70829332898,0.427803092117,0.93287396625,0.542634089803,14.7000964967,14.8479570901
NB0113,0.286223545321,0.960465647804,0.0325360991135,0.311952718071,0.0192629592155,15.1884718202,15.1203740106
NB0114,0.594535123925,0.713103400771,0.797911292718,0.716675712986,0.910937547568,23.2125249998,23.6456567658
NB0115,0.149827018322,0.271106501037,0.337252787782,0.730829653248,0.355749055887,10.8894004369,9.59740480638
NB0116,0.691818575199,0.925132536001,0.732898409332,0.352784679625,0.214469471126,14.7329787022,13.1636411457
NB0117,0.308094734887,0.0118670754474,0.099590452152,0.187668616067,0.84260017007,9.41110299659,9.27680565319
NB0118,0.402654330165,0.721784542652,0.556060321137,0.0744457945182,0.000922788395789,8.72558608777,8.39283616796
NB0119,0.907659078386,0.180126315719,0.0356483822306,0.383438591359,0.369324724414,14.9068728454,14.8098005067
NB0120,0.476632764075,0.270395216778,0.105024237624,0.596742870701,0.62156433221,16.134507313,17.1897539554
NB0121,0.903700065737,0.848463927342,0.386380201498,0.760846476835,0.893769597174,19.0247009197,21.3095580602
NB0122,0.241063354528,0.403465610637,0.0232731035054,0.413055559949,0.978012851308,16.5742035765,16.6819208776
NB0123,0.11322172643,0.499316644159,0.172924811005,0.865016050896,0.762666963826,16.3697884936,14.5667484116
NB0124,0.335303180062,0.297548523687,0.289757285403,0.85059705598,0.063660892282,12.7915812307,12.6360143172
NB0125,0.252963323513,0.784200249984,0.188690202473,0.00751372477888,0.848224143556,12.0909808229,12.1510500565
NB0126,0.594756001975,0.0689378748347,0.598462400605,0.834817374469,0.573318749268,12.6931965283,11.0287471715
NB0127,0.662290464002,0.933352849944,0.290679901705,0.997161972464,0.780402632768,24.0689259806,23.3696743992
NB0128,0.913048930925,0.145747482829,0.468719383897,0.261973734904,0.63258265961,9.86215918194,8.81584739581
NB0129,0.0744006661131,0.556542646799,0.935108880906,0.699066471418,0.332850817428,13.7384916506,14.7423872661
NB0130,0.00345123580826,0.798367448675,0.99415760301,0.794003867921,0.686335592083,16.3421123,16.9175801794
NB0131,0.205800511561,0.833842208749,0.273214533062,0.663315351551,0.41184110602,14.8547462159,14.2549093959
NB0132,0.146645875224,0.906607195246,0.481295309153,0.880899719554,0.035674458541,13.0507345667,12.9242372548
NB0133,0.0827737446325,0.178909831963,0.103892842172,0.787342508367,0.318732033844,13.0701746575,13.1260492155
NB0134,0.5959163255,0.0220991595646,0.0249676926964,0.535672778239,0.387205200743,12.2194738182,12.8312544562
NB0135,0.52184771063,0.833589643537,0.734860907704,0.654076560763,0.0210489930771,17.5414752174,18.1340579932
NB0136,0.372962822649,0.873962926769,0.867575017496,0.652323655403,0.171943452353,18.627232151,18.1705716201
NB0137,0.990522826427,0.481280738332,0.480011868485,0.650407886624,0.208147186264,17.5260716332,17.8404081122
NB0138,0.845214724998,0.86105284027,0.00361951172262,0.923555734166,0.233874494309,22.8799641391,23.1126777939
NB0139,0.410872406214,0.531183930749,0.952394232761,0.206314291823,0.0740442101809,12.8583287075,11.8679094646
NB0140,0.458182069837,0.472096530752,0.63785048321,0.10293415312,0.574761890771,10.5676044292,12.5336933906
NB0141,0.817103269928,0.44729293316,0.491904852729,0.841581770002,0.232589904787,18.700363961,18.5765001932
NB0142,0.433747620688,0.91916773192,0.798422233402,0.0914888392956,0.74397613968,15.9136214895,16.9043323422
NB0143,0.449839252179,0.812937289045,0.466283109775,0.127232048932,0.6801067756,13.8185368602,14.3798183838
NB0144,0.429783187081,0.0289587929,0.370838076049,0.910107114683,0.20083203754,10.8297904587,10.7636080558
NB0145,0.980826092803,0.466780976093,0.0232110312471,0.835580474349,0.598948511571,25.8094779539,26.3766275372
NB0146,0.990354908645,0.774373188695,0.996287649175,0.980094944575,0.918434674754,26.0049079746,25.7505862485
NB0147,0.600101999179,0.556890274002,0.170903083058,0.308382086209,0.945703916394,18.6521303204,18.5723043831
NB0148,0.869948271234,0.991337970267,0.0726233055076,0.236478619993,0.715346136442,13.7836200383,13.2717006462
NB0149,0.43657748436,0.713122004438,0.652075547075,0.706870393252,0.103077636744,16.3409035031,15.8024214945
NB0150,0.413658587911,0.718261714879,0.334606538692,0.471546375696,0.119276699679,13.8955140637,11.9262472588
NB0151,0.146898741115,0.426223621922,0.610207467716,0.30003186421,0.376388907454,7.07952214539,6.27117306464
NB0152,0.294881516502,0.646010939308,0.0195893394946,0.384316210761,0.226382251379,15.2246939775,15.3616645896
NB0153,0.0999542745204,0.903840312358,0.758106365054,0.253035189203,0.896897037162,11.1474632649,10.2196246811
NB0154,0.617081409189,0.344873108491,0.14729097644,0.825598210412,0.371482490436,18.800170302,16.7590562447
NB0155,0.8838020581,0.656519350667,0.667326020352,0.177921172746,0.567839202795,14.8623751108,14.9704543736
NB0156,0.832468223685,0.0354586467969,0.170424915006,0.626010028456,0.347835678389,11.0976863491,11.7218921686
NB0157,0.535105459481,0.92988851528,0.578358883819,0.965450779201,0.806069829878,23.8073722423,23.7056684916
NB0158,0.488391838564,0.839432131112,0.952114059162,0.146400204854,0.0895285289968,15.6024768124,16.0531903613
NB0159,0.694233695861,0.717447047017,0.670164868085,0.62708119554,0.471440730071,19.2069545615,19.1911236051
NB0160,0.716602411945,0.121762973138,0.703183100023,0.0282006111243,0.0753174864779,4.19127612068,4.4489373099
NB0161,0.675817236881,0.72584445214,0.00722070519026,0.119730082904,0.584585297164,18.9724383864,19.6345360209
NB0162,0.336544568694,0.685125676301,0.213161908966,0.206587388263,0.68893532647,13.7827379572,12.8036043423
NB0163,0.0192730866092,0.390437805891,0.610688226683,0.0619849432406,0.000211486174211,1.10232552891,1.5601683695
NB0164,0.625617208824,0.497077050323,0.456075763229,0.462932401536,0.26688429756,14.2904032348,13.8286933902
NB0165,0.403278403708,0.601482972253,0.413273019704,0.617297630665,0.775226368622,17.1035314569,17.6824320299
NB0166,0.42796388704,0.421141139467,0.969169506139,0.415353720663,0.036561328653,14.1031965557,12.7324327651
NB0167,0.733068098454,0.995621507476,0.740070330069,0.230767501677,0.812287958351,15.0258425941,16.7553389861
NB0168,0.762786576687,0.423776970325,0.322835525959,0.760857445797,0.251948227808,17.9936306151,16.7354798623
NB0169,0.979358989564,0.954175772383,0.52279087868,0.1120286211,0.865325942802,7.50115243215,6.02560552259
NB0170,0.117917528964,0.700042597118,0.21856322292,0.396662568706,0.0869281211396,8.54972932179,7.99253996008
NB0171,0.760724047688,0.18836444681,0.285953803001,0.194490023012,0.092516173154,7.67497704956,8.44728531505
NB0172,0.434297805561,0.0278130368398,0.253104652441,0.76565959888,0.615686422493,12.3335606863,12.0155340171
NB0173,0.312270418557,0.261034321918,0.120178535879,0.694732295607,0.59756548071,15.3533558641,17.8139966058
NB0174,0.120382215541,0.11888018155,0.677071925223,0.243125227801,0.923762729421,8.12659900723,7.36351716771
NB0175,0.531539795638,0.413240347942,0.552120188657,0.297003473794,0.162646454238,10.2034505054,9.65498336567
NB0176,0.816909720353,0.858447384323,0.903356306114,0.285130616134,0.603949718118,17.1915604659,18.3558716063
NB0177,0.113362833038,0.745585194225,0.646381261757,0.263770677385,0.542256862335,8.40177289941,7.38940424914
NB0178,0.71273985637,0.595872349668,0.863469403616,0.674613068278,0.47156809246,21.4676805331,21.2545661074
NB0179,0.0516688990717,0.194845797772,0.636113565561,0.0557042911125,0.20822418789,2.28492800832,2.78135525256
NB0180,0.930411130758,0.924997988957,0.782583783115,0.678898680299,0.572484334869,15.488401404,14.2354451241
NB0181,0.253767344005,0.929476426914,0.0953138364618,0.834123683679,0.254285737074,19.6384165161,20.8156151374
NB0182,0.598991390638,0.468365371599,0.494867925049,0.996868528401,0.0275394643226,17.8229807431,17.9255220247
NB0183,0.180057752608,0.352902737214,0.938122369862,0.526848390633,0.517316602844,13.6771171485,13.9130522265
NB0184,0.0270422628456,0.822210240725,0.354456093957,0.976893414069,0.247710573559,12.1290947588,12.0952775473
NB0185,0.266374246182,0.561244528652,0.925572860174,0.113295091327,0.260442405255,10.5833421166,9.54521006619
NB0186,0.994338841483,0.731394947685,0.545825913023,0.345956148126,0.318830198991,12.6535854396,15.6021853326
NB0187,0.957811986752,0.0786256474854,0.258907883166,0.762130887558,0.547297092909,13.8641817608,13.7312046901
NB0188,0.257881135013,0.722707736689,0.380059706432,0.796137128715,0.574063683514,16.6456238705,16.3574818314
NB0189,0.869056686816,0.36812511631,0.461201267443,0.739887229193,0.485898265315,18.3004296019,17.823962949
NB0190,0.624934512794,0.589868739385,0.284792727124,0.305816090448,0.911626847796,17.7029382806,20.4972225351
NB0191,0.413966645337,0.137958155611,0.303442597577,0.463890170663,0.708225347838,10.7372802987,12.2665325907
NB0192,0.283677875706,0.699385002957,0.337119550952,0.654757911671,0.359318560799,14.7118868686,13.4323232606
NB0193,0.67209828555,0.595682508463,0.647087535145,0.865661211881,0.349720589581,20.351936747,19.0819250111
NB0194,0.11185261603,0.212639731596,0.598005572471,0.914463000879,0.92217878284,14.6941368088,13.9814361038
NB0195,0.0326074184587,0.165548588963,0.529466632089,0.505843269006,0.439953398767,7.44514389704,7.46461289776
NB0196,0.709646313189,0.761697017226,0.425268101825,0.815525473176,0.235436289845,19.3631578577,17.9497818981
NB0197,0.88212660322,0.0792586932545,0.913317187929,0.870953282282,0.670125618029,17.6556460132,15.9607156859
NB0198,0.826021972754,0.869330417206,0.158980382555,0.437255260214,0.551755834592,17.2005401044,15.528521622
NB0199,0.0398547840382,0.35606184023,0.177641695548,0.0551446791206,0.303879770578,4.59481162668,3.77597913396
NB0200,0.250637653961,0.973857329177,0.277120746886,0.540502400489,0.809984214196,17.3869117512,17.3577161392
NB0201,0.248558722725,0.273273481799,0.871336564124,0.730317111089,0.102069541925,12.6890889856,13.6420381019
NB0202,0.928923603997,0.10537064211,0.295864403334,0.115821548007,0.735512597889,8.69600336471,8.64793022541
NB0203,0.154294464066,0.390962216904,0.791261739672,0.123229088276,0.520449800211,7.41499712282,6.45096955763
NB0204,0.0519165626374,0.181752485406,0.0747778617062,0.177387360222,0.688612130942,9.12960774103,6.92897900555
NB0205,0.0381912206896,0.593638127846,0.732535607365,0.177444276558,0.627594920838,6.70552597334,7.50524453932
NB0206,0.468391983349,0.162278175012,0.968924157211,0.233589561686,0.151450035013,9.85623209299,9.40866332139
NB0207,0.175130422638,0.347702950681,0.108113854242,0.0450137236305,0.1213153253,6.02958337332,7.01989928854
NB0208,0.839412767484,0.395115439992,0.950936091524,0.941102900416,0.88163164389,26.5199826129,29.0335418717
NB0209,0.131210588788,0.438209244989,0.629830085415,0.449975559186,0.37380128497,8.50241522839,8.33338479027
NB0210,0.476094481821,0.672593439165,0.0170039314475,0.645019427685,0.012422744695,19.6249594402,20.312037288
NB0211,0.579644552092,0.940209563429,0.342498999289,0.993758851851,0.459184147327,22.6299331192,23.8426151946
NB0212,0.880672103376,0.9379932456,0.00739222840905,0.408045878623,0.127961890474,14.7699592596,14.1665295312
NB0213,0.60104294754,0.223840292305,0.213608335965,0.420947846883,0.701671976785,13.4601424345,12.8707737387
NB0214,0.586683400933,0.155790186873,0.285064112184,0.661752545604,0.429853081472,12.52284488,13.9178977382
NB0215,0.0338786401734,0.425166209936,0.914941001,0.686981155735,0.533809252898,13.4347407586,14.4984856077
NB0216,0.597526018822,0.523850527178,0.842337679356,0.608704992443,0.125370552794,17.3814665017,16.4792090158
NB0217,0.507057994537,0.343039541244,0.48783579795,0.354122596176,0.325504888087,10.3682980969,9.42826298557
NB0218,0.146714664243,0.065253549095,0.582489664302,0.30945104532,0.650605548756,6.78434891323,7.71177732768
NB0219,0.774292332085,0.622154832172,0.375104686633,0.888981318845,0.503426568384,21.7024548067,20.3263119765
NB0220,0.445517201777,0.220642155612,0.528415484827,0.833334815426,0.366642821625,13.2220403074,13.3794496308
NB0221,0.481590077843,0.56260300623,0.0487581502074,0.536217823964,0.899231933005,21.4514125393,21.5488209771
NB0222,0.123354794263,0.0536196138275,0.636161725084,0.555853077852,0.515153553544,8.71287626665,7.34054173653
NB0223,0.387417581751,0.145989121824,0.285322873348,0.760418879298,0.571601859462,13.151434124,12.701170478
NB0224,0.687546331597,0.834605586058,0.649434147611,0.966215540196,0.857842620913,24.1301938953,24.0779386627
NB0225,0.416789246377,0.982008060246,0.359800251925,0.504015507649,0.731735523246,18.688645598,19.4036562935
NB0226,0.0510885574655,0.444990518922,0.57587535379,0.533544932483,0.814257223742,10.2354770757,9.70316089687
NB0227,0.87701517005,0.15315613579,0.114554224368,0.379015811835,0.608583629857,13.9001165374,13.9848633325
NB0228,0.672089040416,0.704073333028,0.57725074115,0.461242534692,0.952635581271,19.4595339256,20.7408470017
NB0229,0.128615778152,0.447588571394,0.0953714318787,0.734757156755,0.368245252793,14.2619599875,13.4771457892
NB0230,0.183323905614,0.252104853816,0.942965304264,0.564322422571,0.698943038916,14.5091535462,16.6136130451
NB0231,0.911636016249,0.962524246264,0.59856458972,0.570916367441,0.332245526124,11.3196685895,12.7171559998
NB0232,0.056863211123,0.844614982514,0.513169444028,0.338044577722,0.970928313838,9.74166667422,10.9776643053
NB0233,0.856527418553,0.129042058428,0.378683607453,0.399920320788,0.736448785495,11.3787837826,9.91096346621
NB0234,0.548486114692,0.875354786469,0.5002469384,0.753053567934,0.877717975481,21.8996299598,22.0878674586
NB0235,0.811857047412,0.369504269495,0.805322810136,0.904556200406,0.511362942095,21.5567034784,21.7016666254
NB0236,0.344059149288,0.0264303651676,0.81184520286,0.538930931498,0.413128647854,9.68554645725,9.84058124635
NB0237,0.733901999882,0.542996271714,0.58274483704,0.681575683235,0.027812893434,16.5877125768,17.2255533103
NB0238,0.614839248132,0.191401831444,0.315846824848,0.722380639614,0.465627337365,13.8436123427,14.4612239958
NB0239,0.439428369056,0.512616348405,0.894270615846,0.761160723916,0.303750851542,18.7399935031,18.7380426013
NB0240,0.21030482116,0.952027514235,0.361808516427,0.708907700381,0.75462572669,17.1274837825,17.0483314601
NB0241,0.120409382102,0.901636519516,0.330218570789,0.128007912467,0.94968295501,9.94995153842,10.6216542579
NB0242,0.872857576741,0.3774487417,0.936328611876,0.914785967213,0.321313407341,23.16083593,23.7625600132
NB0243,0.874645578637,0.41278473267,0.272986047304,0.42587721811,0.976652622068,19.2348800261,19.3070675702
NB0244,0.757513713861,0.271761791781,0.549763461706,0.748483842692,0.838848934748,17.7544794336,18.1612906854
NB0245,0.234240931294,0.668320825513,0.702940351358,0.462558778081,0.481361133553,12.5783135369,11.9200031188
NB0246,0.222198035076,0.280700542473,0.362074913909,0.483624615349,0.885603621217,11.5916624815,11.6082028382
NB0247,0.871574195615,0.867430544352,0.856627500376,0.328963045983,0.0188604622979,12.8634486172,11.9130581512
NB0248,0.71610412928,0.309316133615,0.842651646089,0.887849120139,0.463726172327,19.9558653824,19.4694925311
NB0249,0.724341976794,0.354208982707,0.230049253454,0.184320759164,0.926532502847,15.1488041679,14.3823449202
NB0250,0.443868334003,0.623272584355,0.169375897679,0.867273631707,0.524405601353,21.1186521213,20.7886886553
NB0251,0.141017648155,0.944292167816,0.746813711774,0.178610543158,0.138196199953,7.75787119441,8.80739404921
NB0252,0.0328561389875,0.683477163073,0.893242773867,0.789634612282,0.695865421271,15.1733749995,15.2441127101
NB0253,0.500780094495,0.82773573152,0.104385981288,0.437269568849,0.617576136135,20.2323159788,19.3134841136
NB0254,0.979668247598,0.647955442426,0.911353610684,0.947508650447,0.0396441594097,22.1744002137,21.4488433837
NB0255,0.661249826092,0.0882249597163,0.947665439444,0.52111880291,0.112541329735,11.6045038345,10.0677699924
NB0256,0.707100536334,0.353558846266,0.374598904682,0.421386825681,0.599088234251,14.5949225838,13.114349387
NB0257,0.636804039378,0.697178318812,0.780206190442,0.696094775754,0.528615030832,21.0197892673,22.7111313793
NB0258,0.443296694044,0.307948701391,0.892770959121,0.624136130059,0.654439151437,16.7573453619,17.6606800513
NB0259,0.965188310164,0.993973498559,0.178611595704,0.393117924454,0.12495728031,7.89469170916,7.92977530849
NB0260,0.936790350604,0.432774996655,0.307726505012,0.912283303204,0.957630821767,24.2121655327,22.5174531765
NB0261,0.49207835896,0.993021605569,0.0256385264854,0.168832608803,0.0852237081845,16.6084580918,15.8939665538
NB0262,0.873754283504,0.0661214150305,0.742242081967,0.875552120715,0.238357093178,12.9260018894,12.0648045943
NB0263,0.123049161958,0.512137827131,0.764105335052,0.490715976721,0.862157345893,12.5798444645,11.5958884862
NB0264,0.324777512839,0.196346925603,0.723082792071,0.673788719733,0.858469440501,14.0155434731,15.5145145992
NB0265,0.86920828114,0.761595559061,0.934329633806,0.0189060326178,0.251154196959,13.9505275233,14.4108886764
NB0266,0.0314791944853,0.407248994238,0.833012686398,0.232118780158,0.179270446658,5.83812825279,5.58966511933
NB0267,0.0994475404298,0.306934200078,0.205382505262,0.884951663675,0.650935105684,14.7976476158,14.8719673789
NB0268,0.0899939631987,0.559343273513,0.835891252365,0.848720487942,0.233517042405,13.4860654226,13.8518436638
NB0269,0.171771654735,0.651496133022,0.854618742173,0.58398764224,0.714416743712,15.370781862,14.7962376249
NB0270,0.45749058472,0.202306185687,0.268408597158,0.522378223892,0.805396985226,13.1903047161,13.3814523639
NB0271,0.581155008408,0.0593938725249,0.333380113027,0.991983223356,0.924474295364,16.1797084936,16.5173552034
NB0272,0.749197014686,0.245794903367,0.740380601916,0.691595090207,0.0929512067211,14.0042218711,12.7600318821
NB0273,0.562309930948,0.706815080268,0.831785182815,0.315277372446,0.723904515928,18.4594205985,16.2240374009
NB0274,0.849391523587,0.095431738733,0.576040069787,0.973273338315,0.956426443076,17.1496139991,16.9359336159
NB0275,0.351104366518,0.570718311933,0.211302787283,0.228029827945,0.427010221579,11.9698203697,13.057030216
NB0276,0.139931369928,0.449093550173,0.685880181774,0.816265677148,0.327673557343,12.4535017822,11.6928944836
NB0277,0.406283436828,0.00826465946498,0.408461308837,0.4886140017,0.661181838567,8.46512211056,7.8553242591
NB0278,0.109971672619,0.132876519625,0.215487808431,0.278963887879,0.579506048564,7.76502167363,7.68349080889
NB0279,0.529839936503,0.323159372625,0.527878009471,0.00925092517381,0.564918508117,8.05608614197,7.71850831509
NB0280,0.508729533051,0.521789976254,0.074341099813,0.524573799169,0.357594407477,18.0632374482,18.8906898549
NB0281,0.255035418365,0.686633283345,0.0877162578345,0.604460710052,0.178737970774,15.5659419902,15.4580932862
NB0282,0.552916290989,0.0799109971437,0.509328538931,0.906140716935,0.834194874578,14.6177529109,13.3493685901
NB0283,0.154859962032,0.980271360837,0.059831579617,0.580807961491,0.912853023468,18.8376604441,19.3343897375
NB0284,0.385573799287,0.505858178911,0.25271740618,0.970297750785,0.131126947016,17.3328119227,18.267461424
NB0285,0.800972872057,0.87600890473,0.214453988719,0.863570039049,0.78160358568,22.2338673688,22.3217660356
NB0286,0.870596787068,0.041794347559,0.594152095749,0.127694910276,0.596299667477,5.57635264469,5.54683488495
NB0287,0.279608274509,0.846602907594,0.573087066828,0.700214108273,0.984660423537,18.8022052863,19.9013033947
NB0288,0.050296588572,0.483431302159,0.609874503498,0.381672973815,0.681037847503,8.22650097896,6.78772296418
NB0289,0.646417611627,0.76976692023,0.430449466954,0.291659692294,0.287378265277,14.449947378,14.2281008517
NB0290,0.824835143823,0.658359895626,0.925607330249,0.493914846466,0.343635861026,20.1888914876,20.6888827096
NB0291,0.436637328219,0.201932156708,0.58733609448,0.395908268234,0.157955448541,7.63610243272,6.41580447373
NB0292,0.571214719963,0.819629428857,0.0615363983082,0.907172628695,0.816070114327,26.9471733475,27.6250147726
NB0293,0.634114447706,0.794105493827,0.356924158419,0.553040672368,0.716468833296,19.5215415967,20.5660484407
NB0294,0.0529160322766,0.269914905464,0.165138466954,0.689443554561,0.947981609202,14.3255461699,14.0806962274
NB0295,0.476085462651,0.891731156942,0.205813191485,0.438791268071,0.453461911573,18.106457035,17.6340217786
NB0296,0.784194616541,0.0903055438262,0.443038818344,0.281896264542,0.888450395865,9.53258373929,10.2135060875
NB0297,0.876304367899,0.761899563684,0.974581580579,0.403611369316,0.240031094605,18.3854958537,18.6279742341
NB0298,0.196365916579,0.727220962555,0.598071905973,0.624847547401,0.0534382000276,11.0452882924,11.0061200601
NB0299,0.485491512815,0.724236133222,0.329228922324,0.353760803883,0.255569848215,14.3316333505,15.2773806691
NB0300,0.0823262983264,0.815922066246,0.201761742362,0.943957053588,0.526489062176,15.9455750821,17.5708890173
NB0301,0.720162982568,0.328971840301,0.288896180317,0.408396648216,0.704999446433,15.2747222342,16.1515849615
NB0302,0.470413947642,0.344947213988,0.665820139242,0.341371595257,0.668336412184,12.1851757897,12.3395121612
NB0303,0.0757861007217,0.881501319208,0.398531216384,0.634315266247,0.579311705271,11.5290139146,10.112856378
NB0304,0.592422833294,0.440147775831,0.906186000499,0.353420913603,0.938132029607,18.8304829727,19.5920101997
NB0305,0.348341035664,0.912936685597,0.62927169726,0.108000644167,0.868565370815,14.1667288228,14.3888791058
NB0306,0.184098602332,0.408495829684,0.639559962811,0.532427892092,0.437735517309,10.2431661762,9.64335892529
NB0307,0.973845732072,0.602170810205,0.19831433646,0.82059280441,0.517855173846,22.2491829968,23.7762325674
NB0308,0.659071905199,0.998453226572,0.288643562997,0.446038877606,0.00866416896407,14.1895184402,14.3306343535
NB0309,0.171166259383,0.839959120956,0.202938292256,0.315001228776,0.533900094078,11.9491588569,10.3763937637
NB0310,0.625160501442,0.972653714442,0.981349810266,0.0212307343561,0.248643851111,15.5187082366,16.5769576255
NB0311,0.337636971479,0.439423606406,0.674446739376,0.689442472424,0.401026126503,14.0022857788,14.7368288087
NB0312,0.611462373898,0.799683753014,0.299115565311,0.506137167752,0.46101616944,18.1675476235,18.5760208803
NB0313,0.527936153288,0.267634519028,0.407519096486,0.897042373512,0.360462428273,15.2383293315,15.6884116194
NB0314,0.282047145032,0.0343100640057,0.932622335933,0.73538928465,0.176557094041,12.2838868672,11.0072071838
NB0315,0.697009167524,0.520848895858,0.0748837052057,0.24574659387,0.812741437632,19.2241250199,19.7252065496
NB0316,0.155163110944,0.538137833984,0.582780203612,0.938046803681,0.556718979316,14.8943357672,14.4431352886
NB0317,0.348068678385,0.208785255014,0.363495495373,0.952532991264,0.376967800529,14.0461028317,12.7750610712
NB0318,0.688305490531,0.244688439719,0.587407999681,0.876160542978,0.878680387847,18.355448121,18.5918482881
NB0319,0.877696405687,0.600959525407,0.311516518868,0.209492535016,0.603410138462,15.7853085709,17.1666191878
NB0320,0.741182403219,0.729944491215,0.472834604301,0.358858593098,0.696710993209,17.0039718217,18.118108644
NB0321,0.70606297667,0.565593290445,0.90245676506,0.683483868731,0.274290950026,20.9499035899,19.1538716351
NB0322,0.267511509432,0.305391374668,0.430601271137,0.908223660587,0.437550959919,13.9047769969,13.6689264707
NB0323,0.0622657267348,0.873710131391,0.279155915615,0.0743585773419,0.360560046263,5.22261527613,4.82152893233
NB0324,0.974578058721,0.332242548219,0.969430972684,0.844428155933,0.957412507677,26.1452350819,26.8267604589
NB0325,0.485889063135,0.717470418263,0.98085118721,0.774513969561,0.177522100706,22.1472777228,22.0446621649
NB0326,0.441130166886,0.768830938488,0.667703539585,0.177312858126,0.525303172373,13.7123737748,13.6076813724
NB0327,0.196281845629,0.0976428314986,0.279253005271,0.488600186894,0.0129448195126,6.52704936533,4.62930394054
NB0328,0.573182397977,0.765287634471,0.305637381391,0.338046176315,0.653499410599,17.2183288294,17.2271472951
NB0329,0.172359196291,0.202962198643,0.74847673001,0.27600795585,0.773270929352,8.95804148526,9.15386554931
NB0330,0.808840886114,0.759921355739,0.632154738841,0.424690575592,0.186743292427,14.8881805423,14.3985671633
NB0331,0.0723888257036,0.632376349176,0.753248261515,0.416819135287,0.8556335752,11.1622270355,12.4548193496
NB0332,0.743400750914,0.633464357352,0.43681658741,0.119697154899,0.838336562614,15.4267891945,15.0083004183
NB0333,0.858331662801,0.0398749742052,0.795301601572,0.911197778798,0.153582946963,12.6971225783,12.6921275186
NB0334,0.153248945839,0.973408448194,0.718859165267,0.379418099917,0.58859011366,12.2118816812,12.2627339377
NB0335,0.930175651538,0.185033547622,0.494811149491,0.298693885147,0.683640722821,11.5531390552,10.5369232183
NB0336,0.670088309196,0.937015994702,0.279656837893,0.843842607682,0.667468118917,21.950539568,21.3574481994
NB0337,0.821471108419,0.779439906176,0.3658337596,0.324100040567,0.0722480331055,13.0066751618,13.956242731
NB0338,0.897477774696,0.960464418809,0.447641131535,0.0433982512938,0.274709514605,6.06334556055,6.62214453316
NB0339,0.705470096358,0.537947330733,0.714710292136,0.841475678367,0.0288751189452,18.7731802948,19.072120419
NB0340,0.95279919803,0.137043589755,0.185409724379,0.837710996692,0.199367410472,15.3413393772,14.4950217226
NB0341,0.577641313063,0.854351110299,0.222677305227,0.283862512361,0.716122060872,17.9553135344,17.1872034372
NB0342,0.217230297936,0.288262758586,0.904747006481,0.184441134531,0.821605445461,11.1834235785,12.3824046207
NB0343,0.910968003914,0.825048149386,0.352863668193,0.943702042197,0.108678666797,17.448999533,17.8041414432
NB0344,0.660942541304,0.336497871093,0.37437724961,0.0436176214396,0.183550306886,8.10184125806,7.60822412052
NB0345,0.314067717103,0.385236925501,0.222575148389,0.565335192677,0.0919148420993,11.3623765245,11.8702422642
NB0346,0.909461179653,0.108131027934,0.849007487047,0.928744858057,0.597947027167,17.7538674674,18.6138257311
NB0347,0.0224197841121,0.00892059629003,0.5973580098,0.887849560856,0.337012796609,10.7594143502,10.1807177526
NB0348,0.16002320146,0.205921121591,0.63646674296,0.371865183528,0.426879398774,7.25888675045,5.88918420586
NB0349,0.457087764916,0.634693423522,0.496256318618,0.549422209672,0.191071285716,14.3535380513,13.9427974396
NB0350,0.89822940929,0.905949030213,0.362881090656,0.620956199658,0.873707691722,16.4771385716,18.4842672364
NB0351,0.606822426153,0.786649026372,0.429550595329,0.0373317249072,0.311339649142,12.0039859061,12.8399071074
NB0352,0.224919570703,0.635438298693,0.0781660533051,0.212657838669,0.227085309989,11.1615699917,10.4073237268
NB0353,0.681360634708,0.410867794979,0.813160938259,0.318779526801,0.334206668391,14.5243379508,14.2051050026
NB0354,0.383122227303,0.125741447434,0.208063888054,0.34636939783,0.443680741244,8.89430222269,9.44951768812
NB0355,0.263816513264,0.706098607178,0.850222726529,0.0465822201623,0.140218376326,9.14383913059,9.53955443029
NB0356,0.269093722217,0.11492096554,0.47127227931,0.525788771729,0.0882342148043,6.68555900346,6.78964641145
NB0357,0.342187095553,0.562869484847,0.657074836537,0.632824204529,0.803891243897,16.5295234277,15.9915631668
NB0358,0.51027101497,0.679737508833,0.346620253916,0.811645305035,0.834714159257,21.6252385601,21.3222416801
NB0359,0.902444166332,0.50926465178,0.53050190263,0.784127324939,0.170271208997,18.6307328535,19.5795505955
NB0360,0.111813643787,0.858256690129,0.204726207371,0.852382444972,0.441711585866,15.4454747357,13.5708883129
NB0361,0.70302152392,0.829900700679,0.505847653625,0.264907112004,0.259317082657,13.6047466761,12.9188783407
NB0362,0.390750479057,0.083229547492,0.30756540151,0.383735830566,0.888981386615,10.0428183877,8.32401448081
NB0363,0.742237674369,0.993117692057,0.951834935738,0.542842415007,0.776317167561,20.7442301101,19.8503882308
NB0364,0.496696030809,0.42458129245,0.552079288937,0.15489181012,0.928639069428,12.3974444823,13.5092732711
NB0365,0.549822355817,0.865806574605,0.832995597385,0.879069644674,0.249198662901,22.2260942535,21.9870893403
NB0366,0.93046312733,0.316455808585,0.0591325139237,0.810161537597,0.159050212074,20.7706180994,21.8723517269
NB0367,0.801260884561,0.380384573984,0.989559708742,0.020931522381,0.530035235503,15.8305182787,16.4412883576
NB0368,0.0329989287723,0.710096793832,0.216518638636,0.635475703747,0.4312700064,10.8538276133,10.0545987448
NB0369,0.637958187623,0.607510035948,0.655693364639,0.61895002925,0.346691072424,17.7903949611,17.4332458791
NB0370,0.0722611100706,0.917921736621,0.307151356244,0.502650839814,0.348344267572,9.58081324359,9.1970376821
NB0371,0.970594691697,0.121337421209,0.254496574143,0.42193997932,0.287827615397,10.4799784958,10.9413741835
NB0372,0.554599656353,0.575776926882,0.378405105706,0.316714756225,0.58394445966,14.8144854798,16.6681484129
NB0373,0.145181386563,0.265800886107,0.764466693802,0.6410083166,0.102234554384,9.52946105292,9.27209473291
NB0374,0.542174434454,0.639247953771,0.73113582754,0.905400973889,0.876704051562,23.3668362146,24.1531619575
NB0375,0.00272018740736,0.369796909692,0.989597559675,0.687781477612,0.884090759655,16.1239857419,17.7695272157
NB0376,0.361249137635,0.417070152664,0.0146588054674,0.276367426255,0.679615875395,15.4314192388,15.3247703043
NB0377,0.573977860462,0.407942967501,0.460943301693,0.657630093853,0.141753307466,14.0259317822,12.4593149139
NB0378,0.135019149563,0.443414468373,0.748492368636,0.084153009435,0.559241059124,6.74248864861,5.97007897503
NB0379,0.390865880005,0.201324301481,0.0691449533408,0.963484836595,0.20944084322,16.841814399,16.3555949984
NB0380,0.044409443191,0.293181832035,0.0189912612162,0.514884741699,0.102722659212,10.698771478,10.5497249098
NB0381,0.741994486423,0.741227294809,0.766462817441,0.981061536427,0.352939725577,22.8723120731,23.6454963268
NB0382,0.198626277743,0.955008977429,0.684474780669,0.77235302387,0.725478156282,17.6443129808,17.8375312253
NB0383,0.893751090828,0.372456774795,0.617835649943,0.54263875711,0.423135982185,16.4729540594,16.9943941208
NB0384,0.944093948136,0.50437718573,0.610133470623,0.223684367076,0.410534244534,14.5041145967,14.5063982918
NB0385,0.342167930423,0.690110759696,0.499911360989,0.314123625894,0.51399361463,12.4676313886,13.4346697181
NB0386,0.7056092877,0.479282743229,0.0537556187169,0.0197661909163,0.568663400855,15.7591355354,16.2699795333
NB0387,0.488165887684,0.147396969023,0.428792144792,0.403189738784,0.228817863486,7.5187024166,7.47937223995
NB0388,0.25363377124,0.682562141854,0.825430592079,0.645580998627,0.667396469326,17.0854517416,17.9248975898
NB0389,0.559750535258,0.367308097048,0.598510431083,0.394695137039,0.582657592372,13.0736133883,14.2787500631
NB0390,0.131058513754,0.521237766358,0.827773594545,0.686019498492,0.309125616874,12.6842025496,13.3995559742
NB0391,0.817822393537,0.126788124291,0.43466883028,0.0207835818701,0.359116186679,5.28899581228,5.87961166379
NB0392,0.732017555705,0.124025303405,0.285660409735,0.470299403287,0.221424809725,9.54264364422,10.7444751253
NB0393,0.163362463042,0.327107687418,0.0693375430104,0.162476476988,0.388423405223,8.94718702772,9.88421505098
NB0394,0.625220147975,0.382837055669,0.656001649401,0.397504245048,0.0518962815118,11.5519958746,12.5580745739
NB0395,0.212088526751,0.351091992408,0.82878053197,0.728317181085,0.0257281634844,11.8917787626,10.7734998464
NB0396,0.152548948305,0.736104819304,0.480490714065,0.799854483886,0.604597082152,14.4841821759,13.9846699258
NB0397,0.940758448711,0.449070098678,0.264169552687,0.019837270732,0.889833088983,15.4646690349,17.2399424851
NB0398,0.284883841674,0.268695640275,0.401856465661,0.9213365952,0.970587615307,16.6406319931,14.9853100654
NB0399,0.324227921645,0.299956104395,0.340608858383,0.216089295487,0.186585126239,6.60994373304,7.02133959138
NB0400,0.113887802444,0.015454497321,0.138560723491,0.626585403598,0.394972471904,10.9087776301,12.3704683659
NB0401,0.338111009921,0.490514525,0.299287985855,0.900398435483,0.326294158626,16.4188812798,16.4911779026
NB0402,0.82323080511,0.846478999536,0.318479801242,0.831145979529,0.502349600365,19.6301835588,18.4346941202
NB0403,0.724780331363,0.546949956232,0.364492548931,0.38310918173,0.457998566235,15.9635252327,15.5050716584
NB0404,0.940747765762,0.529479910712,0.871702497408,0.617177729229,0.230238483919,20.0860478159,21.2466873003
NB0405,0.162245295185,0.179566959328,0.308144758638,0.724627683228,0.923287396559,13.5128734152,14.4591774636
NB0406,0.338053505316,0.229286877604,0.380300901091,0.399567298282,0.519825897149,9.29245303872,9.53545209218
NB0407,0.874662428038,0.941556370043,0.670470407768,0.33363840314,0.839257208357,13.377805752,13.7792190748
NB0408,0.177733234318,0.650570046418,0.872040452002,0.885538557396,0.770045352618,19.0270890128,17.8132930362
NB0409,0.776261366456,0.679868800861,0.971760781339,0.876085754146,0.651364656799,26.4308524249,26.694292095
NB0410,0.295942777834,0.0557596018584,0.101535932231,0.846293842022,0.435550400847,14.334345182,13.6719451067
NB0411,0.601964713523,0.555770454224,0.184900604858,0.38702512114,0.735282494273,18.2117839145,17.9228173141
NB0412,0.229935052232,0.662599892975,0.0754211306281,0.294233617197,0.768882293012,14.9977911426,14.0620488326
NB0413,0.614417809886,0.596484900426,0.39879508105,0.985578837324,0.9590270752,23.9889802879,25.0448173715
NB0414,0.622899223708,0.970853240965,0.144672463063,0.948418150536,0.018041102784,21.5629985559,21.6937522436
NB0415,0.321656403692,0.647471165822,0.902125891564,0.568000510281,0.743894370833,18.7194489183,18.2088094692
NB0416,0.549414866636,0.671340685031,0.216302992207,0.52534778398,0.394709339363,17.9997739598,19.311394601
NB0417,0.419161534607,0.670439759562,0.41204303583,0.891876427282,0.185307508762,17.7256000067,16.3040771796
NB0418,0.626360929634,0.405474604144,0.312059086447,0.797442295061,0.0794528236058,16.2369052788,17.0917291022
NB0419,0.0460914733824,0.937695781299,0.797703182359,0.358947667996,0.00958438185504,6.76356355035,5.95937910889
NB0420,0.883646975411,0.564941869132,0.749350617748,0.719793309419,0.443135045332,20.6570920698,21.486610664
NB0421,0.465269291987,0.90283871863,0.794729863447,0.373791882901,0.903780338803,19.6804590264,18.9698150088
NB0422,0.018525682079,0.8021878638,0.656523665861,0.551558877784,0.805979274549,10.5021832331,10.5265443596
NB0423,0.759238983269,0.164719555612,0.401552436995,0.525699820565,0.610312328569,12.3310177927,12.7239567318
NB0424,0.231991725041,0.0419761927225,0.726599063316,0.240853835589,0.521655315384,6.34964227884,4.26561008457
NB0425,0.195196966228,0.0667114654565,0.824950098001,0.873274139815,0.033441930859,11.4207825665,12.9752178194
NB0426,0.410239916298,0.757006991629,0.0435341258059,0.50769254811,0.760544541475,21.327454563,19.5218579296
NB0427,0.763483362761,0.411299559373,0.862028934888,0.230507203629,0.450477611899,15.5198964424,16.548577244
NB0428,0.32049747964,0.190718251477,0.278373417722,0.990975436325,0.415595738278,14.8786094936,14.8741073924
NB0429,0.53449519503,0.0214175616915,0.860466709526,0.156438935093,0.410398302646,6.57466477014,5.4495778769
NB0430,0.117899837271,0.662440353874,0.387843209109,0.0104455728486,0.823651622402,6.90338574856,5.13219454387
NB0431,0.729360342471,0.154839035599,0.175390743719,0.531111368553,0.544399989716,13.6144800074,13.3268350041
NB0432,0.435659705465,0.737950946279,0.66427790025,0.974524491782,0.700916297527,22.2579313084,22.6484451912
NB0433,0.237479509079,0.779036606683,0.250853460356,0.363415415609,0.889585044434,14.8139248733,14.7191328696
NB0434,0.576404223505,0.961267610743,0.179624936422,0.442449412785,0.875715751349,20.7119046755,21.2470964788
NB0435,0.661301596983,0.867772725363,0.430741345513,0.796784061102,0.05130999493,18.0523269753,18.4618475673
NB0436,0.0530186340681,0.482834754734,0.968155658802,0.0726749370563,0.814124073863,9.98412133386,9.77406270905
NB0437,0.536749678863,0.0348283383968,0.610670734472,0.0750578533284,0.366830171251,3.41664452465,3.20269750194
NB0438,0.804708602231,0.345700360561,0.769601754913,0.63095237051,0.952079454161,20.1923461884,20.2365699391
NB0439,0.991401548283,0.752286330994,0.783932023963,0.627791858168,0.508285404492,17.5950527022,17.3629659558
NB0440,0.256150948642,0.503328363839,0.0843637319016,0.152214940164,0.638810672534,12.1118224237,12.2349733192
NB0441,0.489786639673,0.695282326839,0.0766348228404,0.16259764737,0.904317768213,18.5035536413,19.910033984
NB0442,0.208043649354,0.316745009676,0.844035124135,0.311776762604,0.59635288667,10.5221883141,12.0239305004
NB0443,0.151875697895,0.264495314917,0.891382245292,0.0306596343302,0.195624504139,5.60696364869,5.18155886022
NB0444,0.57983780328,0.590659152095,0.55757112018,0.954027861926,0.726348276776,22.0387403401,25.0448374455
NB0445,0.494011075907,0.446239449262,0.563750019693,0.387476653991,0.559972869607,13.1409716238,12.8577951456
NB0446,0.988824000984,0.645595884167,0.292904605388,0.482081637232,0.660821653586,18.0525081335,17.346666377
NB0447,0.257843481343,0.281554880131,0.67409188421,0.0411061268773,0.983299614336,8.19470299846,6.29347976215
NB0448,0.139151571804,0.780976190661,0.115676505684,0.798719721845,0.0554121003591,14.5665057608,14.4461547479
NB0449,0.309403911917,0.317356987201,0.900051624407,0.169548092491,0.864535164884,12.2550680072,11.754550619
NB0450,0.396944343498,0.623959476772,0.826346088065,0.721131496831,0.077536726935,16.7483140079,16.4986767555
NB0451,0.676356264194,0.702043766302,0.393085670811,0.0982740286764,0.330619569285,12.8332087137,10.7926682899
NB0452,0.514573692339,0.745188500385,0.266418597535,0.609495335234,0.69312486899,19.9889497219,21.3893197551
NB0453,0.201346889563,0.333912190346,0.17605487944,0.300808754505,0.180711000095,8.10694290698,7.23562642689
NB0454,0.530735929904,0.741575598679,0.15584264456,0.2067058935,0.652742498584,17.1459748754,17.5965604307
NB0455,0.203999975259,0.295873468447,0.204013695112,0.78336090094,0.120750307911,12.0743836102,12.3463760297
NB0456,0.179732650305,0.537691951949,0.084012690584,0.318930147964,0.863240054719,13.9560430451,13.245675067
NB0457,0.86184989227,0.387802356334,0.617912960083,0.425688828589,0.357094183508,14.994692648,15.5025525747
NB0458,0.720879359004,0.605254757679,0.00269654688457,0.838877632609,0.827368164641,27.2723578295,27.7237743515
NB0459,0.102850503933,0.685192917789,0.566096893083,0.0618142074599,0.499009248359,5.3964789059,3.99411315026
NB0460,0.374802503268,0.99197064979,0.915946385095,0.26577006207,0.894555291232,19.790477388,21.0089053187
NB0461,0.695611186448,0.662649286662,0.967649986453,0.243731460349,0.870914923209,21.0906484327,20.0110709333
NB0462,0.365963240924,0.343847948806,0.26766417932,0.791109381724,0.188259212261,13.7830657399,13.2902626236
NB0463,0.828532114546,0.156863296631,0.550691591158,0.887759520671,0.134868394763,13.573836561,13.528686421
NB0464,0.510778677794,0.452426350486,0.0608382841181,0.815085236683,0.403199308457,20.6628690459,21.3625347948
NB0465,0.103817635617,0.991725388873,0.896942737006,0.646409951235,0.482975230827,15.2086791423,14.4103617444
NB0466,0.702779681412,0.0837743196256,0.296463715882,0.358577470168,0.826720387768,10.3869982301,10.0311844186
NB0467,0.338942265376,0.121950343052,0.515886448175,0.0702910493451,0.405038747355,4.02805531532,3.83617069423
NB0468,0.655402556341,0.7212891667,0.417151420538,0.327198585302,0.200503855701,14.3751203187,15.4742742118
NB0469,0.118692956813,0.125404975704,0.851724715525,0.571844988026,0.402363833525,10.6719204027,10.1712197164
NB0470,0.497114204673,0.194910508124,0.21890657069,0.951135990813,0.726250018245,17.720066057,18.2095048398
NB0471,0.402337470613,0.388283645184,0.849908804389,0.51761857741,0.433281747261,14.5044834557,15.1525771753
NB0472,0.923815509342,0.694486355905,0.0860072197401,0.590718750997,0.920850422952,22.9663016816,23.633749508
NB0473,0.817466633565,0.568218980815,0.0037344429668,0.348584883856,0.660083995212,21.6497326674,22.874789116
NB0474,0.55337123998,0.785804568493,0.268816130385,0.480319721202,0.699247736933,19.1595736044,18.9853447656
NB0475,0.513596430859,0.762347256177,0.472806337778,0.228935877718,0.368430503867,13.5713747468,10.8765658902
NB0476,0.558608016116,0.708862448539,0.54516327372,0.932808460785,0.68681766278,22.2737108665,21.8982048067
NB0477,0.0278410356693,0.379908451563,0.2541355826,0.649941068791,0.615129647265,11.1162716741,12.4775800849
NB0478,0.964748511382,0.089261769293,0.656606194993,0.328092819815,0.0602825286412,6.74535715273,6.24174485636
NB0479,0.0784565773017,0.26735965675,0.262537658021,0.19985118433,0.0323971093924,3.94677217696,4.05078763319
NB0480,0.634791002462,0.18058517592,0.113785047636,0.719034402873,0.879206301846,18.0936009189,18.7006426436
NB0481,0.825078559218,0.85781557346,0.295249361475,0.0935165794211,0.74746190638,13.4553172907,13.3458839656
NB0482,0.712563804084,0.737253285509,0.705371544035,0.111828049054,0.753456970237,15.6974443458,15.0475486097
NB0483,0.502881207814,0.435433044251,0.765166333171,0.829329809464,0.939891913774,20.7483219212,19.8942181085
NB0484,0.928373982672,0.684366531248,0.279158089963,0.805688811627,0.518464644554,20.7341615981,19.6663956016
NB0485,0.107569701714,0.946702408708,0.997112784836,0.255713632917,0.796163175824,14.6253642426,13.6779543084
NB0486,0.267472396479,0.501939145255,0.0928675697138,0.841977207322,0.815140344854,19.904407338,19.9639808228
NB0487,0.843532782688,0.29516285519,0.991404145078,0.290608481105,0.172082469276,15.6444205279,17.3028210986
NB0488,0.204586837365,0.278463079682,0.237942242524,0.305721558325,0.278226981451,7.60205765797,7.14422320743
NB0489,0.903469762359,0.149763218794,0.403415621653,0.880257069389,0.20525348609,14.1393276654,13.8747547525
NB0490,0.19573939745,0.0914206092084,0.418896307964,0.996657550348,0.637502845727,13.8475257467,13.6001028272
NB0491,0.196334593454,0.524610127689,0.990216640304,0.262873312381,0.033697674134,10.7831085952,11.2417461722
NB0492,0.99589385183,0.463633631992,0.600931238689,0.634588062882,0.026212500388,16.6084972471,17.6573475296
NB0493,0.996264159909,0.576833139393,0.384567789683,0.306323719877,0.653852749792,16.3250472596,14.7350819615
NB0494,0.116750841162,0.660791846543,0.378314582651,0.611491611041,0.254503054269,10.0835951989,10.5274528002
NB0495,0.0264600966086,0.41959313224,0.658027918566,0.416784625701,0.280066055442,6.41635681009,5.73414352307
NB0496,0.388241486919,0.204532217642,0.526185306922,0.156367380906,0.977823238851,8.93538078059,9.74022401041
NB0497,0.0517152194175,0.926592245195,0.0294224343931,0.384816865483,0.780213660636,13.677839448,12.224545617
NB0498,0.628932285979,0.927604482588,0.673721323003,0.401384643881,0.353510867547,16.0436954018,15.3536551347
NB0499,0.0899330558736,0.34664737524,0.610015417533,0.899804951764,0.156201049846,10.9989509422,11.3396109937
NB0500,0.818762096765,0.00864545938101,0.974456144711,0.178762420704,0.0815880379055,6.92009870814,9.06011081638
NB0501,0.175255730653,0.934007975346,0.688552822599,0.460385783305,0.166783630569,11.0676225817,10.9514646683
NB0502,0.525550770326,0.575323760365,0.637002834202,0.442484636147,0.322763942434,14.5476218535,15.6818443903
NB0503,0.0675553044818,0.454562962489,0.110859347547,0.101934810804,0.0834386477563,5.42837920182,6.05650486006
NB0504,0.351789791284,0.501966153713,0.0749400786448,0.244874128334,0.353595394741,13.0976561442,14.6543708483
NB0505,0.952185669193,0.667675720824,0.603592248678,0.624710995683,0.818091659264,19.6564904467,20.3343138446
NB0506,0.874275478614,0.808205055824,0.600089895,0.00278056722594,0.977851236514,13.0841034232,11.3522404826
NB0507,0.527193454749,0.573452770669,0.63458650312,0.999998421825,0.0468595904762,18.7293580921,19.5878745376
NB0508,0.922703105956,0.452617386399,0.742096582297,0.64080790881,0.352614205552,19.0104239402,18.9715921303
NB0509,0.809415670295,0.247231798958,0.833581728749,0.165884837048,0.0581719415633,10.0559750624,9.55074357671
NB0510,0.163655702945,0.164931096929,0.975414188063,0.94207995979,0.0325961625017,14.9511135389,14.9954921476
NB0511,0.203900567841,0.384818512516,0.602914736708,0.88404413508,0.876822677285,15.876536578,16.1080534823
NB0512,0.110044372443,0.532457229035,0.322709313696,0.308523648872,0.0664448085967,5.87650446084,8.17760992196
NB0513,0.655582039929,0.98307584751,0.644181214963,0.752207032096,0.121345857262,17.5319201743,17.3463051935
NB0514,0.467964706445,0.700726314437,0.679760361831,0.123751018145,0.0881675313509,10.8985190882,9.81369675989
NB0515,0.434816432279,0.539954028877,0.861100515706,0.243655883828,0.675595896361,15.1474420976,12.4109781843
NB0516,0.113766837007,0.128971198485,0.49261815054,0.206427430349,0.543244911645,5.24238022156,5.29526676901
NB0517,0.0992454922345,0.90049264808,0.298069700377,0.626104963627,0.634718918403,13.0210556427,13.3590023049
NB0518,0.258862365076,0.609956718596,0.866609692267,0.424237148882,0.894936769422,16.1645854118,16.9055324889
NB0519,0.821678386421,0.0199792746681,0.744235979615,0.685062663661,0.618200164713,11.6501638873,11.8408553393
NB0520,0.535275762412,0.531268376335,0.29351766287,0.911808681711,0.605546934641,20.7905347051,21.6495844387
NB0521,0.303115978573,0.982335997239,0.739961297968,0.618454526905,0.709279535714,18.931210358,18.7251268292
NB0522,0.73869196168,0.896957845989,0.467166969709,0.206723787158,0.253033393627,12.0777650806,12.868760461
NB0523,0.942577015897,0.028022272283,0.377970159331,0.739191956311,0.904382797312,13.0405008236,14.3411937731
NB0524,0.517850443015,0.923663908632,0.951029099579,0.571758748788,0.246358672235,20.9947396078,20.5645662172
NB0525,0.581102340419,0.738518137295,0.679569522094,0.923345169013,0.812166113237,23.6925261815,25.1055731123
NB0526,0.569069946059,0.501355559506,0.0891669292763,0.248233182998,0.786510242142,17.6008778545,15.7471680188
NB0527,0.473977679108,0.680219107358,0.666683839989,0.805186423275,0.363375937573,18.9079975053,16.7820249125
NB0528,0.84475215885,0.393107602415,0.813943419078,0.39742903022,0.0316698201226,14.7443246637,13.3584070152
NB0529,0.779707807573,0.573370113461,0.833431667034,0.808315139412,0.835309924058,24.3452541406,25.5957616237
NB0530,0.405553212713,0.848116539609,0.903047459433,0.957659655766,0.232125522718,22.8084365181,23.8339774947
NB0531,0.808614219746,0.601591000368,0.546288579867,0.963552666555,0.33664806561,21.3525673274,21.6210911709
NB0532,0.265611675906,0.897444255742,0.524282917337,0.424572090323,0.387976916436,13.005489653,14.0876338128
NB0533,0.16119005665,0.026924897578,0.0661157416766,0.294401296499,0.0837845868405,7.26438859777,7.92474793544
NB0534,0.0167789264249,0.732938883283,0.875236810199,0.795396719307,0.904142501292,15.6769876555,14.6820272973
NB0535,0.720605662625,0.71133602632,0.160765075634,0.24142653354,0.413515358855,16.7756243267,19.1023721217
NB0536,0.313525284807,0.431398131039,0.44567353531,0.639358180302,0.977409546568,15.4620781325,16.9445362517
NB0537,0.238013564379,0.270134695924,0.313539647441,0.314823911032,0.98754980017,10.7875395361,9.41134359242
NB0538,0.352763432364,0.477785161707,0.129801826296,0.0087230379016,0.857938517011,12.1688767896,12.2716779115
NB0539,0.0620990825274,0.764724435748,0.475272217511,0.329147846582,0.355284396856,6.56650255827,6.93385790534
NB0540,0.785918401011,0.16955304305,0.227646471887,0.278113856744,0.0258465973849,8.45901447102,7.65215548999
NB0541,0.260938779801,0.819339833008,0.300176745155,0.158734808027,0.215487257689,9.68627111382,9.42941678311
NB0542,0.00289814273801,0.706440168756,0.172368556147,0.948002284664,0.771405830371,15.548218666,14.175088862
NB0543,0.303927361899,0.0287182831529,0.197513066102,0.293823439918,0.563646882935,7.86060810945,7.36435203631
NB0544,0.415137183377,0.0110691932233,0.911779205423,0.50631580887,0.500206465387,11.0997912059,11.516670416
NB0545,0.793675831749,0.596425938808,0.575689571367,0.727781417891,0.919405164354,21.9544401303,19.9326203562
NB0546,0.147568961125,0.0333914866613,0.168908303208,0.484805485949,0.645001432179,10.4202935257,10.1572921357
NB0547,0.277989088385,0.736748017929,0.697520299871,0.172085865222,0.0890196852393,8.94561776746,10.2794779103
NB0548,0.58289272061,0.612340492622,0.479967428242,0.00616158007322,0.300286223884,10.577842072,9.82589037929
NB0549,0.393484707505,0.506562185843,0.876089950949,0.880472781455,0.0522841920405,17.7556919049,16.5653724853
NB0550,0.65452614049,0.915085724036,0.108345987859,0.396434158828,0.57926596535,19.4492593409,19.2015194246
NB0551,0.326538123254,0.346363441778,0.588661518139,0.599452329344,0.118521149777,10.2232208126,11.1687916719
NB0552,0.574640882192,0.837040815667,0.660201250874,0.977893779729,0.0917747092934,20.7332868252,20.1489196264
NB0553,0.0393699674816,0.596038229426,0.154197378847,0.647509146536,0.300477011781,11.1056043201,10.2484430054
NB0554,0.457323054635,0.301989048312,0.345019765005,0.711758848528,0.0547788924379,12.0757552595,12.8160876897
NB0555,0.095376195568,0.721678173391,0.35528130974,0.170054349309,0.989703268792,9.21350435329,10.3145584825
NB0556,0.440093212961,0.858894096911,0.39445053948,0.594900048002,0.751545603402,19.2039169988,18.9161824344
NB0557,0.110611537511,0.426011725448,0.639760201474,0.275779815258,0.383253543665,6.53969835454,5.8602007443
NB0558,0.138529207359,0.982688796018,0.291239934791,0.976420038899,0.85899246785,19.0782818708,20.0954149376
NB0559,0.22370702156,0.278958198931,0.995871969588,0.889004149938,0.19310466558,16.7213181582,14.1719049375
NB0560,0.471358174944,0.185543960842,0.804220922284,0.522366648262,0.0322368452788,9.94898244789,13.1678603185
NB0561,0.434247872411,0.671543749518,0.558149647012,0.792843729997,0.163551938461,16.7463974355,15.8427131634
NB0562,0.620668406963,0.510036144464,0.734948661343,0.0184597666678,0.174864688256,10.54787554,10.4409785094
NB0563,0.259821743594,0.403982545783,0.945539992483,0.491097060777,0.375230536201,13.9953287859,14.5716185345
NB0564,0.787116569089,0.343077282509,0.25439634336,0.688281760195,0.0908410153739,16.0454251401,16.5664963585
NB0565,0.634592750192,0.247161464581,0.277758428076,0.25882975238,0.354849507012,10.0808676574,8.55714148533
NB0566,0.658243595607,0.50950724865,0.392332649701,0.327242995039,0.134357417728,12.868284158,12.9045696032
NB0567,0.338793265539,0.523565065058,0.570329224264,0.238536394062,0.0947574479632,8.24667448363,7.73625411858
NB0568,0.0667505087482,0.835828212062,0.426334804414,0.247702456103,0.775283177488,8.2057669502,7.08383276008
NB0569,0.6806497578,0.657357904758,0.652286685036,0.692582670219,0.114493657243,17.8260535202,17.3723521921
NB0570,0.459422104881,0.117252090787,0.832022248486,0.0239654493309,0.914591484967,8.7016405844,7.97237702367
NB0571,0.251071539627,0.888692642548,0.132077338081,0.738788664741,0.962321629844,21.3564232857,20.9628717558
NB0572,0.730873031893,0.142412644825,0.464525523971,0.263884976674,0.617379810635,8.96289936546,7.96555871177
NB0573,0.45531806231,0.772229197476,0.335165334672,0.503282206467,0.570321883299,17.3607532811,19.0826538966
NB0574,0.952210152334,0.962230714735,0.796437738791,0.774960195027,0.468244836549,14.4492906857,14.9908585433
NB0575,0.374964886346,0.736725215303,0.37907158689,0.0437260671912,0.70705190411,11.8944190606,9.03889065913
NB0576,0.552235866756,0.969878699466,0.74532720753,0.053048909245,0.62028360797,14.7731330358,15.4385380505
NB0577,0.847524418308,0.552969039886,0.894127212654,0.333794881954,0.28310479702,17.8117515605,19.4720035889
NB0578,0.325024352681,0.844830090172,0.0450316917826,0.53458723546,0.891452838075,21.5387551069,21.4245210426
NB0579,0.311263075084,0.110707441938,0.463254726125,0.347446893778,0.497424910321,7.06905028539,8.10829184418
NB0580,0.508431718562,0.766469679538,0.895950370183,0.31579013714,0.851955648708,19.9587977967,18.8559996201
NB0581,0.582689312482,0.52165394172,0.244757248093,0.913031881565,0.727601221538,22.234008317,19.9395583087
NB0582,0.137375477607,0.120851643892,0.106889514327,0.66631850488,0.38616797053,12.2060743938,12.8013716087
NB0583,0.492118043054,0.983240831093,0.699041070359,0.744792922595,0.0711723055551,18.5833021203,18.3941138889
NB0584,0.242842844636,0.794287492668,0.903678620449,0.283652301839,0.812587191176,15.8542043652,13.8881902263
NB0585,0.63994683636,0.779174903468,0.46082605571,0.251134311718,0.535551135001,15.2196981988,12.6336529331
NB0586,0.0414138506907,0.722358688162,0.332128407364,0.773640381931,0.212986010524,10.3033963834,10.7147720401
NB0587,0.89430308513,0.915955519627,0.557358122047,0.196696319387,0.63557886244,10.5916678414,10.2656006348
NB0588,0.868034378832,0.516609206641,0.550372163804,0.236594570828,0.960821908952,17.0898728953,16.804786753
NB0589,0.0689360461858,0.467494105685,0.586117174079,0.19636356407,0.579406632633,6.01971056182,8.18873677536
NB0590,0.654219838983,0.676650899622,0.678108505665,0.55842133898,0.283040700462,17.4721615989,17.5591269018
NB0591,0.862060996632,0.597850076733,0.13419938957,0.166488090667,0.918666669191,18.9227403509,17.7771835334
NB0592,0.756524884193,0.884614997477,0.545130611889,0.394132776286,0.504674776043,15.1250941082,14.7377742949
NB0593,0.215623118426,0.157715826556,0.139471681545,0.419779919314,0.728227513416,11.5048859,12.168818305
NB0594,0.514896529431,0.247119348438,0.449436257623,0.551510113789,0.750447731653,13.210253516,13.6312817005
NB0595,0.883508413494,0.497096653046,0.23276499673,0.531257214217,0.0127929111181,16.622894556,16.5399244657
NB0596,0.55287067288,0.202143184442,0.515422673609,0.42986616003,0.241580732471,8.95064443955,8.3823394319
NB0597,0.644543099856,0.404683132393,0.748128771917,0.607779085652,0.361699674502,16.4252808484,16.4209368691
NB0598,0.0545721710295,0.586002148694,0.453687658474,0.241175676398,0.465307033397,5.78416213277,4.91259439997
NB0599,0.334628319719,0.641143443861,0.53307199393,0.944644284808,0.975425241178,20.5867026494,21.1779990555
NB0600,0.474245302862,0.261525743669,0.615511988504,0.535659553967,0.339054216456,11.1173129631,11.4412724103
NB0601,0.0999129696079,0.905406509638,0.0189988592965,0.472888782382,0.174613338504,13.0330380042,13.347503878
NB0602,0.594929225352,0.492322638154,0.810733186039,0.490201430348,0.718642193552,18.3833338879,18.5029663829
NB0603,0.13702286801,0.849446307311,0.567325783882,0.972422872286,0.306887094785,14.9249878433,13.5890697513
NB0604,0.0385083962653,0.865247578556,0.434368913015,0.126958211829,0.474312070151,4.77213733172,6.35388707487
NB0605,0.84988187957,0.255771494474,0.746472122366,0.14188686908,0.336718071848,10.6279249054,11.299570835
NB0606,0.895947552195,0.836119719529,0.81597404292,0.687320659285,0.462778686906,18.2744943292,17.409281997
NB0607,0.714505984192,0.424444254558,0.498162588257,0.924603665837,0.67909091495,20.7916468305,21.4252815871
NB0608,0.753250596385,0.158829482482,0.817094585563,0.125229414337,0.656648070589,10.2171949842,11.0616071395
NB0609,0.515227059983,0.0536297510066,0.735646488455,0.934038532759,0.416575310849,13.4008265698,12.2458830279
NB0610,0.662849526946,0.768264185339,0.495816440374,0.426199961669,0.808978931938,18.3030281607,17.4989363181
NB0611,0.958238200219,0.890037166223,0.252419955774,0.296554043524,0.871774137128,13.0097809257,13.7678105765
NB0612,0.547542495156,0.0269660066931,0.159650521243,0.952457361171,0.892056169885,16.7653007328,17.6111415916
NB0613,0.231193688932,0.679404547334,0.596076343921,0.839548401955,0.604738181506,16.3405710099,16.2558375034
NB0614,0.294289555904,0.659026791133,0.351870766327,0.879862969088,0.138172261006,15.651233103,17.5497551144
NB0615,0.978915691001,0.541532161229,0.0462083018758,0.630153393444,0.0495713685182,20.6232098706,18.8693205514
NB0616,0.759546508141,0.858714511363,0.184090942742,0.852899794603,0.314986436092,20.9778900017,20.4222507134
NB0617,0.218719541096,0.536731077146,0.0164398043658,0.954387917014,0.332530997005,19.4881332485,18.2176132057
NB0618,0.915741113447,0.682294090975,0.21923755441,0.920113083092,0.990193515899,24.9697903723,25.0920289841
NB0619,0.282510332676,0.705728200807,0.693350210718,0.759929762272,0.0320117612083,14.3690116494,12.624084203
NB0620,0.268619662859,0.420337597843,0.65467622211,0.309915209924,0.821721290333,11.1595331274,11.6278746958
NB0621,0.730600803147,0.299030002195,0.915371549629,0.582782106611,0.847286341132,19.8520917956,20.158255383
NB0622,0.911636866597,0.0703005146428,0.0147117722654,0.853350038532,0.505354013963,17.7701890215,17.8139279333
NB0623,0.333253588341,0.919301781864,0.103603002933,0.258363285349,0.149574500823,14.6801179341,14.3603624743
NB0624,0.250815748192,0.107843118081,0.882295547096,0.979051014974,0.104584662932,14.0851704761,14.3691260535
NB0625,0.450019317013,0.724259374712,0.344639192736,0.355551565208,0.274923911179,13.954517374,15.0085572828
NB0626,0.414686167552,0.239427975892,0.0240822700928,0.415242809079,0.683910573329,15.170807681,13.8776946981
NB0627,0.233597710731,0.0834262323729,0.761683276722,0.767291437909,0.708139049716,13.1950290965,15.0697071327
NB0628,0.173256682212,0.106487506471,0.645842949005,0.220958362725,0.614144069057,6.28499634777,6.42099742097
NB0629,0.688779078762,0.833452696113,0.6369553013,0.968118381353,0.942806599473,24.5008679377,24.6773553417
NB0630,0.436974091468,0.0019194256412,0.4900279984,0.402642076583,0.0930382208479,4.51995042736,5.70204532299
NB0631,0.950757348818,0.604485226451,0.277408108869,0.100483997297,0.195316763807,12.6981247044,12.1615534111
NB0632,0.867694469813,0.449208777382,0.589510085726,0.790536166888,0.17204463805,18.3322472733,18.2155989252
NB0633,0.106664390634,0.679261284588,0.855787921707,0.731616072775,0.158302221455,12.8959466941,11.8241640889
NB0634,0.122791276519,0.398549897355,0.395476096401,0.871814526854,0.271376284371,11.8249286631,14.5150660128
NB0635,0.169871394288,0.396692293224,0.590797598179,0.133797829202,0.268324665522,4.94572263742,6.00292796594
NB0636,0.83229955183,0.828278100531,0.192147481254,0.70798305475,0.457764142601,19.5459323398,18.8290716214
NB0637,0.738361610375,0.526866020468,0.104980433303,0.438268819756,0.912525745439,21.4644349762,22.7247917101
NB0638,0.675705455353,0.547381783565,0.347518133068,0.902528919628,0.450765592723,20.9200407958,21.5143372286
NB0639,0.862593922354,0.281311155437,0.0517153310259,0.930732292068,0.509954331979,22.782364552,22.4781006412
NB0640,0.476997514609,0.0183805978308,0.277882393319,0.0741621731863,0.446254010594,4.23502070198,5.1444130255
NB0641,0.785688646829,0.234824230279,0.125205946818,0.968661714641,0.562278136438,20.7844787192,21.7808389981
NB0642,0.672798002426,0.0227647229683,0.226577220779,0.613074893064,0.694132665138,11.5775951528,10.5185415344
NB0643,0.817405242089,0.554141279032,0.572588416236,0.824852859341,0.584599890797,21.1679034704,22.1832471469
NB0644,0.315038293222,0.284533824002,0.95866181243,0.30804235088,0.0647577293045,10.3906452705,11.0326920266
NB0645,0.417000960355,0.586786150179,0.0246355952259,0.749508989084,0.824472729904,23.0890195318,24.3926329884
NB0646,0.488642599584,0.873247484077,0.876873106252,0.415723613898,0.232268135883,17.8953141401,17.9574731211
NB0647,0.533290175463,0.239755948869,0.584916052393,0.876844518915,0.504127596781,15.3429721032,15.013874584
NB0648,0.437788508072,0.940984803478,0.938094429748,0.242960977063,0.499533381119,18.3856791274,19.2257842707
NB0649,0.0776923227936,0.606345707186,0.376548425715,0.726390446941,0.905226968871,13.5694028004,12.4721942813
NB0650,0.510249906722,0.990605519437,0.512282020759,0.430138268088,0.535299902293,16.9794299989,17.7717950643
NB0651,0.0712407012501,0.789437328457,0.759463552175,0.785403713906,0.196850658545,11.9423727917,12.0249344618
NB0652,0.347203647949,0.54055602357,0.161015180758,0.277076706525,0.159346953385,11.4261982201,11.4372962285
NB0653,0.498833661884,0.668602150779,0.85941983061,0.607869681094,0.887756582104,21.7643364754,23.1935114687
NB0654,0.546227151078,0.927758902768,0.021339641639,0.00197831945952,0.361706044022,16.4083684459,16.7836057169
NB0655,0.0390138330435,0.628612632618,0.302922273956,0.574915181318,0.618282648585,10.3870582879,9.12912484675
NB0656,0.321038682061,0.573102174652,0.669460212293,0.767101006846,0.801846218612,17.7182032828,17.0926645112
NB0657,0.377292494222,0.125181747667,0.516641769056,0.0878526421956,0.868279578913,6.70380321661,7.12509434543
NB0658,0.401605483582,0.808631641438,0.786929240184,0.50667051336,0.878963866964,19.6304023811,21.5078505216
NB0659,0.870697828046,0.580247197988,0.782485860916,0.143706880804,0.501332682569,15.5383528416,15.5669032158
NB0660,0.523893751108,0.0549960784344,0.00310150729332,0.441322133276,0.126676119877,10.8886875404,11.2006796687
NB0661,0.505714481559,0.932593150468,0.395739988087,0.626138320422,0.075902666443,16.8185961542,16.368312545
NB0662,0.596167090898,0.219722758028,0.75378898738,0.00327735519051,0.758970078677,9.11584693092,8.78513634064
NB0663,0.0441493999383,0.0766377981571,0.701913524028,0.302162832852,0.378625285091,5.83643036558,5.36657741444
NB0664,0.0913470890684,0.731247901249,0.178656515935,0.237947241245,0.50459858808,9.05083113033,8.9023440247
NB0665,0.826918311063,0.525966171922,0.405827775782,0.340177312595,0.641429535876,16.5780776294,17.4166820645
NB0666,0.66649273621,0.486623042375,0.589962995651,0.0797391035898,0.702951168455,12.9894104622,13.073801085
NB0667,0.0804008377176,0.218637235331,0.456898196286,0.927673887545,0.0991440776727,10.3615824462,10.7701746075
NB0668,0.213659647472,0.705639513512,0.636501589748,0.171012948732,0.276520606177,8.02673902712,7.33845718308
NB0669,0.0220677426351,0.15020093371,0.993830932743,0.717656463555,0.351929047554,13.9177188844,15.0251136134
NB0670,0.613974665308,0.195391667924,0.637647870824,0.157269234571,0.522688239053,8.24531102607,6.81811636003
NB0671,0.222621161622,0.933253983456,0.653412527249,0.0920896428381,0.715939271477,11.0446676191,11.6514018469
NB0672,0.755951413553,0.938521566538,0.714117110122,0.0887856754531,0.033178811523,9.88228906079,9.45631448214
NB0673,0.157420624624,0.807219562981,0.20505527427,0.75695937615,0.755686521791,16.9747950202,18.4661537641
NB0674,0.718061787772,0.991581834794,0.976864657639,0.746571283038,0.814387519651,23.9482023066,22.7770982844
NB0675,0.378582219387,0.0926947885992,0.498375957172,0.789116782863,0.294392360382,10.4634169541,9.26218659815
NB0676,0.662286425565,0.497742897825,0.404712994891,0.752214613346,0.81273274379,20.3691937832,20.5079668415
NB0677,0.331229028125,0.219521795977,0.946916171245,0.0654242074767,0.185602673378,7.8414367868,7.78082247843
NB0678,0.169594807431,0.260226171682,0.958218707627,0.663650586217,0.525999314455,14.8478315969,15.4286532886
NB0679,0.933114287548,0.530377957975,0.44471800918,0.0649731096628,0.738878809949,14.4039652375,14.2770881025
NB0680,0.38276353699,0.816672909725,0.292005248433,0.0319810040612,0.991142801951,14.4570725732,13.3880888231
NB0681,0.582160579857,0.630003426006,0.857492769993,0.0215326125303,0.243843039536,13.1272500816,12.2745629813
NB0682,0.199573802725,0.0666556533461,0.431459269071,0.0404897100259,0.925755665492,5.5454277658,5.77180568571
NB0683,0.584577247528,0.23001158441,0.41314529761,0.889324798974,0.0697405026439,13.4924881568,13.0096123002
NB0684,0.997448603235,0.597964953906,0.598597340406,0.989154864576,0.448855290717,21.874790614,23.3591038364
NB0685,0.972215605528,0.334926780328,0.97483466693,0.337367642994,0.278276729822,17.8109989806,17.9089740989
NB0686,0.00714788639,0.291306309081,0.822654780961,0.803158711014,0.491458796963,12.6364177908,12.6928943713
NB0687,0.0551065765995,0.972607417145,0.653570645864,0.652475718228,0.737134890284,12.3579667437,10.4970503392
NB0688,0.198799337253,0.545579458265,0.746724141732,0.0693738490062,0.678094101031,8.64350918241,10.1603076945
NB0689,0.420472347713,0.581174157809,0.116252159008,0.790731952778,0.0154333661071,17.8745827974,19.9440856641
NB0690,0.0607927544249,0.812322577961,0.0522021464761,0.685581736814,0.521493275582,15.0189489895,13.8356589577
NB0691,0.101859850295,0.242211836348,0.31980336674,0.0495703258148,0.80981904304,5.96852228406,6.88890446417
NB0692,0.424471295776,0.112907523536,0.330523423038,0.360150299314,0.681210310893,9.08195829217,7.47130938114
NB0693,0.142019584038,0.910156905977,0.776406882502,0.613324843719,0.279353137736,13.0081648865,11.0168342258
NB0694,0.0732427493112,0.835715632401,0.31834041909,0.801732000954,0.751868214822,14.3478080288,14.6788623406
NB0695,0.0676816189869,0.241992110931,0.582158080458,0.363556546943,0.421337860107,6.39156992947,5.89186286511
NB0696,0.637724675211,0.558036876281,0.557206323179,0.249104226932,0.722600779023,15.1618173906,15.3442082588
NB0697,0.970955198703,0.820409463648,0.406019929774,0.67770912745,0.081819073865,13.3272450614,12.3232392418
NB0698,0.356084128874,0.331984381332,0.894130328154,0.511097434562,0.448189508978,14.0877261804,13.378921292
NB0699,0.229443734913,0.0118808358165,0.554717924437,0.626473833915,0.718335803011,10.001936625,10.9117555407
NB0700,0.671254999009,0.842351055401,0.674743681264,0.899751208868,0.786210702662,23.328737321,24.4060297199
