obs_id,x1,x2,x3,x4,x5,x6,x7,x8,true_mean,y
DT0001,0.873143524702,0.80105019899,-0.595384938712,1.89359997889,1.63033409856,0.651634574878,-0.00308865532218,-1.1095656693,-0.713901634013,-0.424576712859
DT0002,1.73681667911,-0.176008266267,0.107388410414,0.217620394404,-0.309226365971,-1.45360486515,1.39342095524,2.06238434985,1.09020696076,1.08102776309
DT0003,0.886161468798,0.827798025394,-1.80377489114,0.792184423673,-0.180323571268,0.830582748839,-0.0770607580839,-1.28727700004,0.163726414449,-0.0687295535347
DT0004,0.762064094082,0.241271869492,0.848778174152,1.70365244356,-0.894734854233,1.17539742066,-0.256299393828,1.50419296065,1.39671687878,1.16143546994
DT0005,2.09161659066,-1.27335286493,-1.37013929955,0.705120374769,0.580569374054,-0.640203763038,-0.146304033502,0.161343865707,0.36150628041,0.646384779177
DT0006,-0.233465698443,-0.929585578343,1.24398162763,1.04555053855,-0.832504880749,-2.19767866285,-0.134570363618,-0.089238366359,-0.220751802195,-0.426565236058
DT0007,-0.324259020161,-1.03676756311,-1.49347121739,-0.854095217985,1.31932962453,0.605066471215,2.16763912284,-1.39868978871,-0.755559882509,-0.829803640955
DT0008,-1.67206426903,0.0123276314138,-2.30490683645,0.258386988886,-1.10891227939,-0.542895883361,1.17667535015,1.20517611752,-1.966418463,-2.00412208385
DT0009,0.954849769802,0.205385508475,0.189239517499,0.610540536771,0.38475403962,-0.457501829194,1.29730144481,0.929788842273,0.951774552765,0.723566020991
DT0010,-0.233823961566,-0.658135184268,-1.31894079977,0.871968711256,-0.442426775064,1.45663230259,0.0731737889235,-0.0548297648749,-1.38048527939,-1.4069572919
DT0011,1.70819549322,-0.480932778041,-1.78190411686,0.886245317724,0.612657441358,-0.706867662961,0.488026353082,-1.22843128703,-0.0186901195843,-0.0740371626854
DT0012,0.600553650869,0.680707147787,0.79256335505,0.484246369691,-2.14381105299,0.00223789849759,0.0812560766176,-2.49494352634,-0.725326218565,-0.97532257638
DT0013,-0.336369299898,0.749085405891,0.000848524626151,-1.46757300563,0.725172691072,-0.0288913979001,1.81616887844,-1.28850055371,-0.165311489879,-0.278392983316
DT0014,-0.120511716693,-1.30525288166,1.87488363609,0.539582997905,1.86363066852,1.44813069241,0.0931725288144,-0.250359023326,-1.56075514406,-1.32653316842
DT0015,0.117022985521,0.752759684699,0.385163811817,-1.56284829067,1.60777195767,-0.172237919326,-1.04693984809,0.376763302796,-0.846848186828,-1.1758373246
DT0016,0.287857887606,-0.433499328376,-0.825987529063,1.40231129017,0.426737363207,-0.358942277066,-0.336651035036,0.0874686002186,-0.682630555063,-0.923378389304
DT0017,0.136435458446,2.81887289968,-0.557059560909,-1.14423902755,-0.799518466057,-0.176212148835,-0.735194939922,0.0801814507401,1.22247581837,1.19159433769
DT0018,-0.245725619742,0.111088299691,0.11112979592,-0.784268940613,-1.25405441867,-1.68528101578,0.148971249336,-1.8562868233,-0.906859910259,-0.696605854391
DT0019,-1.14174695728,1.38445802931,-0.514062581346,2.28288996297,0.627746380531,-0.207277336896,-0.552733081595,0.190908711003,-1.36755839919,-1.2527999103
DT0020,0.438824510335,0.867376816706,-1.01738400942,1.74388015983,1.95782068438,-0.573240035053,-0.220662755164,-0.947196862433,-1.75456384854,-1.57267303693
DT0021,-1.4896819387,-1.43714280005,-0.724590800456,-0.0298095074675,-0.113353870674,-0.940751503318,-0.957055667804,-0.0644809654846,-1.16354242951,-1.06268447966
DT0022,-0.269068746239,-0.85746794025,-2.18043411946,-1.44865557067,-1.07234275159,-0.626667072037,-0.178935328337,-1.71870565145,0.711685763178,0.664525524293
DT0023,-1.80159251568,-0.54174657089,0.307170800055,0.376500073899,1.1112992857,1.14570039198,1.15823594334,0.103464916773,-1.5871708159,-1.59307746236
DT0024,-0.862261522855,-0.376421128369,0.219743066413,0.873013208352,-0.196227018048,1.47344363999,-1.66914982471,-1.94165740246,-0.838686650178,-0.763106569665
DT0025,-0.956722263586,-0.898975748979,0.498787567164,0.188946427388,-0.928110834791,-0.0139138132851,0.481798916273,-1.75842122173,-1.35203336464,-1.47749336377
DT0026,-0.56369894277,-0.448137562355,-0.0248612077033,-0.584975426452,-1.73656520498,2.8889968083,-0.385931474699,-0.59263768443,-1.98610868449,-1.90465379802
DT0027,0.677078132672,-0.133571271507,0.0941290785645,0.334735041297,0.675518048188,0.820919504625,-1.37485716806,1.22480250312,0.489574681847,0.407428429414
DT0028,0.270798876518,0.235827560154,-1.02506726592,1.52985398641,0.46730332965,0.656584338466,1.23753737285,-0.562147856609,-0.583971038907,-0.494391519417
DT0029,-1.5139109911,-0.404482261469,1.8905189519,0.272353182238,1.00861730624,-0.455334439468,0.477704264819,-0.78738639458,-1.22286786247,-1.11941083779
DT0030,-0.559889382258,2.69340160443,0.775338587146,-0.948795836332,0.467541225019,0.471426096282,1.01932002937,-2.05307432587,0.259097970259,0.153486640674
DT0031,0.091166639078,1.66512518286,-0.969216108944,1.41058949817,1.71632175476,-0.326366076288,0.747492834351,-0.0248350085453,-1.12541557489,-1.12074994365
DT0032,-0.67711065587,-1.38064145556,-1.34103370974,-0.634327773115,0.771285869255,-1.55619066982,0.657637812831,-0.790509252602,-0.781286380021,-0.596803232902
DT0033,-0.179119311262,-0.0394368071391,0.288596739212,1.08069850645,0.736493908797,0.300176112587,0.17129470834,0.694136724877,-0.265347342157,-0.186989347222
DT0034,-1.10446028397,-0.466960021148,0.960852439942,-2.35123170512,-1.25992381182,1.45554986534,0.38555905637,0.185826731197,-3.03588720819,-2.74861475066
DT0035,0.163373000205,-1.2300453386,0.0762210699453,-0.671969697851,-1.79272541187,2.26247496764,0.251249723067,-0.501317485424,-1.82418161964,-2.20846669776
DT0036,-0.695516408734,-0.890773935761,-1.33210455398,-1.03788411071,-1.77757650923,0.122555108926,0.285245293331,0.197743601895,-1.41203088475,-1.29584755185
DT0037,-0.0814784139063,1.65320657243,0.424429152618,0.319813341769,2.67438618679,-0.189573732302,-0.190220792363,0.797744768198,-2.02081591524,-1.91043598786
DT0038,0.189530733933,-0.963362379229,-1.00408607683,0.502501932593,-0.556679750863,-0.907258650854,-2.47741998992,-0.557078242585,-0.767625521006,-0.965237017085
DT0039,0.587782252996,0.319607200831,-0.581892148393,0.350101909427,-0.729074716441,-0.353040867346,1.48108442707,0.970724633043,0.425594889182,0.160723416333
DT0040,1.38007817548,-0.314091165335,-0.623203394288,1.66637215141,1.60222189865,-0.365800563705,0.682958882976,0.694849486534,-0.641283524272,-0.727214575002
DT0041,-0.506744040547,1.2750336324,-0.56938006592,-1.97625187372,-0.697102306796,0.315172664099,0.388000004111,-0.0733149466154,0.636801245675,0.712613306076
DT0042,1.76301735121,0.882725759229,-0.718515350329,-0.539030713562,0.126566390926,0.472733628324,0.852697137521,-1.38222594306,1.39711607592,1.57038468642
DT0043,-0.435826048817,1.37847851934,-0.517531565599,-0.742903432543,0.364045501371,0.726230724538,-0.645285418777,0.257539430498,0.475423261824,0.312996980711
DT0044,0.820372304011,2.05303965318,1.33533294092,1.40075427108,-0.339450488678,-0.260533230465,2.42258908702,0.294944595835,2.2179362086,2.28542178612
DT0045,0.723919556856,-1.22795150127,2.10890013881,-1.02855611688,-1.04656734045,0.0814485279156,-0.88334306662,-0.451295843694,-1.60819102113,-1.85342396126
DT0046,0.252358266481,0.340764204217,-0.688250155828,1.46516590411,-0.272855551401,0.146932967513,-0.55752886378,0.698257617017,-0.155736620663,-0.128472253437
DT0047,-1.51848600952,0.325477619645,-0.497226588865,-1.27349958985,0.316948991666,0.18468767826,-1.31669445906,-0.532128048004,-0.710735562323,-0.699685739849
DT0048,0.328374734396,0.504933965885,1.30205879134,0.437857147129,0.868880068514,-1.05286832679,0.230021721494,-0.544486272817,0.668020745151,0.702060918717
DT0049,-1.2742820386,0.936521860393,-0.716070557564,0.590091414708,0.116323531064,-1.5956352271,0.33596752915,-0.294060891599,-1.05980806658,-0.883038791234
DT0050,-0.901797995934,1.07550270096,0.692021977631,1.07940082174,-1.35310496889,0.954884074956,0.853388897889,0.0984495955215,-0.702703893589,-0.602400299655
DT0051,0.336101336214,-0.531219334816,0.137295201873,0.161674551786,-1.75262868088,0.829832625639,0.298207392118,1.38804930399,-1.13091446395,-1.1214958653
DT0052,1.50946686965,-0.115890168562,-0.809406640201,-0.351067718458,-1.12271758659,1.76988640675,-0.150797785711,1.48853611038,0.741488061565,0.864810578251
DT0053,0.459202347107,-1.22312756006,-1.22227215181,-1.75003418829,-1.08601964794,0.317632904392,-1.93266058756,-0.69920833742,0.63020339506,0.810383792147
DT0054,-0.371269168196,-0.872602829254,0.532798216799,0.135808497415,-2.33431729553,-0.112681619481,1.01139762342,0.360734991092,-2.93809725133,-2.80978537468
DT0055,-0.14883670497,1.21530499842,-0.123155012059,0.465914641824,0.753946145554,1.37901562748,-0.20181206805,0.937185838164,0.253140521477,0.148364043513
DT0056,-1.43884249708,0.517477289741,1.05172789376,0.407786964232,-0.936671061133,-0.673796830853,2.31920043302,0.597545778929,-1.08659374203,-1.14527194009
DT0057,0.835506261385,0.144541861149,-0.830190702478,-1.49627013319,0.0750836792839,0.337752120591,0.438304748966,0.852658000476,1.60713510697,1.5276347767
DT0058,-1.30024565274,0.150259533796,-0.0172753618671,0.711138998868,-0.167058292585,-1.29057287745,-1.13279344897,-0.859644734041,-1.02792265501,-0.994357386487
DT0059,0.589763389449,-0.652974708758,-0.366666868118,0.0596905025489,-0.317423364415,-0.622481689532,1.4004217881,-0.363012600542,0.255393634151,0.153510807083
DT0060,-1.6606752471,2.67649062681,0.847650243335,0.184474510415,-1.78335592986,0.609408745069,0.0326849859794,-0.326397441501,-1.55236434086,-1.93292957731
DT0061,0.931672641126,-0.379089645402,-1.13164548734,-0.19284062985,1.33668163113,-0.385297014462,0.997981102299,1.13112041159,0.172764045969,0.205084851808
DT0062,0.584026140628,-1.58415894709,-0.980275101936,-0.00288800578505,0.797923816578,0.289145464441,-0.820409274867,-0.911329455307,-0.499097306408,-0.479542674991
DT0063,0.658475455791,-0.128480887895,0.660367597475,-0.383790209893,0.177090174578,-1.70716440082,0.556226044852,-0.254367763889,0.474911618764,0.166651854814
DT0064,-0.765699337543,1.43238913186,-0.511412262471,-1.24625566892,0.384045209518,1.41426901999,1.11813463289,-0.775306845592,0.264056725092,-0.189771591728
DT0065,0.240955214176,0.982722935359,0.214092870198,-1.01249726779,0.218767025867,-0.436830384916,-0.775792587062,-0.788257614402,0.600172078837,0.729674502051
DT0066,0.551993597493,-1.46507634204,-0.393575062337,0.781657696386,-0.233530065822,1.74029269896,-0.406828254576,1.72315871759,-0.42072884722,-0.485815126489
DT0067,-2.14549300251,-0.629480691331,0.0169007945431,-0.19007519145,0.423912215723,-0.635116939219,0.652159389683,0.270370935997,-1.25642516032,-1.49171889528
DT0068,0.0151968955249,-1.25805646858,-0.107603579059,-1.20519483386,-0.700253532506,-0.613275003713,-1.28561474456,0.711923412874,-0.77451418066,-0.996281164648
DT0069,1.3235205018,1.1899615809,1.66117135166,0.812326008821,-1.67072053454,0.641656860626,0.0659049033309,-0.158314453083,0.842477146626,0.918411797162
DT0070,-1.33114254167,-0.211489646905,1.50703639333,0.218018477231,-0.507578246829,0.372428846761,-0.60682920418,-0.194870199072,-0.977600476124,-1.13949213664
DT0071,-0.591497227974,0.328465793849,-0.205224842737,-0.856804526129,1.00460085679,0.305650046421,0.449481694681,-0.796377095995,-0.781825653671,-0.692508032903
DT0072,0.810993323863,0.21239919942,0.305421960124,-0.0765303583154,0.415459405629,1.01327698572,-0.314065871722,0.024045041332,0.786413067705,0.407435563805
DT0073,0.10559593601,-0.597043715635,0.894183008981,-0.130938654507,0.985172995126,-0.0455287106793,-2.00989309725,-1.0147805222,-0.687157126272,-0.893971798953
DT0074,-1.00447338482,-0.874840892021,-0.930457042085,-0.771508806996,0.220325618417,-1.02089937223,-0.973517941815,0.368462251394,-0.661597852575,-0.687805840818
DT0075,2.99487790891,-0.384871659432,-0.413788136955,0.813828525229,0.401345284747,-2.34037295819,-0.621396852522,1.36907041934,0.924717978995,1.03648513448
DT0076,0.324761073725,-0.558319452973,-0.177778768972,-1.31291635945,-2.78805462141,0.20128390269,1.02031221576,1.52464432644,-2.91457051897,-2.92842947089
DT0077,-1.0760091684,-2.5122685968,0.402311792159,-0.159531914996,-0.0324053790574,-1.17548317203,0.671060720669,0.566267240142,-1.21651791067,-1.12274722875
DT0078,0.726561943703,-0.149256354469,0.73312005073,-0.161289690883,0.236087726338,-1.67801960298,1.2225400977,0.809549896295,0.594322601413,0.619331718228
DT0079,1.34815266614,0.535063595054,0.306473846971,0.269057571149,0.733309144708,-1.18950490402,0.418014630722,-0.633747815819,0.943173336274,1.08806273663
DT0080,-0.991441176532,0.55634605176,0.485217465917,1.25271545068,0.436613678833,0.334014738648,-1.3272231174,0.510995097241,-0.446815490233,-0.559766825749
DT0081,-1.30164839646,-1.49553374813,-0.745366699493,-1.44103760862,1.78213587077,-1.16450269478,2.20992863739,-0.108801328384,-1.78677140278,-1.75620191618
DT0082,-1.21744203743,0.745039143803,0.510392554881,-1.27017867095,-1.22917283618,0.188520700778,0.36660466777,-0.259612257544,-1.8194092244,-1.72285994319
DT0083,-2.18545684955,0.745419230562,1.24661041774,1.52883405607,-0.245016072764,0.389666611596,-1.32141209832,0.981132350151,-0.0182292139153,-0.130401988175
DT0084,2.00734827268,-0.0862282823462,0.276301731677,1.06287536816,0.997942489128,-0.101089550209,-0.0830970804015,0.245902410238,0.931542830899,0.84767092974
DT0085,-1.33318787236,0.911512637028,-0.104610395521,1.27493462022,-1.60379189779,0.475382096532,-0.655665132367,0.520772114653,-1.955038548,-1.99899708281
DT0086,-1.73410523381,-1.83633464671,-1.03754074042,0.813780000933,-0.982023043653,-1.37161394587,0.565316534287,0.789126019939,-2.08047911119,-2.40538131275
DT0087,0.868646280875,0.266857574845,-0.291962909875,0.984158200848,-0.0459348847512,-0.633001512554,-0.233730378505,-0.988665931586,0.741710485382,0.666634606223
DT0088,-1.49688099564,-0.515012678039,0.893807736933,-1.17841637599,2.00708834293,0.188190154214,-0.144021557301,-0.14901032509,-3.37357542693,-3.5252431202
DT0089,1.53018862703,0.443243105052,-0.306051673985,1.01807840237,0.303078961648,-1.53793283235,0.876080829057,-0.461399661147,0.906203947379,0.957252112589
DT0090,0.478228417955,0.529686533649,-1.07424710403,0.193820020387,0.200198015601,0.749603155106,1.59277783532,1.19826970439,0.616238842924,0.999504272131
DT0091,0.997348989706,0.313187009843,0.274876028121,1.3876655311,0.262576515096,-0.737019951193,1.23435585607,-1.22201406605,1.18415014742,1.29461512058
DT0092,0.792263882047,-1.032952371,-0.94251412192,0.245347464076,-0.698021418084,1.03621337361,-0.548479680088,-2.43047528462,-0.010837189154,0.204953433471
DT0093,-1.25348398057,0.654126078208,1.32961465602,-0.17199169877,-0.411516169035,0.230760229453,1.38813950147,-1.00530410476,-1.07965285886,-1.28725694367
DT0094,-1.27387871656,-0.9515428621,1.02935370464,1.04891077794,0.258357995075,1.46262307578,0.486829350296,1.46106630609,-0.50848227392,-0.363652417466
DT0095,0.344602157586,-0.70921987851,-0.145412366198,-0.0907931997442,1.44559376411,-1.28907722991,-0.596152273693,0.207714253779,-0.839983997018,-0.558440313637
DT0096,-0.796405695092,-0.446088599774,0.628916074817,0.608766457058,-0.0831826166424,-0.685297584534,1.57904799953,0.710698129191,-0.696620837839,-0.589845816045
DT0097,1.3072996942,-1.7066252452,-1.71847526472,-0.844443292431,0.729389691698,-0.0616557851946,1.04094369297,-1.07461745986,1.16809425169,1.28001931611
DT0098,0.352489143956,0.994653689944,0.91248727169,0.899840049151,1.17378797943,0.759289228667,-0.836043404178,-0.531318101672,0.770712257779,0.606413426528
DT0099,-0.499981643453,-0.179212462645,1.85556807663,1.86779340735,0.392128797471,-1.07531924598,-0.489894851103,0.383076353578,1.38246572919,1.2429638074
DT0100,0.527649888259,2.13343038684,1.05376267515,0.757122927629,-0.265647815886,1.21820421334,-0.331723468206,-0.164261591932,1.55544833716,1.6896894128
DT0101,0.597365923136,0.150029657488,-0.106212126685,0.34050150999,1.30596769094,-0.781890599543,-0.508854288846,0.749066000322,-6.73691767368e-05,-0.114620804939
DT0102,-2.15484809653,-0.991092543986,-1.0243856979,0.014920588158,-0.34821055358,-0.0950414557914,-1.0402116249,-1.40531353949,-1.24575992581,-1.37233215718
DT0103,0.931305149887,-0.908958825007,0.213554912641,1.41017888682,0.0569632851575,-0.755212393051,1.64443633529,0.708580958355,0.711829873098,0.864168604862
DT0104,-0.556060115052,-0.977715317311,0.172481761776,1.30120115816,2.22137022185,-0.211425099841,-0.654808253299,2.54361087697,-2.77492134103,-2.90238174024
DT0105,2.56596425286,1.17250890464,0.0301120367748,-0.110627945171,0.179931464821,0.586293445483,0.410909604257,-1.01892051252,1.18067151569,1.12947842505
DT0106,-0.278209724559,0.23664035153,-1.22757965889,0.060647151325,0.0221013039405,0.892886459628,-0.248592623571,-0.651217367611,-0.235113910083,-0.275208271328
DT0107,-0.190430640698,-0.669153361692,0.897280466201,1.76037362708,-0.676557578419,-0.738024892802,-1.26797934955,1.45751479431,0.186770751996,0.267892498413
DT0108,-0.0823009632418,0.0122504491775,0.994622310135,0.854658003356,0.378778692266,0.80800707923,0.897663224608,-0.590561133123,0.361413346998,0.336029324327
DT0109,0.1352877628,0.0487150122406,-0.934106931612,0.276002852024,-0.300137204417,-0.420080615792,-1.06639669368,-2.72210632842,-0.000759424377798,0.0123376393088
DT0110,-0.614676263091,0.51912993098,1.80165591374,-2.50849868919,0.933571223804,0.713240093903,2.14135925278,0.207175767741,-3.46937381479,-3.46721858183
DT0111,1.09426302121,0.613097467192,0.673131817456,1.48826543175,0.107193486495,0.913924921666,1.32259933149,-1.35591587048,1.65911549348,1.61963214177
DT0112,0.0338480391634,-0.606219304404,1.28190029371,-0.794473759328,-0.289432835332,2.08845360177,0.825930232213,0.448081330442,-0.960095391313,-0.839298106649
DT0113,0.278626708229,-0.257497597169,2.49309383841,0.729815968851,-0.337463675611,0.364404344145,0.609893982862,1.73284566077,1.22466590106,1.41203006273
DT0114,-1.46122817781,1.05590016979,1.10336892343,0.561933479476,0.828176216711,-0.722669814224,0.420677021153,-3.39296290317,-0.780880686644,-0.608225391363
DT0115,2.1642345662,-0.886394209828,0.625120964749,0.0105524844802,-1.20120316948,-0.907468122205,-0.838318612644,1.73210080508,0.552387726573,0.529202120528
DT0116,-0.0908895279043,-2.42676757356,1.61206364608,-1.90410744251,0.315366802936,-0.91703945859,2.46458470856,0.098961712461,-2.91689097145,-2.92575035559
DT0117,0.402385198277,0.799113879759,0.811158468332,0.746876941718,1.4336203171,-0.37477275453,1.80165214939,-0.3604497199,0.339539807596,0.24128459997
DT0118,1.01257373625,-0.781046843649,-0.731720260457,-0.138124853624,-0.193288201134,1.41109649837,0.0227847519206,0.129553604269,0.708761876279,0.723922949955
DT0119,3.25103310597,-1.42455318276,-0.188304209654,1.49206725248,0.866041604536,2.21929771117,0.829881519524,-0.410896787785,0.716539030237,0.989339932192
DT0120,0.923340047313,1.21194047571,-0.575877798033,0.197534271977,0.258639191066,1.20133245508,0.668445463153,-0.251665148192,0.997356735653,0.968795030607
DT0121,-1.38185730771,-2.41411747431,0.365764215019,-0.696139932435,-0.953787181235,-0.846654407775,0.363410923367,0.358874442699,-1.70319723161,-1.77544499422
DT0122,1.26755937959,-0.444408550856,-1.05811104674,-0.380082261451,0.403210036149,-0.0696071287533,-0.609896783054,0.751388655136,1.11226295273,1.14479375997
DT0123,-0.283584547236,-0.647355258845,-0.798076797215,-1.27601937837,-0.325328859041,-0.122063363495,0.0468824177644,0.066039212517,-0.081955076391,-0.0767543924033
DT0124,-0.809179609654,1.36478039079,-2.35487203106,-0.567287923623,0.218056688513,0.393325861118,-1.33362338324,-0.559853032035,0.631177569606,0.648728249895
DT0125,-0.343765548643,0.37000049774,-0.915629024859,1.64880629588,0.255680417074,1.10575850102,1.0579701421,-0.491572340892,-1.12089950536,-1.34929284715
DT0126,0.799664950043,0.359237177833,1.92084618809,0.0240414665927,-0.948784347222,-1.40467074537,0.216871930271,1.74581407682,0.570937985573,0.419605803783
DT0127,-1.40139126574,-0.337337629087,-0.518611077647,1.35163357755,-0.249113862549,0.622572243439,0.920391212761,-0.507186636326,-1.54584875531,-1.44551069821
DT0128,0.377859724035,-1.77883043601,-0.0536601965972,-0.817508394908,-1.22539654462,0.480248309128,1.44009670803,0.923073102251,-1.13970561368,-1.34983659046
DT0129,-0.604998027643,0.611613587265,0.690397248572,1.45802697395,1.08325099269,0.204620552281,0.225576675413,2.17929221812,-0.214089166418,-0.381904467175
DT0130,1.24475573128,0.146694423027,-1.00461118278,1.79684436614,-0.464734276431,-1.34108211797,1.29144531884,0.215025482193,-0.129895487593,0.044020079797
DT0131,1.40747324193,2.20712944354,-0.822900220008,0.951536359408,2.24901084562,0.26446082608,1.9804874464,1.61564024185,-1.30874602308,-1.35293692589
DT0132,0.711377072807,1.91667205937,0.617837780954,-0.0270891573542,-0.668489879654,0.338017425576,0.85351049436,-0.0768892828706,0.929022981406,0.793036312547
DT0133,1.23728219582,-0.799964208686,0.158634286178,-0.161699267632,-1.3583602047,0.944782651224,0.10715743843,0.2720149158,0.0678040289765,0.0902973119138
DT0134,-0.272834902016,0.494518770488,0.681957925869,0.0433903986698,0.514339766986,1.96490792428,0.0252879797209,-2.72422016656,-0.11874783282,-0.0695122211231
DT0135,0.267934424359,-1.00718836929,-0.347750645192,1.18376715747,0.927250836251,0.537641760206,-1.2790523702,-0.791195743222,-0.868581572894,-0.971611760112
DT0136,0.144021050328,-1.05997386108,1.53696576392,0.271421301451,0.431856627941,-1.29389555037,1.44011749176,-0.114210021205,-0.26575360789,-0.25861915858
DT0137,-0.161500051013,0.808854449072,-0.910511231084,2.48659811493,-1.15879470391,-0.322063542982,-0.405952605189,-0.433324927554,-1.60965696322,-1.70696547127
DT0138,-0.642440597685,0.571087095263,-1.13172932572,0.89044906454,-2.06946731498,1.55153790708,0.481265786331,-0.645085700976,-2.72869991772,-2.81109055035
DT0139,3.04263424507,0.369586617774,-0.0999081951173,0.584974329661,-0.732588260859,1.41401521041,-0.649058993814,-1.39330262226,0.946490585217,0.623853732619
DT0140,-0.556885401521,-0.24141261641,0.88788683157,0.108748828872,-0.757242868504,2.79961766111,1.13442299531,-0.229428880448,-0.879374541544,-0.888284774651
DT0141,1.15385465989,-0.276473812,0.520496439517,-0.312574759097,-0.139166506635,-0.240388248562,1.04264829826,0.0516160920678,0.816327354462,0.532908539386
DT0142,-0.718072842565,-1.96752632839,-1.28945411848,-0.818140845361,0.372166290996,0.426951209361,-0.146958687035,0.665860350049,-0.545195884705,-0.338186732263
DT0143,-0.675335087165,0.54589875701,0.559822575874,1.11836840923,1.91556019074,-0.485668432907,-1.28493671983,0.689357655424,-1.55048170507,-1.69754428976
DT0144,0.499575331814,1.54358794702,-0.372326745326,0.827076698699,0.731716427715,-0.179760365071,0.366681607433,1.48469421109,0.62607277268,0.682212646953
DT0145,0.558013579931,0.173579061641,-1.64331289293,0.501740645191,1.35468537905,-0.177170403033,0.866381375237,-0.498174731097,-0.546985839676,-0.578719968863
DT0146,0.20374389812,-0.107910685568,-0.611088404655,1.51956784342,0.651325113355,0.730383416768,-0.09032045078,-1.35958843715,-0.548430011439,-0.771200140195
DT0147,-1.17513577594,0.445729394509,-1.72165760762,-0.0257070742071,0.244791088836,-0.444757142912,-0.856911101868,-0.0728376831663,-0.886385191041,-1.01498456697
DT0148,-0.455999247672,-0.509184607438,-1.47498789554,0.312873723853,0.74506768313,2.53111752598,-0.383984615876,-0.409277560429,-1.23219848853,-1.29286005618
DT0149,-1.25941160749,0.792388134935,-0.15715969689,1.69062590527,-0.64291578185,0.404766908405,1.70616887027,0.399363862215,-1.16224929719,-1.19750833967
DT0150,0.168061942529,0.137546243002,0.333327560382,-0.542408544644,-1.21060979142,-0.396360896334,0.299554609043,-1.26274883063,-0.415705318247,-0.399547825265
DT0151,0.608471842453,-1.18992798667,0.0285809028022,1.47152910574,-2.06820160389,0.629836880413,-0.471668505485,0.531104258778,-1.66954013838,-1.75255434265
DT0152,-0.499529769881,0.0311070640044,-0.968042846402,2.90379892714,-0.0170288624917,0.402661104614,0.345787640952,-0.548118111324,-2.22602392747,-1.92120362194
DT0153,-1.071987493,-0.432294294424,-0.388820350789,1.28674182557,0.996802437977,2.54486522231,-0.0749338828577,-0.188590616297,-1.72799754162,-1.91101888379
DT0154,-0.0997467644807,1.97545321339,-0.33266614263,-0.723155301063,0.55491243237,-0.290942740235,-0.925210049574,0.449691869713,0.873643851193,0.97176389878
DT0155,1.10589291703,-0.269593881255,0.70877943854,-1.00144602481,-0.102602726346,-0.109396155198,-0.71304140294,-0.124135995583,0.468929073317,0.387818170074
DT0156,-0.708992361141,0.778185684839,0.0893030439481,-0.505800142409,0.249222592676,-0.271356634511,0.24290556371,-0.511890598649,-0.423245730887,-0.191769094431
DT0157,-1.64200835526,-0.208931176011,0.089615386016,-0.24221241608,0.578311820932,2.49826130272,-0.0859212677338,0.961377712627,-1.27596887529,-1.348721683
DT0158,-0.191062748033,1.04357324948,-0.693995927763,1.31921626423,-0.971470151538,-0.24461300163,1.62841536058,-0.130036378953,-0.543814856504,-0.789382262343
DT0159,0.00946676487164,-0.128568473806,-0.468481734448,0.545017938738,-1.23241783685,-1.57672333251,0.773701341626,1.0715838353,-0.826455215301,-0.799096750034
DT0160,-0.175363073881,0.209107189331,1.01059074195,0.882028172889,-1.15070580179,-1.36954342744,-0.471135496856,-0.187032299427,-0.0796574778329,0.0417747390385
DT0161,0.564190601734,-0.692856812805,-0.732145468589,-0.425263155899,0.813024879465,1.58572997205,0.089032836707,-0.123667463387,0.179669875543,0.135482604614
DT0162,0.592405065554,-1.12383169691,1.25382286179,-1.57208233253,-1.27877741587,0.663179538875,-0.755404208225,1.20859712451,-1.80020060551,-1.65665739229
DT0163,-1.28409527634,-1.05137273598,0.785394408961,0.444898041361,-1.93493899848,-1.2575758731,-0.657810487754,-0.981309872061,-2.42531489892,-2.65978533347
DT0164,-1.57401153432,1.32163021593,-0.144327616878,-0.304054385116,0.174415519004,-1.68733759884,0.74922593224,-2.27527981351,-0.853033727081,-0.625946177015
DT0165,-0.796444302533,0.411326401242,0.461133841816,-0.795935285526,1.04021958187,1.34587544003,0.722793920132,0.902117494337,-1.28959091119,-1.29594971126
DT0166,0.344192729562,0.170923645145,0.290465797334,-0.399302375347,0.79094678395,-1.34604809639,0.280263446867,0.520047722482,0.166210151207,0.30844147642
DT0167,1.04340068756,0.292079669167,0.384091007952,0.0410003119566,-0.271260325115,1.49287561049,-0.244676006572,0.815633139454,0.976502171648,0.813405650075
DT0168,1.03619243447,-1.76237958643,-0.0882690423875,0.989482040521,-2.24258858553,-1.30457445825,-0.980274542326,0.161958581659,-1.8795580836,-2.16769931839
DT0169,-0.189636888286,-0.948512995964,-1.89729761459,-1.49672855696,-0.592699417344,-0.121078364405,1.53869183264,-1.09853991849,0.866188339898,0.867169566756
DT0170,0.528470668112,1.44583641114,-1.28041087529,-1.81796037703,-0.135530140805,0.357454800417,-0.0977158755344,-1.24794395741,2.40770154561,2.65917624655
DT0171,-0.162434561707,0.377376206478,1.55886277844,1.53904330273,1.52934458357,-0.351346424702,-0.0740853528644,1.95032407014,0.535433463052,0.373132065743
DT0172,2.48067392675,-2.11334816155,0.49502752653,0.589527500799,-0.346570645164,1.28892003099,0.369493704682,-0.110320210521,1.19557138069,1.35429774795
DT0173,0.816558666213,-2.56558352236,1.73811627113,0.530076164136,2.35443939868,1.67044447268,1.87424360016,0.726216895689,-2.18673439894,-2.1808116914
DT0174,1.55764583811,-0.367094011825,0.40488496061,0.924118836216,-0.641544875455,-0.417026979474,0.661164294011,0.296844993931,1.11541271212,0.864996574486
DT0175,1.50398641737,-0.755828469138,-1.35683114757,0.584914765782,1.97137264342,1.68462237767,-0.0550784517629,-2.0697222343,-1.05909755966,-1.31299180556
DT0176,0.152080931414,-2.69192113708,0.0708730498635,0.351535605469,-0.860746998293,1.35514378301,0.255668571619,0.518107153777,-1.27953938601,-1.07055355283
DT0177,-0.0769030964992,0.854260565131,2.55416533686,-1.93472686969,0.499563732141,-1.42317733291,-0.638380366431,0.140843536919,-2.66090054201,-2.96871542491
DT0178,-1.57780673341,-1.38040169066,-1.43604622064,0.202700704702,1.29742967116,0.661382568329,-0.514850199811,1.31940895702,-2.02253627093,-1.72587681254
DT0179,-1.09327484797,0.0151377388899,0.575168460892,-0.0739476878921,1.30589527227,-0.9342725863,0.354892308167,-1.59903848673,-1.66203103346,-1.75774936627
DT0180,0.568726971487,0.69820453056,2.17327050028,0.711983763376,0.147893390501,0.114671068242,2.20617812435,1.05006697397,1.78949364344,1.62431804417
DT0181,-0.624769979682,2.64038498811,1.84309107118,0.203099050465,-1.0275682132,0.696214726737,-0.128889380687,1.05280084914,0.523984525758,0.57235964948
DT0182,-0.457517347489,0.25267615146,2.07355229104,0.861562384474,-0.136782460751,-0.768340105788,1.00053020841,-1.39131881696,0.680917009039,0.618480854012
DT0183,0.581607465351,0.291059783062,0.00777125319953,1.29179753515,1.73948469056,-0.524822296084,-0.291025336892,-0.624687153594,-0.458726396178,-0.734707757011
DT0184,-1.08049057193,-0.42825376447,0.2344140457,-0.738312793465,-0.164282722236,0.188000733733,-0.808023977472,-1.78213233831,-1.14703534235,-1.22589507425
DT0185,1.76086137553,-0.110885523566,0.262277102663,0.355400316571,-1.52942576633,-0.484845738302,2.27523078858,-0.0223968530278,0.243570383111,0.297684900566
DT0186,0.946688449172,-2.02373623452,0.231870176238,0.410503122978,-0.301803169718,1.14984350378,0.147376131636,-0.581908674468,-0.0574290285909,0.0316248000663
DT0187,0.157263036695,-0.715026739656,-0.298721994047,-0.256572035393,-2.06602808421,-0.617056385849,0.326575567036,-0.167142795361,-1.89854165896,-1.5270735995
DT0188,2.73131426137,1.04188059183,1.12413324531,0.927602061844,0.190372041118,0.493650686666,0.424005620025,0.464200040081,1.80756573146,1.73272693222
DT0189,-2.19962658535,0.420424675201,-1.05692605676,-0.569340275111,0.0193924688682,-0.814739757138,0.624388603314,0.575232008112,-0.795026490661,-0.550523791539
DT0190,1.69902425581,-1.18149589577,0.472936106616,0.431058335598,-0.354090395624,0.174722192563,1.02055346232,0.204216412309,1.03630852652,0.874502566314
DT0191,-1.16495768772,-0.672322308371,0.292814532066,0.510926096504,-1.01854198475,0.680743959304,0.25825606485,-0.917647744358,-1.41162743577,-1.41207285561
DT0192,-0.531427094118,-0.612298692723,-0.403484032438,0.348204925332,1.51307524611,1.52838799479,1.15757020701,-0.876241864325,-1.82148365742,-1.6902758474
DT0193,-1.26962778696,0.084736173214,-0.385276370093,1.77944371789,1.39890250775,-0.0593759488561,-0.347769683098,0.774061060179,-2.20425702427,-2.04802194687
DT0194,0.801814134686,-0.714032650359,1.81186955024,0.187379256882,0.243618454513,-0.39402943794,-1.33335126149,1.98309237254,0.681100198528,0.582916635318
DT0195,0.195828552288,1.69239812757,0.755111439054,0.434702324995,-0.22368296531,-1.23823008603,-1.25013831876,0.0197350557794,1.11136057958,1.29169029361
DT0196,0.769882245182,0.773131544793,-0.111042813371,0.698487733514,1.04712319415,1.30957085361,-0.408203516068,-0.419549439052,0.498730699672,0.684508208886
DT0197,-0.426792686207,0.415330345563,1.36216214121,0.671804883927,-0.552357823226,-0.994986804728,-0.35349343023,-1.41819022694,0.168201057263,-0.118942065286
DT0198,0.347954851292,-1.09855975403,0.0239482263446,-0.219147114612,1.8637589918,1.60661057762,0.170371386972,-1.36446180832,-1.63096601447,-1.76035900499
DT0199,-0.929256060937,-1.63498906876,-0.825219428409,-1.19742571793,0.785571228011,-0.483229912518,-0.868127763025,-2.06906954236,-0.783170982038,-0.808193933146
DT0200,1.35209088679,0.174464660703,0.632751452415,0.334919363939,0.42471774934,0.252447111202,-0.0610480933918,0.15187303792,1.12727204825,1.15241097801
DT0201,1.50481023378,-0.0819929729447,-0.41807249636,-1.32286933472,-0.619921000941,0.746123355323,-0.835399377764,-0.236947784836,1.25618127946,1.11419171432
DT0202,-2.21795354082,2.07137649756,-0.559695262514,0.70427517623,0.123479395102,0.620166270664,-0.739616699368,0.984898395611,-1.23640404095,-1.22898741197
DT0203,1.38189151767,0.267096279231,1.09812348744,0.215879049556,0.96188501124,-0.799976913906,0.0413526213431,-0.281089759317,0.861627562018,0.595524040547
DT0204,-1.8791007433,0.39242183117,1.27669570153,-0.610210382692,-2.25989896228,0.128233902498,0.195110711272,1.46649783318,-3.63017177762,-3.62148460106
DT0205,-0.215241328317,-0.0353335070964,-0.0513214109718,-0.718407322549,-0.858491983528,-1.42187798324,0.704179054572,-0.0276571627131,-0.547224839753,-0.775333958794
DT0206,1.57744222196,-0.0897917196361,1.20088672291,0.339771317738,-0.307870645685,-2.01567002608,-0.136476950678,-0.209422101589,1.29993358868,1.58790575549
DT0207,0.443314032334,1.25193333374,1.18127441767,-0.908877525075,0.299367632127,-0.595542202825,1.2869154111,-0.83991107994,0.266999430528,0.256604800906
DT0208,0.979304300899,-0.0858605893025,0.196009187668,-0.46451452164,1.16631768112,0.84770999948,0.729083260145,0.730568213036,0.281513979037,0.488505826113
DT0209,-0.595600678232,-0.34045545839,-0.368840124703,1.65689236016,0.331784781735,0.657864367588,1.16738541014,0.705615259557,-1.18410611944,-1.04720302371
DT0210,1.2088777922,-0.992727739221,-0.631833656701,-1.33968447963,-0.677850813865,-2.14902550708,-0.464080413243,-1.29074301,1.05878294955,1.1302883061
DT0211,-0.443089242084,0.844193748584,0.987519512992,-1.70127033234,1.22928096117,-0.317117731501,-0.428599974032,0.546878851145,-1.63766240427,-1.57970056154
DT0212,-0.21235780877,-0.935071706532,-0.0614614236623,-0.626602085716,-0.828113566252,-0.298020181836,1.8653224156,1.38894142401,-0.960942030004,-0.80404331128
DT0213,1.94383770036,0.833614063305,0.250575162737,-0.646253593134,-0.386691725653,1.06612880555,1.43925399645,0.605186776428,1.02184647039,0.897971983469
DT0214,-1.27598232489,-1.06613514477,0.803846840131,0.176820244241,-0.508983112182,-1.35161448162,-1.60856031879,0.240427655025,-1.15562594851,-0.931357193468
DT0215,0.721339815985,-0.0634679087539,-0.348392722691,1.76346153814,0.684887692099,-0.729111570273,-0.675631958814,-0.423194905647,0.161019726998,0.383347398231
DT0216,0.882863656474,-0.299552977111,0.476626092406,0.200626095772,-0.575453864733,0.012664843174,-0.694163754344,0.78832691628,0.6748558168,0.57084788637
DT0217,-1.10626566556,-0.730290175951,0.387797660156,-0.373553764158,-0.318901446711,-0.932874180756,-1.91266757402,-2.24601700877,-1.20741269241,-1.05783512171
DT0218,0.682404856808,0.530983891919,2.35503082132,0.158371678811,0.91050590292,0.952091413954,2.25021276929,-1.15605957142,0.77876899991,0.817379019704
DT0219,0.575854735927,-0.357390507555,-0.668275416398,0.547492048985,-0.52446015682,-1.09909480028,0.0779325381516,-0.385556005615,0.123470394139,0.0771284432958
DT0220,-0.197013813929,0.8469762201,-0.258289555704,-0.683000590827,-1.46690416426,1.73912943631,0.843961821612,1.18935659426,-0.487659837672,-0.596044067291
DT0221,-1.18680249191,-0.29178837053,-0.780655689571,0.205607707978,-1.47120912972,0.109254771872,0.652389108145,2.52345313393,-2.00597606544,-1.91217910912
DT0222,0.12143311952,-0.591791953458,-0.431998439394,-1.44649810377,0.149364688246,-2.18487800529,1.53015047792,-0.974133694469,0.158750126227,0.257302299704
DT0223,-0.727191556452,0.206241438103,0.382472978632,2.16201164526,-1.23644947599,-0.212672631143,0.29287960864,0.669068507133,-0.780123527413,-0.660304313116
DT0224,-1.04504957176,-0.627934183651,-0.71859149102,-1.01886850614,0.173721933195,-0.801669690151,0.275804239794,-1.44648532353,-0.624179341252,-0.626893338939
DT0225,-0.37919838456,0.6959481649,-0.965758451978,0.420506598535,0.142412096503,1.47259767149,0.926803987223,-0.588313875751,-0.289234153418,-0.10537978155
DT0226,1.33856928224,-1.29923814971,0.0400293618208,-1.4607708475,0.180586582778,-0.302531383424,1.69254416952,0.122395587086,0.668639765907,0.593316210511
DT0227,0.213193948413,0.186304616777,0.0158382723505,-0.137729163644,-0.794335394342,-2.25038135122,3.10187069281,2.49272143224,0.102835091488,0.137842440739
DT0228,-0.36635400945,-0.171517402534,0.164696744266,-1.08032779847,0.271871978527,-0.803768501305,-0.754480944545,0.883993752078,-0.644682560042,-0.408868299456
DT0229,0.894012582568,1.86499888857,0.0705203762094,-0.371262137735,0.152711727945,-1.29762120508,1.25197468641,-0.851155084745,1.11434317942,1.03128381302
DT0230,-0.614499738156,-0.26080562454,-0.144449387232,-0.242342887923,0.862722458399,-0.158277659767,-0.286346937951,0.0190652307094,-1.03522988905,-1.10291295834
DT0231,-0.457871795774,0.737944671885,-1.65851380997,-0.156892296098,0.332352534789,-0.201759527477,-2.61912214833,0.450889441997,0.00554233654738,-0.327707102076
DT0232,-1.12284102217,-0.842687473947,1.1904897939,0.912972222497,-1.22716953259,0.642703011882,-0.325349484398,-1.98922218749,-1.04563261679,-1.21452399579
DT0233,0.987520502726,0.691204392884,-0.206582740146,1.84224433342,-0.875732319744,1.47070964685,-1.33903215346,-0.688399020366,0.508904195968,0.359980275455
DT0234,0.668792005965,0.474978136059,-0.273507124522,1.9087259472,0.320864254528,0.371193944755,-1.11237669163,-0.526984720158,0.508799360073,0.346128884023
DT0235,1.79517368396,1.31185055552,-0.513055361079,0.616765464217,0.70228452204,-0.384608789865,-0.714432453603,-0.3438983959,0.795156644475,1.01710781472
DT0236,0.045851316922,1.16439156067,0.504100262301,0.471000301319,-0.542975812396,0.36570437239,0.166973463084,-0.783746747559,0.692576961928,0.307621308866
DT0237,0.400458173714,0.552094540891,0.420552815886,-0.0949266361158,-0.124999504712,1.92817770494,-0.695702631847,0.741904238054,0.676888496687,0.74441780324
DT0238,-0.758025703671,0.153419617487,1.08897199153,-0.847525662549,2.33820295584,2.42507087723,0.440345925341,0.0441021495929,-3.45148528929,-3.39600824933
DT0239,0.476595002957,-2.00224037041,-0.383571339632,-0.0340326181512,-0.295188285437,-2.57153074961,0.46698058778,0.100497901479,-0.604444090764,-0.694238743822
DT0240,-1.96192610247,1.26131755251,-1.16718346707,0.663526964735,1.678794326,1.28117645463,-0.423854100055,-0.364552911741,-2.63548525803,-2.6902852514
DT0241,-2.65728298376,-0.777579406647,-1.08076977718,-0.478311930145,0.62839157335,0.494461228158,1.50866073449,-0.265540880906,-1.04237024793,-1.09228332408
DT0242,0.547944165709,1.21771774519,-0.810446842206,-1.29751324228,1.12636376695,-1.28233094117,-2.46599027608,0.286258768469,1.10745550043,1.03782950063
DT0243,0.089072298335,0.0434944990972,-0.844250713379,-1.48910829922,2.15748749989,-0.872473333419,-0.840418045134,-1.00008351046,-0.975150748754,-1.08435756098
DT0244,-0.235742351691,0.194565058271,0.863311304962,-0.552989150422,-0.269962252006,0.426916476923,-2.14351831945,-0.64092281014,-0.480691012483,-0.699792210373
DT0245,0.11888503346,1.11035133182,-2.14503980467,0.0569108562934,-0.0322619870604,0.443777829747,2.08373868116,0.295196443384,0.631511626857,0.68687386761
DT0246,-0.0366006589688,0.123839104415,-1.02149979075,-0.0154005375617,0.534317198235,-0.785735287865,-0.101475906676,0.235050373579,-0.0743827784767,0.156659254263
DT0247,0.29974882701,-0.713526963848,-0.545047523602,2.24696322805,1.51671362994,0.173699442622,-1.40808615071,-0.144381970233,-1.72333268776,-1.46915700752
DT0248,-0.559716594308,-0.907543563502,-0.298134678407,0.190401453101,0.961218135794,-0.841319595506,1.82012598802,0.521717890381,-1.32427647618,-1.01191471102
DT0249,-1.71181673934,-0.811690655584,-0.0324317320413,-1.93312601578,0.419692333518,0.400104059704,1.39243780998,0.38832964729,-1.19859529926,-1.02197663265
DT0250,-0.811445678101,-0.036606789359,-1.27088618227,0.683681588284,-0.271040821121,-0.213996802761,-1.24612348127,-1.00871506052,-1.36712363742,-1.41843494839
DT0251,-1.43541539387,-1.2447880126,1.13595100963,-1.71711773876,-0.579068115219,2.02314736849,1.53793494567,-0.833764734505,-2.46593555096,-2.53116696089
DT0252,1.19575384031,-0.843967627433,1.75065953053,0.687629038381,0.30657040495,-1.08160295598,-0.0658469835272,-2.13541148332,1.4636280046,1.35409072525
DT0253,0.0155740125428,0.252735581575,0.917196978159,-0.195953029391,-0.932475001233,-0.0263849052547,0.97681336086,-0.542982468831,-0.286444966458,-0.0787878507141
DT0254,0.689515501327,1.06300792333,0.927169660872,1.8589371052,-0.689246353166,-0.690164632939,0.587968136385,0.768951039856,1.85205140562,1.74960717571
DT0255,-0.299914350951,-0.716444149874,-0.125656908104,-0.934870683971,-0.996848133213,-0.925765491477,1.15370517102,-1.15562852918,-1.01954495528,-0.954874547135
DT0256,0.625190604611,0.132773906208,-1.9712011351,-0.45975468669,1.62426755334,-1.13857054217,-0.385905992402,-0.228727476909,0.207256736523,0.297805947211
DT0257,-0.414697848613,-0.315092111227,-0.553628639861,-0.167135102749,1.60625268574,-0.342776983452,1.98565756141,-0.499038221323,-1.59690697539,-1.42757682653
DT0258,-1.00932573048,-0.834486929774,0.105136293313,-0.835441525037,-0.461705652272,0.0456026644925,-0.5263960447,-0.594653827773,-1.20712361962,-1.32452205397
DT0259,1.0753476707,-1.98679296696,1.29710937848,0.0667041439229,-0.211510147181,0.757425788138,-0.0854803918419,0.531635696169,0.132140786362,-0.223806967034
DT0260,-0.608034776171,0.249577758732,0.715626352243,1.62325153259,-0.154347452365,-0.493338804874,-0.28956165873,1.92178770673,0.148848443313,0.435340055198
DT0261,0.885323612054,1.34047731671,0.772896250707,0.762712132915,-0.720667066277,-0.631011498331,1.33767190699,1.22463936306,1.24359231152,1.1515281625
DT0262,0.20554319572,-0.275016173742,-2.02255719171,0.184199266644,1.87961539902,0.521670893539,2.1044080105,-0.883190122913,-1.55519735447,-1.65699357878
DT0263,0.925387700919,-0.441820459797,1.86064933954,-0.556954467107,1.75521180634,-0.303510105374,-1.38447016669,1.05633261386,-1.12544303112,-1.13340717101
DT0264,0.435535909083,-1.02752225658,1.70817342649,1.55636651512,1.15474645764,-0.756635068686,-0.7606907472,1.44830009262,0.968071340516,1.08989789652
DT0265,0.652116916022,0.725556133713,0.698676753348,-0.121745123038,-1.94790006177,-0.781775536547,1.86336600353,0.397719132203,-0.647427294797,-0.824096433602
DT0266,-0.493930130154,-0.44256229973,0.13248914668,0.543607780056,-1.10418818428,1.01068918293,0.0918335038736,-0.245998587425,-1.18120049272,-1.18369500561
DT0267,0.78178515507,0.0512816154484,-1.72205826264,1.46379999901,-0.842414048757,-0.571355479102,2.31170052379,-1.89560226059,-0.994512486012,-0.947612613341
DT0268,0.980704777889,1.19156870389,-0.896233133828,0.98186493957,1.40971429785,-1.30049213067,0.179380206278,0.796771906161,-0.221243503858,-0.110109488009
DT0269,0.879677721429,0.0706567770268,-0.344222311053,1.140440288,0.0482335231369,0.104854993129,0.387771574334,-0.862691272279,0.631762054104,0.557644178539
DT0270,0.311028281675,0.0536099230701,0.950105738952,1.24655098979,0.23232237994,-0.776192742517,-0.420960326819,-0.156038409189,1.07967363464,0.81059702366
DT0271,-1.38128390386,0.784409691004,0.734425043054,-0.731270616196,-0.182970472104,-0.0113589790964,-1.0492874413,-0.116102534078,-1.24399258005,-1.26281784011
DT0272,-2.38598100131,1.13736568749,0.671935982343,-1.73965678082,-1.30114036692,-1.10791571679,-0.309843946704,-0.934157502972,-2.51683130579,-2.83804946362
DT0273,-0.720247223995,0.475439405676,0.128862380031,1.85926817894,0.817830180219,-0.635785480471,0.516449196057,0.940521294462,-0.661703287255,-0.693081477597
DT0274,-1.16475149688,0.139740528562,0.591325578589,-0.692996011817,0.974211998363,-0.668220651932,0.301038733352,-0.120694991537,-1.58389073357,-1.58919439503
DT0275,-0.487296410692,-0.344821035776,-0.760773331783,-0.419514243464,-0.441001110913,1.50287225832,0.895205575736,-0.389741430571,-0.580101653328,-0.593679163253
DT0276,1.51661198494,-0.684981850592,-0.900814165463,1.20324268455,-0.611693019267,-0.329844068462,1.3579630195,-0.204883563492,0.190700388141,0.011118500159
DT0277,1.52609112365,-1.05786058446,-0.256660893045,-0.0463440518068,2.03336919561,0.591497426235,-0.240284824614,-0.951370043254,-0.734220254001,-0.50389040298
DT0278,-1.78770033946,-2.17274486809,-0.817455066154,0.756782539765,-1.16958618337,-0.852611429649,-0.994308891698,0.49686021779,-2.11072564118,-2.31243225632
DT0279,0.267609658341,-2.41390620645,0.196018703173,0.899100365602,0.361739871272,-0.986804975106,0.498066414099,-1.01649256875,-0.828502546195,-0.802898797702
DT0280,0.0246458871798,0.0490605485521,-1.66656462151,0.417280174496,-1.48360253128,-0.0490591836314,0.602728102547,-1.10905798506,-1.23872134324,-1.41775059179
DT0281,0.476265502995,-0.0780980377687,0.926615184588,-1.09229994227,-1.08813150162,1.24443681042,-0.714238924518,-1.25080922595,-0.587295649059,-0.791550427324
DT0282,-1.8277055554,-0.560935101772,-0.404370528224,-0.94071403639,1.07245139619,-0.473516781071,0.219512927774,0.864028609522,-1.39693143332,-1.66855072597
DT0283,-0.857346225044,-0.864076832427,-1.43485637457,1.26044000028,1.22515072784,-1.20305357018,0.957827213443,-1.49933706624,-2.71628629134,-2.65132247879
DT0284,-0.737636139292,-0.804925143443,-0.399926575723,0.402069238218,-0.915537405988,1.66332363371,0.113135116928,1.43203599248,-1.40909919692,-1.40742739279
DT0285,1.58756009936,0.337063143013,-1.02423646602,0.660961155786,0.795974109896,0.941020915168,1.59328980309,-0.110900679328,0.470859634786,0.572591861591
DT0286,-1.11812091135,-0.387051022491,0.914357423792,0.695596035261,0.231969342333,0.78836120292,0.553260269636,-1.55723382091,-0.677539564896,-0.729521108117
DT0287,0.585557237806,-0.503172757184,0.557215346787,1.71747035138,0.22223724747,-0.35476370438,0.4387754595,1.47692779354,0.940945838631,0.92072907937
DT0288,0.978854596774,-1.42219191662,0.0615280576716,-1.00618254667,-0.244472429489,-0.120630962375,2.58727038098,-0.217240401426,0.252793835396,0.521719120755
DT0289,2.08545163523,1.5500651513,-1.10282425929,0.361217149358,0.104932194445,0.335213930285,-0.636740457597,-0.0225556151738,0.948742267117,0.706761101228
DT0290,1.35373883402,0.636631409897,-1.9739685457,0.334003457718,-0.110224798603,-1.65793892149,1.23999112588,-0.98081604099,0.717740164424,0.672456017642
DT0291,0.203051357764,-0.193420506325,0.449581550972,-1.42865944416,-2.28085549348,0.379360486284,-0.418058107031,-1.11496172311,-2.33916959904,-2.45340672971
DT0292,0.355789865908,0.651242751361,0.885870498423,1.69226057066,0.738433370151,0.0935835185325,0.128183500679,-0.939324409678,1.39228399369,1.34701510048
DT0293,0.423481779404,-0.0509726704941,0.206929078573,-0.273267290816,0.146190486692,-1.03625323155,1.00367718314,-0.167422104686,0.41140214523,0.742619117603
DT0294,-0.292781750148,-1.28991508878,-0.466272474449,-1.20457763264,1.07603807249,0.0515633858343,-0.275895202615,-0.975204233168,-1.00716455523,-1.31951306338
DT0295,-0.201667101352,0.799035100735,-0.871387405441,0.734007938793,0.696266057919,-1.483635294,-1.6340298369,-0.810496066348,-0.343307370553,-0.287131530037
DT0296,-0.869798338811,0.740150357898,-0.0676419926821,0.354334305074,0.379406497983,1.53463806439,1.96270649276,0.180938130431,-0.626239734299,-0.604742705395
DT0297,-0.914373214731,-0.483021284169,0.269562428013,-1.64441945052,-0.9675414391,1.00694317204,-0.681722269586,-0.507779027885,-1.62405149343,-1.42513299783
DT0298,-2.32258955281,1.08872059843,-0.101419252034,-0.900522596528,-0.739219410378,0.163637599321,0.310441007387,-0.539002373849,-1.2971852067,-1.16500728056
DT0299,-1.50848261009,0.365768358069,-2.01370342466,-0.49700423115,-1.70893866182,-1.42427515329,-1.18592972802,-0.0130078221206,-1.6095003949,-2.03627847055
DT0300,1.0124272949,0.635832422084,-0.281837775385,0.888471998102,-0.824502511251,-0.0859389571291,1.19336503863,0.397138117434,0.621035176144,0.671287606864
DT0301,-0.523600537218,1.03350159276,-1.05409350882,2.19019445783,0.0401296211093,-1.21244303004,-0.147622808443,0.107844450178,-1.39406557168,-1.30308897159
DT0302,-1.60141657716,-1.68163669214,1.07710489323,1.24385918902,0.695547665342,-0.810297249872,1.34486867368,-1.81182465033,-0.57163926478,-0.688709982038
DT0303,-1.19005647497,-0.854867912565,0.205498338288,1.44534903877,1.36027800147,-1.07165604419,0.475169778057,0.400153134993,-1.67104357277,-1.34685947864
DT0304,-0.0654498891286,0.462241324525,0.500946329314,-0.222779115512,1.37730204671,-2.12722640467,-0.805610764865,1.36777184471,-0.628738775567,-0.536046607235
DT0305,1.08530919555,1.14647371374,0.0344690443774,0.444546036745,0.820493094585,-1.21215865543,0.827332607939,-1.07146853416,0.855935571255,0.767575559367
DT0306,-0.899564171071,-0.47794824889,-0.269535770082,0.915932794629,2.09124465647,-0.39507384097,0.301310209332,-1.07961029108,-2.87415324581,-2.85448780234
DT0307,-2.0294748621,0.219931237948,-0.320253543584,-1.28965126246,-0.00998944839944,-1.63326975343,-0.664705232867,1.505043194,-0.901682905129,-0.938474245773
DT0308,0.136323902151,0.0428643789439,1.76219912527,-1.6772840497,0.580335966448,-0.359015715066,2.12034408853,-1.43821435028,-1.72038866672,-1.78936431801
DT0309,0.255560327637,-2.04287950564,0.534678486082,-0.62131711095,0.390911256685,0.448172395952,-0.0368150646694,0.36690043556,-1.03388000187,-0.823551795217
DT0310,0.989058608436,0.208445225271,-0.600775553053,-1.84020628774,0.734963632629,-0.257413920458,1.3736808778,-0.312599500637,1.40494909032,1.33126070698
DT0311,-1.29956762424,-0.348107079098,0.0841194575847,1.00300145278,1.65413504098,0.618003448327,1.10048353849,-1.1065881325,-2.12416110948,-2.04548102954
DT0312,1.1360682689,1.54877718753,-0.36195558013,0.222642420842,0.272322524983,1.01646608818,-0.355214231358,-0.881219913465,1.07053270645,0.883846138036
DT0313,1.29080552073,0.15403810373,-0.139017276018,-0.708232341983,-0.665383577278,1.48039600098,1.52315315258,0.785325229244,0.935814354224,1.01157966083
DT0314,0.347673769438,0.835516745532,-0.55950637894,0.550457686279,0.0314449319099,-0.113797420254,2.40444184484,-0.375639869425,0.587932296367,0.824866216477
DT0315,0.812358925166,-0.134920479322,0.114461590024,1.38698476463,0.884475470096,0.451098227429,0.805978816907,0.256871191168,0.540850003131,0.822453314279
DT0316,-0.920159487362,0.591968232569,0.81192867972,-0.0654951509223,-0.900482650425,0.837902997801,-3.02822805138,0.497238195303,-1.02108820318,-1.10571617683
DT0317,1.11658226356,-0.373138958228,1.61091437106,-0.672907046191,0.0536956260516,0.316516032991,-0.129444682529,0.340241907594,0.225169161119,0.505112476602
DT0318,0.0339075838968,-0.0954445852869,0.777896469146,-1.05866731487,1.34150299118,-1.49744701473,2.58260689105,-0.242204555163,-1.23054884586,-1.22278615226
DT0319,0.573533479359,0.855002199132,1.45706936649,1.10081897784,1.44397226687,0.314402664917,1.88918847128,1.97985713645,1.04279337579,0.837900021384
DT0320,1.16956553302,0.99888143087,0.199089813334,-0.377600404267,0.197821398292,0.431353864503,0.770958833708,0.964755063648,1.05694505444,0.75509201826
