obs_id,x,treatment,true_mean,true_sigma,yield
DY0001,-0.327096323636,1,57.0374220582,1.69251558836,55.8946687525
DY0002,1.81262199351,1,69.8757319611,3.47514639221,69.3077504481
DY0003,-1.99608818353,1,47.0234708988,3.69530582024,48.6542009709
DY0004,-1.53493646699,0,45.7903811981,2.64192376039,47.1145120439
DY0005,-0.573401967864,1,55.5595881928,1.98808236144,55.3589751362
DY0006,0.716316611311,0,59.2978996679,1.65957993357,57.3360347773
DY0007,0.749157345352,1,63.4949440721,2.19898881442,60.3105310116
DY0008,0.896403779408,0,60.3784226764,1.87568453529,61.3240585301
DY0009,1.42736247216,0,63.5641748329,2.51283496659,64.5800718903
DY0010,-0.32737645752,1,57.0357412549,1.69285174902,56.7918482626
DY0011,-0.520053959579,0,51.8796762425,1.42406475149,50.1779621716
DY0012,-1.14510150667,1,52.12939096,2.674121808,50.5998872697
DY0013,-0.694234464121,0,50.8345932153,1.63308135695,52.7326620941
DY0014,-1.56132732713,1,49.6320360372,3.17359279256,50.6253498919
DY0015,0.256911853704,1,60.5414711222,1.60829422444,60.491217334
DY0016,-0.812501979308,0,50.1249881242,1.77500237517,53.2147598239
DY0017,-0.0891088238666,0,54.4653470568,0.90693058864,53.9005567587
DY0018,1.38210152367,0,63.292609142,2.4585218284,65.0095426615
DY0019,0.666922545403,0,59.0015352724,1.60030705448,59.2527480501
DY0020,-1.80084245383,0,44.194945277,2.9610109446,46.8841359695
DY0021,0.658650659042,1,62.9519039543,2.09038079085,64.926259489
DY0022,0.121624465038,1,59.7297467902,1.44594935805,59.416460175
DY0023,1.74050018989,1,69.4430011394,3.38860022787,64.9826197965
DY0024,-0.589186143835,0,51.464883137,1.5070233726,51.6923530638
DY0025,-0.707187765764,1,54.7568734054,2.14862531892,53.7926170049
DY0026,1.09879991485,1,65.5927994891,2.61855989782,65.4267347727
DY0027,0.161030883345,0,55.9661853001,0.993237060014,55.7392275197
DY0028,-0.640469939437,1,55.1571803634,2.06856392732,56.2420508717
DY0029,-1.40037677419,1,50.5977393549,2.98045212902,51.7254852834
DY0030,1.42933288273,0,63.5759972964,2.51519945928,61.5382670102
DY0031,-0.60097363124,0,51.3941582126,1.52116835749,52.2700902141
DY0032,0.0712382682057,1,59.4274296092,1.38548592185,61.071469732
DY0033,1.81636767082,0,65.8982060249,2.97964120498,72.0712165192
DY0034,-1.45716280303,0,46.2570231818,2.54859536363,50.3638701049
DY0035,-1.35571146228,1,50.8657312263,2.92685375474,53.0310303242
DY0036,-1.95698390613,0,43.2580965632,3.14838068736,43.0219892711
DY0037,-1.70110812388,0,44.7933512567,2.84132974866,45.3584722999
DY0038,0.219046168056,1,60.3142770083,1.56285540167,61.3268687339
DY0039,-0.168013923214,0,53.9919164607,1.00161670786,51.9430580773
DY0040,1.93147069173,0,66.5888241504,3.11776483007,64.749614905
DY0041,1.24963076525,0,62.4977845915,2.29955691831,62.4677962558
DY0042,-1.27657854423,0,47.3405287346,2.33189425308,48.6800431984
DY0043,0.183857328156,0,56.1031439689,1.02062879379,57.6695985996
DY0044,1.43957134061,0,63.6374280437,2.52748560874,63.2207954321
DY0045,-0.744926686362,0,50.5304398818,1.69391202363,52.3740294548
DY0046,0.0613353723816,0,55.3680122343,0.873602446858,54.3471346425
DY0047,0.0404376790673,0,55.2426260744,0.848525214881,55.7891829535
DY0048,1.02149284678,1,65.1289570807,2.52579141614,66.8330101949
DY0049,0.386182401313,0,57.3170944079,1.26341888158,55.8897690451
DY0050,1.87402157325,1,70.2441294395,3.5488258879,65.6398436812
DY0051,0.827014962875,0,59.9620897773,1.79241795545,60.9921548481
DY0052,1.86213284582,1,70.1727970749,3.53455941498,73.8781822971
DY0053,1.64054643787,1,68.8432786272,3.26865572545,69.7210920104
DY0054,1.04103423305,0,61.2462053983,2.04924107966,62.8302072267
DY0055,-0.686904310972,0,50.8785741342,1.62428517317,49.6980216773
DY0056,1.61563334841,0,64.6938000904,2.73876001809,68.1560743904
DY0057,0.782058035382,1,63.6923482123,2.23846964246,63.6300277523
DY0058,-0.22616467852,0,53.6430119289,1.07139761422,54.565507888
DY0059,-1.02695056348,0,48.8382966191,2.03234067618,47.5737554107
DY0060,0.501558299398,1,62.0093497964,1.90186995928,63.4409435359
DY0061,-0.695175380848,0,50.8289477149,1.63421045702,50.813071071
DY0062,-1.16923875041,1,51.9845674976,2.70308650049,55.1343765224
DY0063,-1.98773286183,0,43.073602829,3.18527943419,44.7456671878
DY0064,-1.67899440877,0,44.9260335474,2.81479329052,43.6891127786
DY0065,-1.05624885398,1,52.6625068761,2.56749862478,50.7581202449
DY0066,-1.69775169859,1,48.8134898084,3.33730203831,49.5396334058
DY0067,-1.98967921163,1,47.0619247302,3.68761505396,51.1546238193
DY0068,-0.422940016292,0,52.4623599022,1.30752801955,52.7809527225
DY0069,1.20030936443,0,62.2018561866,2.24037123732,60.7254130636
DY0070,1.59566165224,1,68.5739699134,3.21479398269,66.8555751998
DY0071,1.29011312968,1,66.7406787781,2.84813575561,67.3567449075
DY0072,-1.74749766741,0,44.5150139956,2.89699720089,48.498178992
DY0073,-1.66291661744,0,45.0225002954,2.79549994092,46.5751204112
DY0074,0.236270069544,0,56.4176204173,1.08352408345,55.5261245762
DY0075,0.00357332855563,1,59.0214399713,1.30428799427,59.0264172503
DY0076,1.81352044142,0,65.8811226485,2.9762245297,65.4308686778
DY0077,1.80228095273,0,65.8136857164,2.96273714327,61.0449607861
DY0078,1.23583692373,1,66.4150215424,2.78300430847,67.6452792962
DY0079,-0.282630095313,1,57.3042194281,1.63915611438,56.0051032808
DY0080,1.15710571585,0,61.9426342951,2.18852685902,62.0308555986
DY0081,0.206351338731,1,60.2381080324,1.54762160648,60.4946768595
DY0082,1.5029640635,1,68.017784381,3.1035568762,62.6233297378
DY0083,-1.52473137833,1,49.85161173,3.129677654,49.4125420329
DY0084,-0.0202608239734,0,54.8784350562,0.824312988768,55.0748481179
DY0085,-1.06174169146,0,48.6295498512,2.07409002975,51.017781323
DY0086,1.35277971237,0,63.1166782742,2.42333565485,64.8753716254
DY0087,1.62188541549,1,68.7313124929,3.24626249859,72.0292507845
DY0088,0.73797457855,1,63.4278474713,2.18556949426,61.8083687564
DY0089,-1.17834730002,0,47.9299161999,2.21401676002,47.3293819882
DY0090,1.92915592291,0,66.5749355375,3.1149871075,66.814742601
DY0091,-0.858609331952,1,53.8483440083,2.33033119834,52.4844776491
DY0092,-0.418384339433,1,56.4896939634,1.80206120732,55.142313576
DY0093,1.26888619363,0,62.6133171618,2.32266343235,62.4715898258
DY0094,1.72297505131,0,65.3378503079,2.86757006158,63.2008785418
DY0095,-1.70392999413,0,44.7764200352,2.84471599296,43.1076084354
DY0096,0.151964199099,1,59.9117851946,1.48235703892,61.7983551464
DY0097,-1.28252686357,1,51.3048388186,2.83903223628,50.5888589707
DY0098,0.634802417793,0,58.8088145068,1.56176290135,56.4449249234
DY0099,0.119021823674,0,55.714130942,0.942826188409,55.1299425926
DY0100,0.0620983489407,1,59.3725900936,1.37451801873,59.9482765692
DY0101,0.457674592109,0,57.7460475527,1.34920951053,56.8264596615
DY0102,0.358921093222,1,61.1535265593,1.73070531187,59.7088659122
DY0103,-0.901350530171,1,53.591896819,2.38162063621,58.617719513
DY0104,0.009522727945,1,59.0571363677,1.31142727353,60.4326397948
DY0105,-1.22717443923,0,47.6369533646,2.27260932707,44.5192047279
DY0106,-0.528984326805,1,55.8260940392,1.93478119217,55.7211519506
DY0107,0.719517708495,0,59.317106251,1.66342125019,58.4880694707
DY0108,-1.30669882956,0,47.1598070226,2.36803859548,46.813675313
DY0109,-0.303649751012,1,57.1781014939,1.66437970121,55.730521225
DY0110,0.429483310985,1,61.5768998659,1.81537997318,59.3266199006
DY0111,1.09533656573,0,61.5720193944,2.11440387888,60.4336388921
DY0112,-0.592628107944,1,55.4442313523,2.01115372953,56.0528869403
DY0113,-1.96672436319,1,47.1996538209,3.66006923582,44.3615845958
DY0114,-1.8771054138,0,43.7373675172,3.05252649656,39.1152186499
DY0115,0.0868098773326,0,55.520859264,0.904171852799,54.788617251
DY0116,-1.18411394017,0,47.895316359,2.2209367282,42.4756570563
DY0117,-1.001470382,1,52.991177708,2.50176445841,51.7205397136
DY0118,1.45214800513,0,63.7128880308,2.54257760616,65.3697984016
DY0119,-0.373194754768,0,52.7608314714,1.24783370572,52.2775896131
DY0120,-1.46976924086,1,50.1813845549,3.06372308903,49.7922969315
DY0121,0.762659807127,1,63.5759588428,2.21519176855,64.308474391
DY0122,-1.76059032836,1,48.4364580298,3.41270839404,47.2472073971
DY0123,-0.95751719575,0,49.2548968255,1.9490206349,50.1839119794
DY0124,0.905713722754,1,64.4342823365,2.3868564673,60.5887122433
DY0125,-0.26864505128,1,57.3881296923,1.62237406154,58.4270278765
DY0126,1.53596567493,0,64.2157940496,2.64315880991,64.3837708961
DY0127,-0.770382416704,0,50.3777054998,1.72445890005,53.6093696239
DY0128,1.58241725657,1,68.4945035394,3.19890070789,69.5430465252
DY0129,-1.71167615512,0,44.7299430693,2.85401138614,46.1233111402
DY0130,0.690696929368,1,63.1441815762,2.12883631524,63.5298249298
DY0131,0.979725237814,0,60.8783514269,1.97567028538,59.3092920189
DY0132,-0.465745491128,1,56.2055270532,1.85889458935,58.6482754319
DY0133,1.37225069715,0,63.2335041829,2.44670083659,65.5982972546
DY0134,1.89250652985,1,70.3550391791,3.57100783581,72.5950310421
DY0135,-1.14674295776,0,48.1195422534,2.17609154931,47.6129904842
DY0136,0.911687063198,0,60.4701223792,1.89402447584,63.2462707117
DY0137,0.604535787569,1,62.6272147254,2.02544294508,63.6226914242
DY0138,-1.26729489588,1,51.3962306247,2.82075387506,50.2543560164
DY0139,0.53980091734,0,58.238805504,1.44776110081,58.5877729539
DY0140,-0.278129420693,1,57.3312234758,1.63375530483,57.911591188
DY0141,1.61409582004,1,68.6845749202,3.23691498404,69.3404575336
DY0142,0.645833555068,1,62.8750013304,2.07500026608,60.7714920529
DY0143,-0.109330019016,0,54.3440198859,0.931196022819,54.3550305484
DY0144,-1.31423824825,0,47.1145705105,2.3770858979,48.3383280447
DY0145,0.593460297829,1,62.560761787,2.0121523574,63.1936061733
DY0146,-1.88521904672,0,43.6886857197,3.06226285606,45.0947235053
DY0147,-0.480027540045,1,56.1198347597,1.87603304805,59.1663652979
DY0148,1.63692732418,1,68.8215639451,3.26431278902,66.7582179743
DY0149,1.89705470949,1,70.3823282569,3.57646565139,71.0382962017
DY0150,0.534382771414,1,62.2062966285,1.9412593257,67.2140033204
DY0151,1.13318322986,0,61.7990993792,2.15981987583,66.6333447475
DY0152,-0.490009234945,0,52.0599445903,1.38801108193,51.4361617937
DY0153,0.59659514,0,58.57957084,1.515914168,58.5746603794
DY0154,0.896169075576,1,64.3770144535,2.37540289069,61.3782907689
DY0155,0.00960928983494,1,59.057655739,1.3115311478,57.3648453871
DY0156,-0.699037344693,0,50.8057759318,1.63884481363,49.0670587018
DY0157,-1.74168111677,1,48.5499132994,3.39001734012,45.9369354461
DY0158,0.36986744883,1,61.219204693,1.7438409386,62.1558182857
DY0159,1.8964676428,1,70.3788058568,3.57576117136,67.8689867828
DY0160,-1.06202951893,1,52.6278228864,2.57443542272,54.6857754498
DY0161,-1.79365544581,1,48.2380673252,3.45238653497,47.1552658138
DY0162,0.967121416347,1,64.8027284981,2.46054569962,63.1073829932
DY0163,-1.09244503391,0,48.4453297965,2.1109340407,50.6722409594
DY0164,-1.04460038338,1,52.7323976997,2.55352046005,53.3172467747
DY0165,0.663139848029,0,58.9788390882,1.59576781763,57.4395118378
DY0166,1.74653376272,0,65.4792025763,2.89584051526,61.8729815166
DY0167,-1.85224467642,1,47.8865319415,3.52269361171,50.3893573545
DY0168,-1.31461387571,0,47.1123167458,2.37753665085,47.8350734806
DY0169,0.518840390914,1,62.1130423455,1.9226084691,60.2248185725
DY0170,1.2082416573,0,62.2494499438,2.24988998876,62.2458911801
DY0171,1.65515862865,0,64.9309517719,2.78619035438,66.0577586538
DY0172,-0.533880750718,1,55.7967154957,1.94065690086,54.9326096373
DY0173,1.02193129602,0,61.1315877761,2.02631755523,60.3684474571
DY0174,1.22500837227,1,66.3500502336,2.77001004673,70.7089373903
DY0175,-0.539129960344,1,55.7652202379,1.94695595241,53.179982093
DY0176,0.599465068882,0,58.5967904133,1.51935808266,57.5317998112
DY0177,0.188221010847,0,56.1293260651,1.02586521302,57.1685263934
DY0178,1.49268272106,1,67.9560963264,3.09121926528,68.9976839817
DY0179,-0.91102798816,0,49.533832071,1.89323358579,47.3668884938
DY0180,-1.34705028021,0,46.9176983187,2.41646033625,47.6177966456
DY0181,0.536752761174,1,62.220516567,1.94410331341,61.6784464573
DY0182,-1.54280200273,0,45.7431879836,2.65136240328,46.9355558327
DY0183,-1.03815656702,1,52.7710605979,2.54578788042,53.6985557756
DY0184,1.50274180482,0,64.0164508289,2.60329016579,62.9212794161
DY0185,-0.285952000833,1,57.284287995,1.643142401,58.4032022448
DY0186,0.0815440469171,1,59.4892642815,1.3978528563,58.50290526
DY0187,-0.419163764891,1,56.4850174107,1.80299651787,59.8647171775
DY0188,1.84626670801,0,66.077600248,3.01552004961,69.8532271532
DY0189,1.29117118658,1,66.7470271195,2.8494054239,69.5878689522
DY0190,1.99275466818,0,66.9565280091,3.19130560181,67.8822800563
DY0191,-0.389899775369,0,52.6606013478,1.26787973044,52.5753950265
DY0192,-0.367374907733,1,56.7957505536,1.74084988928,60.0614938713
DY0193,-0.349509795295,0,52.9029412282,1.21941175435,51.7801354347
DY0194,-1.47393619414,0,46.1563828352,2.56872343296,42.4255232083
DY0195,-1.71328270606,1,48.7203037637,3.35593924727,54.2916188284
DY0196,-0.752783044446,0,50.4833017333,1.70333965333,52.0969040877
DY0197,-0.288119554864,1,57.2712826708,1.64574346584,57.537459911
DY0198,0.313914866935,1,60.8834892016,1.67669784032,58.8992059024
DY0199,0.131639304456,1,59.7898358267,1.45796716535,58.3570137315
DY0200,0.391472384154,0,57.3488343049,1.26976686098,56.0572985769
DY0201,-0.475138005969,0,52.1491719642,1.37016560716,52.5514390245
DY0202,-1.68388094103,0,44.8967143538,2.82065712924,46.9042522416
DY0203,-1.70673763282,0,44.7595742031,2.84808515939,47.6764030456
DY0204,1.71463044108,0,65.2877826465,2.8575565293,63.5072703762
DY0205,0.976593299617,0,60.8595597977,1.97191195954,59.9344784733
DY0206,-0.975597475416,1,53.1464151475,2.4707169705,48.2477677874
DY0207,-1.69738892322,1,48.8156664607,3.33686670787,50.3916587289
DY0208,-0.624583819239,0,51.2524970846,1.54950058309,49.6640886369
DY0209,-0.925916252973,1,53.4445024822,2.41109950357,52.4075445469
DY0210,-0.682811370207,0,50.9031317788,1.61937364425,49.0377885453
DY0211,1.55182178271,0,64.3109306963,2.66218613926,63.0165373412
DY0212,-0.608277230216,0,51.3503366187,1.52993267626,52.4884988491
DY0213,0.316472377139,1,60.8988342628,1.67976685257,60.892912037
DY0214,1.30731848964,1,66.8439109379,2.86878218757,71.101707275
DY0215,1.92664571817,0,66.559874309,3.1119748618,67.7151424194
DY0216,0.786425164262,1,63.7185509856,2.24371019711,64.0605358235
DY0217,-1.81146260068,0,44.1312243959,2.97375512081,43.2056928017
DY0218,0.639180161613,0,58.8350809697,1.56701619394,61.2411948811
DY0219,1.44980636879,1,67.6988382127,3.03976764254,70.228801091
DY0220,-1.88687676941,0,43.6787393835,3.0642521233,40.6719048808
DY0221,1.29600974095,0,62.7760584457,2.35521168914,67.4015362239
DY0222,1.67472540938,1,69.0483524563,3.30967049125,62.7979154499
DY0223,-0.837624858222,1,53.9742508507,2.30514982987,59.7866496464
DY0224,0.476566123976,1,61.8593967439,1.87187934877,65.5272635927
DY0225,1.71444035593,1,69.2866421356,3.35732842711,68.5901973501
DY0226,0.629907194469,1,62.7794431668,2.05588863336,63.9386640567
DY0227,0.430722925075,1,61.5843375505,1.81686751009,62.6549721684
DY0228,-0.887417876764,0,49.6754927394,1.86490145212,48.8071664356
DY0229,-0.945778982281,1,53.3253261063,2.43493477874,56.9116259859
DY0230,1.66214701377,1,68.9728820826,3.29457641653,69.7965941328
DY0231,-0.742782265322,0,50.5433064081,1.69133871839,49.1831346923
DY0232,0.212984585513,0,56.2779075131,1.05558150262,55.3932207271
DY0233,1.22668673351,0,62.360120401,2.27202408021,61.7575922612
DY0234,0.879533259416,1,64.2771995565,2.3554399113,62.3915068733
DY0235,1.49134736364,1,67.9480841818,3.08961683636,68.5791899185
DY0236,-1.35542820238,0,46.8674307857,2.42651384285,52.612681056
DY0237,-0.796468537945,0,50.2211887723,1.75576224553,50.070101065
DY0238,-1.87240614975,1,47.7655631015,3.5468873797,49.9303642879
DY0239,-1.47840567272,0,46.1295659637,2.57408680726,45.8832009143
DY0240,-1.50034980108,1,49.9979011935,3.1004197613,49.4528449042
DY0241,-1.8157369215,1,48.105578471,3.4788843058,55.0615402057
DY0242,0.807291777166,0,59.843750663,1.7687501326,63.0263229774
DY0243,1.33338321014,1,67.0002992608,2.90005985217,71.1052395459
DY0244,0.614747134476,1,62.6884828069,2.03769656137,60.3697279196
DY0245,-1.01691674857,1,52.8984995086,2.52030009828,50.1295744652
DY0246,-0.837620831949,0,49.9742750083,1.80514499834,50.6185522682
DY0247,-1.03980563318,0,48.7611662009,2.04776675982,47.0677678457
DY0248,1.3357445064,0,63.0144670384,2.40289340768,62.25323608
DY0249,1.08825647721,1,65.5295388632,2.60590777265,64.1167773892
DY0250,-0.0460905179768,0,54.7234568921,0.855308621572,55.088780329
DY0251,1.2921350027,1,66.7528100162,2.85056200324,66.8106537337
DY0252,0.30605180402,1,60.8363108241,1.66726216482,56.3112091497
DY0253,-0.427002628138,1,56.4379842312,1.81240315377,56.4636001512
DY0254,1.19398676868,1,66.1639206121,2.73278412241,69.1464624586
DY0255,0.537251839829,0,58.223511039,1.44470220779,58.2728246965
DY0256,-1.43056186372,1,50.4166288177,3.01667423646,50.7804229432
DY0257,-1.35554864138,0,46.8667081517,2.42665836965,45.4287410002
DY0258,0.782525865072,0,59.6951551904,1.73903103809,59.4437310377
DY0259,-0.672672978665,1,54.963962128,2.1072075744,55.9358375211
DY0260,-0.803266260601,1,54.1804024364,2.26391951272,54.4983954373
DY0261,-1.01453723888,1,52.9127765667,2.51744468666,55.2045466697
DY0262,-1.3816347306,0,46.7101916164,2.45796167672,48.2488522855
DY0263,-1.58701340546,1,49.4779195672,3.20441608655,52.274303475
DY0264,-0.697792693224,1,54.8132438407,2.13735123187,56.2975092004
DY0265,-1.25449312466,0,47.473041252,2.3053917496,48.5096592743
DY0266,-1.24179051022,1,51.5492569387,2.79014861226,53.38929393
DY0267,-1.23098945252,0,47.6140632849,2.27718734302,51.190231951
DY0268,-1.59126923976,1,49.4523845615,3.20952308771,50.6124446013
DY0269,-0.029741206859,0,54.8215527588,0.835689448231,53.4800434827
DY0270,-0.594754431337,1,55.431473412,2.0137053176,56.8133856842
DY0271,0.591122457906,1,62.5467347474,2.00934694949,62.6285766566
DY0272,-0.839345164454,0,49.9639290133,1.80721419734,49.4768580279
DY0273,0.970449161595,0,60.8226949696,1.96453899391,59.0558808498
DY0274,1.18712721035,1,66.1227632621,2.72455265242,68.5679599618
DY0275,0.512077461982,1,62.0724647719,1.91449295438,58.0865997192
DY0276,0.969768051844,0,60.8186083111,1.96372166221,62.3296936283
DY0277,1.10673901683,1,65.640434101,2.6280868202,69.3419483474
DY0278,0.427196205699,1,61.5631772342,1.81263544684,63.8707074647
DY0279,1.14037330633,0,61.842239838,2.1684479676,61.4581461145
DY0280,-0.723513026959,1,54.6589218382,2.16821563235,55.9120677089
DY0281,1.13220849136,0,61.7932509482,2.15865018964,58.2449863331
DY0282,-1.49138359827,1,50.0516984104,3.08966031792,46.4098991681
DY0283,-0.145464593886,1,58.1272124367,1.47455751266,57.0237102048
DY0284,1.32993681291,1,66.9796208774,2.89592417549,69.9952419656
DY0285,0.922923978077,1,64.5375438685,2.40750877369,68.5308458876
DY0286,-0.363312416547,1,56.8201255007,1.73597489986,57.2903522433
DY0287,1.72782012977,1,69.3669207786,3.37338415572,66.1547217858
DY0288,0.556178764291,1,62.3370725857,1.96741451715,62.6154966272
DY0289,1.30597422391,0,62.8358453435,2.36716906869,63.5091107161
DY0290,1.55291544967,0,64.317492698,2.66349853961,67.828315611
DY0291,0.415881782693,1,61.4952906962,1.79905813923,60.905627182
DY0292,1.67781624378,0,65.0668974627,2.81337949253,66.0510498164
DY0293,0.813048320469,1,63.8782899228,2.27565798456,63.8078383304
DY0294,-1.48188968815,1,50.1086618711,3.07826762579,53.9571493548
DY0295,-1.94161906896,0,43.3502855862,3.12994288275,46.3859698497
DY0296,0.391788689856,0,57.3507321391,1.27014642783,55.0395154128
DY0297,0.25818912357,0,56.5491347414,1.10982694828,56.9246704268
DY0298,-1.76392490238,1,48.4164505857,3.41670988286,50.9781777131
DY0299,-1.00108934863,1,52.9934639082,2.50130721835,47.1707377871
DY0300,0.157015826749,0,55.9420949605,0.988418992099,54.8323429623
DY0301,0.454672357294,1,61.7280341438,1.84560682875,60.7602280842
DY0302,-1.15177992547,1,52.0893204472,2.68213591056,54.5439100445
DY0303,-0.316428303584,0,53.1014301785,1.1797139643,52.494367564
DY0304,-1.32301038213,0,47.0619377072,2.38761245856,47.3242452073
DY0305,0.255897701286,1,60.5353862077,1.60707724154,59.7226422347
DY0306,-0.973030834012,1,53.1618149959,2.46763700081,52.2082773663
DY0307,1.51734107613,0,64.1040464568,2.62080929135,63.4638798653
DY0308,0.233335893128,0,56.4000153588,1.08000307175,54.25084416
DY0309,-1.40125941409,1,50.5924435154,2.98151129691,49.0556654976
DY0310,0.0724751635472,0,55.4348509813,0.886970196257,55.4419947585
DY0311,-1.00865565268,0,48.9480660839,2.01038678322,48.2548612534
DY0312,-1.05071849151,0,48.6956890509,2.06086218981,50.9273179682
DY0313,0.108583384443,1,59.6515003067,1.43030006133,60.6732171899
DY0314,-0.699677306912,0,50.8019361585,1.63961276829,50.9667875445
DY0315,-0.887577709199,1,53.6745337448,2.36509325104,55.9910395749
DY0316,-1.81552944455,0,44.1068233327,2.97863533346,45.1500977119
DY0317,0.722351930973,0,59.3341115858,1.66682231717,58.4765197656
DY0318,1.82469507439,0,65.9481704463,2.98963408927,66.984101513
DY0319,0.272916995866,1,60.6375019752,1.62750039504,61.6020551893
DY0320,1.00134979481,1,65.0080987688,2.50161975377,63.0974683842
DY0321,0.788414631294,0,59.7304877878,1.74609755755,58.4292179525
DY0322,-1.70712639557,1,48.7572416266,3.34855167469,49.1055642335
DY0323,-0.33672700396,0,52.9796379762,1.20407240475,54.5822835778
DY0324,1.77054617891,0,65.6232770735,2.92465541469,68.8156847298
DY0325,0.581487214203,0,58.4889232852,1.49778465704,60.4871811593
DY0326,0.339310878208,1,61.0358652692,1.70717305385,61.1318285421
DY0327,-0.544378102839,1,55.733731383,1.95325372341,56.2453040026
DY0328,0.653032303131,1,62.9181938188,2.08363876376,63.7341148403
DY0329,0.0348769284956,1,59.209261571,1.34185231419,58.2105082145
DY0330,0.889193949534,0,60.3351636972,1.86703273944,59.0742874615
DY0331,-1.07567809522,1,52.5459314287,2.59081371427,49.8837895072
DY0332,1.20982167795,0,62.2589300677,2.25178601354,61.5726362257
DY0333,-1.47002208972,1,50.1798674617,3.06402650767,48.826107974
DY0334,-0.115644080099,0,54.3061355194,0.938772896118,55.0856110249
DY0335,0.305674008056,1,60.8340440483,1.66680880967,59.1686249752
DY0336,1.04683495708,0,61.2810097425,2.0562019485,65.6439273836
DY0337,-0.331623658008,1,57.0102580519,1.69794838961,56.7341299689
DY0338,0.136379457986,0,55.8182767479,0.963655349583,54.598943598
DY0339,-0.77546070839,0,50.3472357497,1.73055285007,45.7143447668
DY0340,-0.33415086659,1,56.9950948005,1.70098103991,59.8806714527
DY0341,1.6234436269,0,64.7406617614,2.74813235228,62.9083047194
DY0342,1.08554275516,0,61.513256531,2.10265130619,59.483312129
DY0343,1.72415716079,0,65.3449429647,2.86898859294,63.3599431446
DY0344,0.0684603571475,1,59.4107621429,1.38215242858,60.5169917304
DY0345,-1.70081349509,0,44.7951190294,2.84097619411,44.6181426965
DY0346,1.95611464148,1,70.7366878489,3.64733756978,71.3430567601
DY0347,-0.57685398665,1,55.5388760801,1.99222478398,55.5043517741
DY0348,1.21134055045,1,66.2680433027,2.75360866054,64.6038401555
DY0349,1.22662979692,1,66.3597787815,2.77195575631,67.0952243006
DY0350,-1.62187544876,1,49.2687473074,3.24625053851,46.7450085203
DY0351,-1.33516146795,1,50.9890311923,2.90219376154,52.1046411159
DY0352,-0.135468855447,1,58.1871868673,1.46256262654,58.8020555452
DY0353,-0.537853190919,0,51.7728808545,1.4454238291,49.7826571174
DY0354,-0.162148714081,1,58.0271077155,1.4945784569,57.5075941824
DY0355,1.9444172444,0,66.6665034664,3.13330069328,61.7860111218
DY0356,-0.965194029408,1,53.2088358236,2.45823283529,62.2091527281
DY0357,0.994440019406,0,60.9666401164,1.99332802329,60.2816722484
DY0358,-1.54745956935,0,45.7152425839,2.65695148321,46.5536217558
DY0359,1.72779726123,0,65.3667835674,2.87335671348,62.7131944937
DY0360,-1.68023047778,0,44.9186171333,2.81627657333,40.6108888516
DY0361,-1.71174009255,0,44.7295594447,2.85408811106,46.3897941836
DY0362,0.73617027025,1,63.4170216215,2.1834043243,62.4258720019
DY0363,0.206479115018,1,60.2388746901,1.54777493802,60.7295003639
DY0364,-0.915580237782,1,53.5065185733,2.39869628534,59.6563250166
DY0365,0.240422238202,1,60.4425334292,1.58850668584,59.3511381214
DY0366,-0.439387648744,0,52.3636741075,1.32726517849,54.4944539191
DY0367,1.26116127849,1,66.566967671,2.81339353419,65.3442052628
DY0368,-1.63851264231,1,49.1689241461,3.26621517077,50.1623607067
DY0369,1.47601885499,1,67.85611313,3.07122262599,63.9084785008
DY0370,-1.84638154962,0,43.9217107023,3.01565785954,45.3377729273
DY0371,-1.79901738247,1,48.2058957052,3.45882085896,45.6666487109
DY0372,-1.91893974264,1,47.4863615442,3.60272769116,44.0586018417
DY0373,-0.314954684276,1,57.1102718943,1.67794562113,58.3915499717
DY0374,-1.60936045007,1,49.3438372996,3.23123254008,50.2651748568
DY0375,1.42635196335,0,63.5581117801,2.51162235602,65.4091641259
DY0376,-1.6563443908,0,45.0619336552,2.78761326895,41.7087855918
DY0377,-0.579427167468,1,55.5234369952,1.99531260096,49.3699215488
DY0378,-0.533504325987,1,55.7989740441,1.94020519118,59.17251993
DY0379,0.906230055144,1,64.4373803309,2.38747606617,65.6948852957
DY0380,-0.4463174551,0,52.3220952694,1.33558094612,50.430107095
DY0381,1.45377800304,1,67.7226680182,3.04453360365,75.0641665949
DY0382,0.585405523099,1,62.5124331386,2.00248662772,61.7118687541
DY0383,-1.83874292554,1,47.9675424468,3.50649151065,51.7408703023
DY0384,0.526077560519,0,58.1564653631,1.43129307262,55.8886112039
DY0385,-1.48135945486,0,46.1118432708,2.57763134583,43.3999110754
DY0386,0.817650509778,0,59.9059030587,1.78118061173,58.8735719675
DY0387,0.407867352232,1,61.4472041134,1.78944082268,58.9033937134
DY0388,-1.6587219111,0,45.0476685334,2.79046629331,46.8640639754
DY0389,0.129118459503,1,59.774710757,1.4549421514,60.0125993238
DY0390,-0.776360235838,0,50.341838585,1.73163228301,51.1723856829
DY0391,0.360682859886,0,57.1640971593,1.23281943186,57.2414145624
DY0392,-1.2550469074,1,51.4697185556,2.80605628888,48.2162624208
DY0393,-1.25092037299,0,47.4944777621,2.30110444758,48.2408039597
DY0394,-1.79581956617,1,48.225082603,3.4549834794,50.9928670457
DY0395,-1.5874891068,1,49.4750653592,3.20498692816,45.9800320392
DY0396,0.118086323592,0,55.7085179416,0.94170358831,55.62216977
DY0397,1.01731125526,0,61.1038675316,2.02077350631,65.6028392135
DY0398,-1.59583523489,0,45.4249885907,2.71500228187,42.7449990748
DY0399,-1.04796146101,1,52.7122312339,2.55755375322,51.9426844779
DY0400,-1.24039153112,1,51.5576508133,2.78846983734,51.2367802552
DY0401,1.0594667896,1,65.3568007376,2.57136014753,64.7830520879
DY0402,1.23985438587,1,66.4391263152,2.78782526305,64.3204258369
DY0403,-1.78169718152,1,48.3098169109,3.43803661782,52.5524802059
DY0404,1.70336030047,0,65.2201618028,2.84403236056,63.9673002163
DY0405,-1.55165476724,1,49.6900713965,3.16198572069,52.936818024
DY0406,-0.800815878486,1,54.1951047291,2.26097905418,56.8044337686
DY0407,-0.513240544562,1,55.9205567326,1.91588865347,55.9848833726
DY0408,-1.32694523164,0,47.0383286101,2.39233427797,45.1608423927
DY0409,-1.62758810824,0,45.2344713506,2.75310572988,46.0963891545
DY0410,-1.25144415586,1,51.4913350649,2.80173298703,53.0933062347
DY0411,0.701510159896,0,59.2090609594,1.64181219187,59.8177094751
DY0412,0.819575642699,0,59.9174538562,1.78349077124,57.4664940899
DY0413,0.319391777658,0,56.9163506659,1.18327013319,54.4838663016
DY0414,0.813143798475,0,59.8788627908,1.77577255817,57.6931168143
DY0415,-0.682002708224,0,50.9079837507,1.61840324987,51.8198479639
DY0416,-0.684136815689,1,54.8951791059,2.12096417883,55.6350539112
DY0417,-1.95499706806,0,43.2700175916,3.14599648168,46.1777924724
DY0418,-1.2850045278,1,51.2899728332,2.84200543336,49.0891302467
DY0419,-0.429765216949,0,52.4214086983,1.31571826034,54.8834949985
DY0420,0.137786812462,0,55.8267208748,0.965344174955,58.0358568138
DY0421,-1.4720005284,0,46.1679968296,2.56640063408,48.1827970372
DY0422,0.0718487076533,0,55.4310922459,0.886218449184,55.6032232109
DY0423,1.27102384649,1,66.6261430789,2.82522861578,66.1061627368
DY0424,-1.29936881326,0,47.2037871204,2.35924257591,55.2341129483
DY0425,0.482938276404,1,61.8976296584,1.87952593168,64.9438135737
DY0426,1.90663493247,1,70.4398095948,3.58796191896,75.0941242951
DY0427,0.363701061246,0,57.1822063675,1.23644127349,55.9931974046
DY0428,0.341371390908,1,61.0482283455,1.70964566909,64.1092173121
DY0429,-1.45780855613,1,50.2531486632,3.04937026736,46.2880082532
DY0430,0.191851120124,0,56.1511067207,1.03022134415,54.4484735166
DY0431,-0.288886222179,1,57.2666826669,1.64666346661,54.7346288848
DY0432,0.568707783024,1,62.4122466981,1.98244933963,60.6067391764
DY0433,0.560531617487,0,58.3631897049,1.47263794098,58.9029485741
DY0434,-1.73422686305,0,44.5946388217,2.88107223567,43.6080810329
DY0435,-1.68955433396,1,48.8626739962,3.32746520075,51.3823230514
DY0436,0.804207160525,1,63.8252429631,2.26504859263,66.8181900739
DY0437,-0.405946788674,1,56.564319268,1.78713614641,58.7358371268
DY0438,-0.988555260083,1,53.0686684395,2.4862663121,53.8757292294
DY0439,1.96155087505,0,66.7693052503,3.15386105006,69.8493475166
DY0440,-1.07010749798,0,48.5793550121,2.08412899757,45.9850369753
DY0441,-1.31386525792,0,47.1168084525,2.3766383095,49.4938592198
DY0442,0.402702537917,0,57.4162152275,1.2832430455,55.4673714681
DY0443,0.623069820673,1,62.738418924,2.04768378481,61.3682952275
DY0444,1.04613632784,0,61.276817967,2.05536359341,62.7521944146
DY0445,-0.575298200667,1,55.548210796,1.9903578408,52.9895942278
DY0446,-0.296248779901,0,53.2225073206,1.15549853588,51.8998413603
DY0447,-0.172245331424,0,53.9665280115,1.00669439771,52.8860315862
DY0448,1.14778228529,1,65.8866937118,2.67733874235,65.5962872601
DY0449,-0.806554828943,0,50.1606710263,1.76786579473,51.7312331033
DY0450,0.342927725264,1,61.0575663516,1.71151327032,62.3157982046
DY0451,-1.65315921149,0,45.081044731,2.78379105379,39.0756393805
DY0452,0.670035468058,1,63.0202128083,2.10404256167,61.3486038215
DY0453,-1.88353293137,0,43.6988024118,3.06023951764,42.4710136526
DY0454,0.614866873524,1,62.6892012411,2.03784024823,65.4778194807
DY0455,1.07827668143,0,61.4696600886,2.09393201772,62.9506976095
DY0456,1.27066828297,0,62.6240096978,2.32480193956,62.8686249494
DY0457,0.0691306660709,0,55.4147839964,0.882956799285,55.6813057067
DY0458,-1.90135829703,0,43.5918502178,3.08162995644,47.6463709845
DY0459,-0.728766686795,1,54.6273998792,2.17452002415,58.5141185145
DY0460,-1.073682805,1,52.55790317,2.588419366,52.8878002342
DY0461,-0.698524365877,0,50.8088538047,1.63822923905,48.9011833655
DY0462,1.16997166064,1,66.0198299638,2.70396599276,66.2770731745
DY0463,-0.403369369918,0,52.5797837805,1.2840432439,51.6088873342
DY0464,-0.974181044149,1,53.1549137351,2.46901725298,52.1038053898
DY0465,-1.20914792153,1,51.7451124708,2.75097750583,51.1962378366
DY0466,-1.29012286676,0,47.2592627994,2.34814744011,47.0440223416
DY0467,1.63464347841,0,64.8078608704,2.76157217409,63.3130997453
DY0468,-0.931044888109,0,49.4137306713,1.91725386573,53.6934676759
DY0469,-0.18783400061,1,57.8729959963,1.52540080073,57.8959449636
DY0470,0.853456667051,1,64.1207400023,2.32414800046,62.003426152
DY0471,-1.77717503021,0,44.3369498188,2.93261003625,42.940962384
DY0472,-0.723039669457,0,50.6617619833,1.66764760335,53.9313052831
DY0473,1.99965252382,1,70.9979151429,3.69958302858,60.4193908124
DY0474,-0.660596758097,0,51.0364194514,1.59271610972,53.7221073794
DY0475,-1.05769367281,0,48.6538379631,2.06923240737,47.6289517499
DY0476,1.03214316419,1,65.1928589851,2.53857179703,63.1762672456
DY0477,1.56704887288,0,64.4022932373,2.68045864745,62.5259776365
DY0478,0.316032230566,0,56.8961933834,1.17923867668,56.3463179787
DY0479,-0.39765274793,0,52.6140835124,1.27718329752,51.7343911722
DY0480,1.15738881291,0,61.9443328774,2.18886657549,60.4884621921
DY0481,-1.81091977538,1,48.1344813477,3.47310373046,50.7796034804
DY0482,-0.89235018174,0,49.6458989096,1.87082021809,50.100207067
DY0483,1.15659303273,1,65.9395581964,2.68791163928,63.7397894361
DY0484,1.17338602298,0,62.0403161379,2.20806322758,59.5408403958
DY0485,-0.484719911427,1,56.0916805314,1.88166389371,57.1945747874
DY0486,1.97423332614,1,70.8453999568,3.66907999137,77.6389598773
DY0487,1.58702324363,1,68.5221394618,3.20442789236,71.547755731
DY0488,-0.183223323862,1,57.9006600568,1.51986798863,59.3730670475
DY0489,-0.147430093293,0,54.1154194402,0.976916111952,54.274125275
DY0490,-0.129685352455,0,54.2218878853,0.955622422946,51.3275010362
DY0491,0.811987523761,0,59.8719251426,1.77438502851,59.6492750754
DY0492,0.394970446616,1,61.3698226797,1.77396453594,61.5681651549
DY0493,0.547887448383,0,58.2873246903,1.45746493806,59.9636408833
DY0494,0.282553055897,0,56.6953183354,1.13906366708,56.3216722701
DY0495,1.57217446877,0,64.4330468126,2.68660936253,68.5687912635
DY0496,1.13831054703,1,65.8298632822,2.66597265644,68.5518736083
DY0497,-1.16033488964,1,52.0379906622,2.69240186757,50.91641831
DY0498,1.19989471012,1,66.1993682607,2.73987365215,68.9924601077
DY0499,0.54368161797,1,62.2620897078,1.95241794156,61.5337625625
DY0500,-1.27649377267,0,47.341037364,2.3317925272,48.5638720061
DY0501,-0.980574150409,1,53.1165550975,2.47668898049,53.191454691
DY0502,0.258945016324,0,56.5536700979,1.11073401959,55.8062691296
DY0503,-0.847853737935,0,49.9128775724,1.81742448552,50.0359256005
DY0504,-0.53402941635,0,51.7958235019,1.44083529962,50.4776362997
DY0505,1.26000756234,0,62.5600453741,2.31200907481,62.2918753895
DY0506,-0.594119427283,1,55.4352834363,2.01294331274,59.8418564277
DY0507,-1.14755445384,1,52.1146732769,2.67706534461,55.3419258752
DY0508,1.64474634787,0,64.8684780872,2.77369561744,64.4939720291
DY0509,1.8776809727,0,66.2660858362,3.05321716724,68.8696989084
DY0510,1.43316599328,0,63.5989959597,2.51979919194,61.4525330664
DY0511,0.740930195571,1,63.4455811734,2.18911623469,60.5601455169
DY0512,-1.88783750452,1,47.6729749729,3.56540500542,49.6103981303
DY0513,-1.56151888128,1,49.6308867123,3.17382265753,50.6394446607
DY0514,-0.167077989134,0,53.9975320652,1.00049358696,56.3253526452
DY0515,-0.498973473554,1,56.0061591587,1.89876816826,56.3747979736
DY0516,1.4898402603,0,63.9390415618,2.58780831236,61.2143470536
DY0517,0.476852951214,0,57.8611177073,1.37222354146,59.0825666476
DY0518,1.93268863604,0,66.5961318163,3.11922636325,68.568464541
DY0519,0.367266332881,1,61.2035979973,1.74071959946,60.1327056594
DY0520,-1.91824738283,1,47.490515703,3.6018968594,47.9501521947
DY0521,-1.94518198961,0,43.3289080623,3.13421838754,41.8292554655
DY0522,1.22636748457,0,62.3582049074,2.27164098148,61.0201581155
DY0523,1.77576664151,1,69.6545998491,3.43091996981,70.6812660777
DY0524,0.13400293109,1,59.8040175865,1.46080351731,60.306538767
DY0525,-0.855651204201,1,53.8660927748,2.32678144504,54.9924210025
DY0526,-0.33599361589,1,56.9840383047,1.70319233907,60.6205173434
DY0527,1.42644490703,0,63.5586694422,2.51173388843,62.7900166104
DY0528,-1.01316503025,0,48.9210098185,2.0157980363,49.7862572629
DY0529,-1.38656744207,0,46.6805953476,2.46388093048,45.3711069799
DY0530,0.884558428779,0,60.3073505727,1.86147011453,61.5813394079
DY0531,0.134806453841,1,59.808838723,1.46176774461,60.8726057574
DY0532,0.958229824067,1,64.7493789444,2.44987578888,65.386888489
DY0533,-1.46915071383,0,46.185095717,2.5629808566,48.6343317916
DY0534,-1.23069942757,0,47.6158034346,2.27683931309,48.8801351111
DY0535,-0.431143376935,0,52.4131397384,1.31737205232,52.5469550419
DY0536,1.61204041698,1,68.6722425019,3.23444850037,61.8743012771
DY0537,-0.243225873915,1,57.5406447565,1.5918710487,56.6219508138
DY0538,-1.53370861358,1,49.7977483185,3.1404503363,45.2379504623
DY0539,0.670680667902,0,59.0240840074,1.60481680148,55.9865438153
DY0540,0.728110449781,1,63.3686626987,2.17373253974,62.5687298927
DY0541,0.695442775667,1,63.172656654,2.1345313308,62.0239777469
DY0542,-0.310722912877,0,53.1356625227,1.17286749545,53.6702253158
DY0543,1.26966656189,0,62.6179993713,2.32359987427,67.818506172
DY0544,-0.686987672772,0,50.8780739634,1.62438520733,52.3516149252
DY0545,-0.842245738391,0,49.9465255697,1.81069488607,49.8982256154
DY0546,0.684017678222,1,63.1041060693,2.12082121387,63.3831477422
DY0547,1.1336435152,0,61.8018610912,2.16037221824,61.3636679781
DY0548,-1.51092743405,0,45.9344353957,2.61311292086,48.1024392925
DY0549,-0.64642085053,1,55.1214748968,2.07570502064,56.9455677711
DY0550,1.74258054995,0,65.4554832997,2.89109665993,67.9736378409
DY0551,-0.0321562936434,1,58.8070622381,1.33858755237,58.74927813
DY0552,0.922544920642,0,60.5352695239,1.90705390477,60.0973186789
DY0553,0.727874577678,1,63.3672474661,2.17344949321,64.7725332733
DY0554,0.691435141644,1,63.1486108499,2.12972216997,62.4838686431
DY0555,-0.0864433706917,0,54.4813397758,0.90373204483,53.3229963833
DY0556,-0.000420189257072,0,54.9974788645,0.800504227108,54.6564639537
DY0557,0.751484930637,0,59.5089095838,1.70178191676,58.8387349604
DY0558,1.7609631497,0,65.5657788982,2.91315577964,64.7830469597
DY0559,0.953298251747,0,60.7197895105,1.9439579021,61.3313051229
DY0560,1.24880366538,0,62.4928219923,2.29856439846,65.6508236945
DY0561,-0.118561836601,1,58.2886289804,1.44227420392,54.9528257618
DY0562,0.0553498641249,1,59.3320991847,1.36641983695,59.0322340972
DY0563,-0.400517386371,0,52.5968956818,1.28062086364,52.9077748396
DY0564,1.8134779393,0,65.8808676358,2.97617352716,66.3202539352
DY0565,0.0844547341275,0,55.5067284048,0.901345680953,54.6723063234
DY0566,1.851494392,0,66.108966352,3.0217932704,64.0948892426
DY0567,-1.50802391528,0,45.9518565083,2.60962869834,47.4940890776
DY0568,-0.944077651887,0,49.3355340887,1.93289318226,47.7874912514
DY0569,0.0488652309614,0,55.2931913858,0.858638277154,55.8088765859
DY0570,-1.81947196336,1,48.0831682198,3.48336635603,46.1561414689
DY0571,-0.451833178882,1,56.2890009267,1.84219981466,56.6782158161
DY0572,-1.42650110586,0,46.4409933648,2.51180132703,47.9571900516
DY0573,-0.412471422998,0,52.525171462,1.2949657076,53.1402427691
DY0574,-0.433450127398,0,52.3992992356,1.32014015288,51.3097353507
DY0575,0.413748447524,0,57.4824906851,1.29649813703,56.0805479777
DY0576,0.021034410128,0,55.1262064608,0.825241292154,55.405177213
DY0577,0.19498305692,0,56.1698983415,1.0339796683,55.9189509312
DY0578,1.62843447071,1,68.7706068243,3.25412136485,69.4601248997
DY0579,-0.486320822577,1,56.0820750645,1.88358498709,57.329909359
DY0580,-0.434488654737,1,56.3930680716,1.82138638568,57.3038178919
DY0581,-1.8641533212,0,43.8150800728,3.03698398544,45.5194316763
DY0582,0.697456532679,0,59.1847391961,1.63694783921,62.5890456212
DY0583,-1.00677299518,1,52.9593620289,2.50812759421,55.9038574585
DY0584,-0.646838558143,0,51.1189686511,1.57620626977,50.7944473961
DY0585,0.306873643431,0,56.8412418606,1.16824837212,57.67578609
DY0586,-0.403312885348,1,56.5801226879,1.78397546242,55.2361429894
DY0587,-0.84993312217,1,53.900401267,2.3199197466,54.7328272178
DY0588,1.12442653915,0,61.7465592349,2.14931184697,59.232221303
DY0589,0.749185761387,0,59.4951145683,1.69902291366,60.3225584262
DY0590,-1.24013829302,0,47.5591702419,2.28816595163,44.8051559104
DY0591,-1.13065406288,1,52.2160756227,2.65678487546,52.3986451579
DY0592,-0.494673005101,1,56.0319619694,1.89360760612,55.1447685596
DY0593,-1.19369787674,1,51.8378127396,2.73243745208,54.5525072602
DY0594,-0.829862547541,0,50.0208247148,1.79583505705,49.473929293
DY0595,-1.38697856836,0,46.6781285898,2.46437428203,45.8876549915
DY0596,-0.238143898636,1,57.5711366082,1.58577267836,59.2233773295
DY0597,1.5807490802,1,68.4844944812,3.19689889624,69.1685328243
DY0598,1.28331689266,0,62.6999013559,2.33998027119,65.1601792063
DY0599,-1.67587263718,0,44.9447641769,2.81104716462,46.3619485537
DY0600,-0.648544628079,1,55.1087322315,2.07825355369,55.8247765077
DY0601,1.18900901736,0,62.1340541041,2.22681082083,61.9192547688
DY0602,1.66394289232,0,64.9836573539,2.79673147079,63.7824882693
DY0603,0.870062796856,1,64.2203767811,2.34407535623,64.5665958425
DY0604,-1.4609745227,1,50.2341528638,3.05316942724,51.15261456
DY0605,-1.75031281945,1,48.4981230833,3.40037538334,45.9876797154
DY0606,0.0609837183522,1,59.3659023101,1.37318046202,61.6926172634
DY0607,-0.93503302445,0,49.3898018533,1.92203962934,49.9833273404
DY0608,-0.019462003512,0,54.8832279789,0.823354404214,53.3765884501
DY0609,1.32997310974,0,62.9798386584,2.39596773169,63.3923984498
DY0610,0.648108338354,1,62.8886500301,2.07773000602,62.9386328985
DY0611,1.18782502967,1,66.126950178,2.72539003561,66.8157748372
DY0612,1.93384640866,1,70.603078452,3.62061569039,64.5895519868
DY0613,-0.197047319913,0,53.8177160805,1.0364567839,52.9660407507
DY0614,1.35414524018,0,63.1248714411,2.42497428822,62.6005224013
DY0615,0.551451564819,1,62.3087093889,1.96174187778,61.2861160649
DY0616,-1.07135010046,1,52.5718993972,2.58562012055,57.1580968393
DY0617,-0.915045808832,0,49.509725147,1.8980549706,47.5036107126
DY0618,0.0938707031121,0,55.5632242187,0.912644843734,56.1654230183
DY0619,1.87498141656,0,66.2498884994,3.04997769988,64.4716875703
DY0620,0.743385698623,0,59.4603141917,1.69206283835,56.9470953094
DY0621,-1.7711607083,1,48.3730357502,3.42539284996,51.3294079558
DY0622,-0.659238367119,1,55.0445697973,2.09108604054,52.0158217506
DY0623,0.933390043018,1,64.6003402581,2.42006805162,60.2693380234
DY0624,1.23364963772,0,62.4018978263,2.28037956526,62.3737641205
DY0625,-0.522118605619,1,55.8672883663,1.92654232674,57.3219339927
DY0626,-1.02062001566,1,52.876279906,2.52474401879,52.1451558466
DY0627,-0.319952200709,0,53.0802867957,1.18394264085,51.1530033206
DY0628,-1.87738668841,0,43.7356798695,3.05286402609,39.2181903951
DY0629,-1.49057918891,0,46.0565248666,2.58869502669,42.5025421598
DY0630,0.418554485988,0,57.5113269159,1.30226538319,56.5011181568
DY0631,1.49809036177,1,67.9885421706,3.09770843412,62.7729749379
DY0632,0.215686630276,1,60.2941197817,1.55882395633,59.5735800195
DY0633,-0.125951401463,1,58.2442915912,1.45114168176,56.5543388411
DY0634,-0.0409060528379,0,54.754563683,0.849087263406,54.3042907586
DY0635,0.372574478161,0,57.235446869,1.24708937379,56.1944794565
DY0636,-1.10510561219,0,48.3693663268,2.12612673463,51.0263267129
DY0637,1.62108724955,0,64.7265234973,2.74530469946,64.1034673882
DY0638,1.2372100897,1,66.4232605382,2.78465210764,67.9041775367
DY0639,1.9462914091,0,66.6777484546,3.13554969092,72.1193298537
DY0640,-0.97186112437,1,53.1688332538,2.46623334924,50.9761222228
DY0641,-1.69384156029,0,44.8369506383,2.83260987235,42.6862524216
DY0642,1.93133185976,0,66.5879911586,3.11759823172,68.3548206376
DY0643,1.50749263539,0,64.0449558123,2.60899116247,64.8490757412
DY0644,-1.51154752781,0,45.9307148331,2.61385703337,40.6732222324
DY0645,-1.0554730178,1,52.6671618932,2.56656762136,49.0879553654
DY0646,-0.771385978804,0,50.3716841272,1.72566317456,49.4270084647
DY0647,1.72473245178,0,65.3483947107,2.86967894214,61.7053261371
DY0648,-0.528449130113,0,51.8293052193,1.43413895614,54.3110895527
DY0649,0.3194121267,1,60.9164727602,1.68329455204,60.3278072221
DY0650,-0.297503472004,1,57.214979168,1.6570041664,58.3437861217
DY0651,0.871844912155,0,60.2310694729,1.84621389459,63.9293437849
DY0652,-0.0345823610381,1,58.7925058338,1.34149883325,61.4851822081
DY0653,-0.68043556979,1,54.9173865813,2.11652268375,54.8627558011
DY0654,-0.269602243003,1,57.382386542,1.6235226916,59.6777099218
DY0655,0.311644063938,0,56.8698643836,1.17397287673,56.4380068404
DY0656,1.20953445562,1,66.2572067337,2.75144134674,65.8785418606
DY0657,-0.554575771112,1,55.6725453733,1.96549092533,58.5757580894
DY0658,-0.284145584867,1,57.2951264908,1.64097470184,54.6994909494
DY0659,1.54014024095,0,64.2408414457,2.64816828914,65.4113768044
DY0660,-1.25438683967,1,51.473678962,2.8052642076,54.7314912547
DY0661,1.98781004873,1,70.9268602924,3.68537205847,69.4414799558
DY0662,-0.557137507697,0,51.6571749538,1.46856500924,52.8724294964
DY0663,0.400140999423,1,61.4008459965,1.78016919931,61.0411358284
DY0664,0.143012336943,1,59.8580740217,1.47161480433,61.6712694623
DY0665,-0.71870151188,0,50.6877909287,1.66244181426,51.2716035353
DY0666,0.374687879598,0,57.2481272776,1.24962545552,57.4248533273
DY0667,1.72621088829,1,69.3572653297,3.37145306594,71.109878625
DY0668,0.566124271837,1,62.396745631,1.9793491262,61.4167984479
DY0669,0.424968254958,0,57.5498095298,1.30996190595,55.4571524095
DY0670,0.569719405776,0,58.4183164347,1.48366328693,62.0561560903
DY0671,1.94396925282,0,66.6638155169,3.13276310338,66.6393488571
DY0672,1.94507087272,0,66.6704252363,3.13408504726,65.6683406569
DY0673,-1.20170370703,0,47.7897777578,2.24204444844,52.8829645361
DY0674,-0.192564345409,1,57.8446139275,1.53107721449,57.3609612235
DY0675,1.65862054641,1,68.9517232784,3.29034465569,70.1618383221
DY0676,-0.201706570789,1,57.7897605753,1.54204788495,56.0124615316
DY0677,-1.54858988911,0,45.7084606653,2.65830786693,42.6351027356
DY0678,-0.0781354126154,0,54.5311875243,0.893762495139,55.2208956138
DY0679,0.0379903996468,0,55.2279423979,0.845588479576,57.4563173731
DY0680,-0.356374780124,1,56.8617513193,1.72764973615,58.8783269728
DY0681,-0.787670532015,1,54.2739768079,2.24520463842,55.0300318731
DY0682,0.138210892908,1,59.8292653574,1.46585307149,58.9976178685
DY0683,-1.9496543759,0,43.3020737446,3.13958525108,39.6397556725
DY0684,-0.716118344328,1,54.703289934,2.15934201319,53.9453083581
DY0685,1.12427046649,0,61.745622799,2.14912455979,62.9530821733
DY0686,-1.83619167591,0,43.9828499446,3.00343001109,41.8969359165
DY0687,-1.47823835806,0,46.1305698516,2.57388602967,43.6456986375
DY0688,0.237717078861,0,56.4263024732,1.08526049463,55.9377574782
DY0689,0.643640904277,0,58.8618454257,1.57236908513,56.5529273069
DY0690,0.165825203872,1,59.9949512232,1.49899024465,61.3508779419
DY0691,-0.235070604412,0,53.5895763735,1.08208472529,54.5223405149
DY0692,-0.374409337182,1,56.7535439769,1.74929120462,56.3666316953
DY0693,0.723290208827,0,59.339741253,1.66794825059,57.95174457
DY0694,0.965232184273,1,64.7913931056,2.45827862113,69.0704335952
DY0695,-0.251980391505,0,53.488117651,1.10237646981,54.6242123366
DY0696,0.684112287723,0,59.1046737263,1.62093474527,59.7706009847
DY0697,-0.882444239512,0,49.7053345629,1.85893308741,46.8954748934
DY0698,-0.227490533132,0,53.6350568012,1.07298863976,53.6810449153
DY0699,1.34789503257,1,67.0873701954,2.91747403909,69.9395953032
DY0700,0.953266764587,1,64.7196005875,2.4439201175,65.2449350231
DY0701,1.18663904961,0,62.1198342977,2.22396685953,62.1471364421
DY0702,0.417461560674,1,61.504769364,1.80095387281,59.8715305378
DY0703,-0.0109555861034,0,54.9342664834,0.813146703324,54.9553730222
DY0704,1.43513394545,1,67.6108036727,3.02216073454,69.5800777594
DY0705,-0.270132108331,0,53.37920735,1.12415853,53.1526299761
DY0706,0.208950822935,1,60.2537049376,1.55074098752,61.590368294
DY0707,0.0866275035366,0,55.5197650212,0.903953004244,54.1407546549
DY0708,1.42157134334,0,63.52942806,2.505885612,63.0429739543
DY0709,0.496266263803,1,61.9775975828,1.89551951656,63.5727938264
DY0710,1.37050922899,1,67.2230553739,2.94461107478,69.8556992109
DY0711,1.29420340365,0,62.7652204219,2.35304408438,56.2995348594
DY0712,-0.722555645446,1,54.6646661273,2.16706677454,55.2713599593
DY0713,0.830104341304,0,59.9806260478,1.79612520957,57.8896363411
DY0714,1.35410522314,1,67.1246313389,2.92492626777,69.7682426141
DY0715,-1.70122233014,1,48.7926660192,3.34146679616,51.5811298841
DY0716,0.764720306361,0,59.5883218382,1.71766436763,57.6338103267
DY0717,0.566315557992,1,62.3978933479,1.97957866959,63.4560763248
DY0718,1.17766476907,1,66.0659886144,2.71319772288,68.9981279886
DY0719,0.540217659099,1,62.2413059546,1.94826119092,61.0737830116
DY0720,0.0708899672959,1,59.4253398038,1.38506796076,59.0909553018
DY0721,-1.98497679969,0,43.0901392019,3.18197215962,45.1296891431
DY0722,-0.915302764164,0,49.508183415,1.898363317,48.0796301738
DY0723,1.69832455908,1,69.1899473545,3.33798947089,67.7476828934
DY0724,0.728835391322,0,59.3730123479,1.67460246959,63.2590594695
DY0725,-0.874441972447,0,49.7533481653,1.84933036694,49.1356317299
DY0726,0.323715760792,0,56.9422945648,1.18845891295,55.9421648591
DY0727,-1.87661309826,1,47.7403214104,3.55193571792,42.8515519778
DY0728,-0.399749462224,1,56.6015032267,1.77969935467,54.600269599
DY0729,1.28057570034,0,62.6834542021,2.33669084041,62.9898522012
DY0730,-0.963386708504,1,53.219679749,2.4560640502,54.2766794162
DY0731,0.772548121936,0,59.6352887316,1.72705774632,61.3032936702
DY0732,-1.17069798865,0,47.9758120681,2.20483758638,49.5848815059
DY0733,0.540471164313,1,62.2428269859,1.94856539718,59.6326381977
DY0734,0.674332256976,0,59.0459935419,1.60919870837,62.3402886674
DY0735,-0.312924464118,1,57.1224532153,1.67550935694,56.2201145917
DY0736,0.934258340295,1,64.6055500418,2.42111000835,62.5439866298
DY0737,0.333340703108,1,61.0000442187,1.70000884373,62.3871035605
DY0738,0.437838396573,0,57.6270303794,1.32540607589,56.3734142114
DY0739,1.43157337537,0,63.5894402522,2.51788805044,67.2064692995
DY0740,0.3226005654,1,60.9356033924,1.68712067848,61.6427635484
DY0741,-1.39730303219,0,46.6161818069,2.47676363863,44.8454362888
DY0742,-0.712753435006,0,50.72347939,1.65530412201,51.4691859104
DY0743,-1.08200323177,1,52.5079806094,2.59840387813,55.0848243475
DY0744,1.66378164323,1,68.9826898594,3.29653797187,71.4999706432
DY0745,0.918169481392,1,64.5090168884,2.40180337767,69.7253710772
DY0746,0.484623853818,1,61.9077431229,1.88154862458,59.3113684123
DY0747,0.0490114715929,1,59.2940688296,1.35881376591,58.773750099
DY0748,0.650943637261,0,58.9056618236,1.58113236471,59.7190430705
DY0749,-1.39166905677,1,50.6499856594,2.97000286812,51.0762992272
DY0750,0.259541502869,1,60.5572490172,1.61144980344,62.9411316757
DY0751,-1.12650287563,0,48.2409827462,2.15180345076,51.2410058918
DY0752,1.88348793528,0,66.3009276117,3.06018552234,73.8186411846
DY0753,1.78415182493,0,65.7049109496,2.94098218992,67.7055844212
DY0754,-1.95453062863,0,43.2728162282,3.14543675436,47.8112938915
DY0755,-0.105386529086,0,54.3676808255,0.926463834903,53.4320758933
DY0756,-1.09923180321,0,48.4046091808,2.11907816385,48.8458638507
DY0757,-1.28180496173,1,51.3091702296,2.83816595408,57.432139623
DY0758,-1.54031185948,1,49.7581288431,3.14837423137,47.6938622971
DY0759,1.15268158222,1,65.9160894933,2.68321789866,66.7386457842
DY0760,0.713183778994,0,59.279102674,1.65582053479,59.1096167314
DY0761,1.17828941447,1,66.0697364868,2.71394729737,66.8133245635
DY0762,-1.33200531413,0,47.0079681152,2.39840637696,48.8261079595
DY0763,-0.880430866943,0,49.7174147983,1.85651704033,45.0684980481
DY0764,0.807076354603,0,59.8424581276,1.76849162552,60.1999654235
DY0765,1.12105607162,1,65.7263364297,2.64526728595,69.7027447832
DY0766,0.711428575676,1,63.2685714541,2.15371429081,61.0023356518
DY0767,0.0421387723704,1,59.2528326342,1.35056652684,56.9761124555
DY0768,-0.720541865707,1,54.6767488058,2.16465023885,54.7908785683
DY0769,-0.186324419665,0,53.882053482,1.0235893036,53.3521925316
DY0770,-0.875718938376,0,49.7456863697,1.85086272605,52.7670340172
DY0771,1.72830868892,1,69.3698521335,3.37397042671,69.2514179749
DY0772,-1.00629274595,1,52.9622435243,2.50755129514,45.3370630267
DY0773,0.80600631833,0,59.83603791,1.767207582,56.3321264614
DY0774,1.55546647223,1,68.3327988334,3.16655976668,71.345852879
DY0775,0.540456792898,0,58.2427407574,1.44854815148,60.0188629092
DY0776,0.517442707552,1,62.1046562453,1.92093124906,59.2253976047
DY0777,0.549889754089,1,62.2993385245,1.95986770491,63.9530457903
DY0778,1.6958161846,0,65.1748971076,2.83497942152,64.9669969235
DY0779,-1.81364115839,1,48.1181530497,3.47636939006,43.162379128
DY0780,1.07818954613,1,65.4691372768,2.59382745535,69.2191363646
DY0781,-1.55358617043,0,45.6784829774,2.66430340452,44.9073921255
DY0782,-1.64847428297,1,49.1091543022,3.27816913956,48.0979246007
DY0783,0.659616450145,1,62.9576987009,2.09153974017,64.6182662155
DY0784,-0.182803943077,1,57.9031763415,1.51936473169,58.6974085432
DY0785,1.15089610751,1,65.9053766451,2.68107532902,67.6041274789
DY0786,0.690228405099,0,59.1413704306,1.62827408612,58.448395167
DY0787,-1.78589939435,0,44.2846036339,2.94307927322,45.9081139554
DY0788,0.183660487441,1,60.1019629246,1.52039258493,58.3438031923
DY0789,1.89351279264,1,70.3610767558,3.57221535117,70.1492770655
DY0790,-0.0240811583303,1,58.85551305,1.32889739,58.4222209855
DY0791,0.691904075505,0,59.151424453,1.63028489061,59.93765768
DY0792,-1.06298356712,1,52.6220985973,2.57558028054,51.7582917506
DY0793,0.818593827401,0,59.9115629644,1.78231259288,60.9210909465
DY0794,1.89982657448,0,66.3989594469,3.07979188938,62.2985413821
DY0795,1.19596976911,0,62.1758186147,2.23516372294,58.439559325
DY0796,0.0995932978422,0,55.5975597871,0.919511957411,55.9777663807
DY0797,0.829051047456,1,63.9743062847,2.29486125695,64.3251970298
DY0798,-1.50164388592,1,49.9901366845,3.1019726631,55.0564994153
DY0799,0.187284500288,1,60.1237070017,1.52474140035,57.4336035398
DY0800,-1.41994992057,1,50.4803004766,3.00393990468,43.8540599647
