obs_id,x,y,elevation,clay
SS001,1,1,104.844342,27.62361515
SS002,1,2,107.4723884,26.28145916
SS003,1,3,112.3572817,23.7210793
SS004,1,4,110.5305317,26.67594426
SS005,1,5,111.6022977,25.10034728
SS006,1,6,112.1857269,24.73963747
SS007,1,7,118.4652484,23.24517717
SS008,1,8,116.5512784,20.72463666
SS009,1,9,118.8887129,18.86674843
SS010,1,10,126.3278595,16.6884838
SS011,1,11,125.8525438,18.08762855
SS012,1,12,127.7808951,18.00301291
SS013,2,1,104.9887767,26.54590414
SS014,2,2,108.7780662,29.22432709
SS015,2,3,113.1900442,29.16927019
SS016,2,4,114.3034997,26.13369825
SS017,2,5,118.2803475,23.02945129
SS018,2,6,118.264603,24.43697367
SS019,2,7,121.8487715,25.22348406
SS020,2,8,123.4875489,21.71636665
SS021,2,9,123.6327353,23.96291904
SS022,2,10,127.2624138,17.05071202
SS023,2,11,133.0488365,17.39430476
SS024,2,12,131.1917263,18.63113423
SS025,3,1,109.8981944,29.41710878
SS026,3,2,114.9119568,29.35105093
SS027,3,3,116.5169652,28.49585152
SS028,3,4,115.5085671,27.96676084
SS029,3,5,115.5394964,29.09948295
SS030,3,6,119.1874177,23.93374419
SS031,3,7,121.9565367,23.55250005
SS032,3,8,125.7182777,22.5957165
SS033,3,9,125.223025,23.11341442
SS034,3,10,132.1360619,21.23318577
SS035,3,11,127.9156755,20.87753044
SS036,3,12,133.6874909,21.05118524
SS037,4,1,113.4299954,31.71306233
SS038,4,2,117.3910142,32.17363466
SS039,4,3,118.7794367,29.73603781
SS040,4,4,120.8777232,29.68158833
SS041,4,5,122.2398268,30.68267065
SS042,4,6,124.8964586,26.36284433
SS043,4,7,123.2656467,25.3485875
SS044,4,8,125.9437688,24.50842293
SS045,4,9,128.6489424,23.77208661
SS046,4,10,132.1166446,22.38151076
SS047,4,11,136.3029173,22.89283545
SS048,4,12,136.7702049,20.79924315
SS049,5,1,116.6136007,31.25211031
SS050,5,2,117.1233001,30.7735205
SS051,5,3,121.4849976,32.05538182
SS052,5,4,121.9679548,30.68948802
SS053,5,5,126.3848816,31.3491879
SS054,5,6,127.3403148,27.21417659
SS055,5,7,130.7527689,27.74055113
SS056,5,8,128.7234313,29.69925635
SS057,5,9,136.2726774,22.43873706
SS058,5,10,134.3025506,22.23118116
SS059,5,11,136.1646021,22.67465682
SS060,5,12,139.3225948,20.56766628
SS061,6,1,125.2554297,33.60118303
SS062,6,2,124.5911401,32.96498155
SS063,6,3,123.6748601,32.28403733
SS064,6,4,128.8026253,30.05955175
SS065,6,5,127.4644187,30.17844362
SS066,6,6,131.5184297,29.44597362
SS067,6,7,130.2773314,26.59243489
SS068,6,8,134.1866994,25.30890498
SS069,6,9,139.2275557,25.97156093
SS070,6,10,135.9346865,21.71299903
SS071,6,11,139.6553806,22.77206647
SS072,6,12,142.5360066,20.85163045
SS073,7,1,122.6219096,33.29327173
SS074,7,2,126.4977624,33.90391681
SS075,7,3,126.2444408,35.93063059
SS076,7,4,130.5839997,29.91210697
SS077,7,5,129.6763008,28.12987134
SS078,7,6,133.4884893,29.79019716
SS079,7,7,132.4095262,27.59921096
SS080,7,8,137.1483291,27.24689478
SS081,7,9,138.5775571,26.33561862
SS082,7,10,139.820641,22.25636578
SS083,7,11,144.4765267,24.67198863
SS084,7,12,142.3361007,24.17941643
SS085,8,1,128.3092442,33.27306242
SS086,8,2,126.9356491,33.51021829
SS087,8,3,127.3375273,36.44192532
SS088,8,4,133.0111201,29.61540872
SS089,8,5,138.533834,29.65345481
SS090,8,6,134.5858249,29.37716396
SS091,8,7,138.9020278,25.54990902
SS092,8,8,138.603297,22.10258113
SS093,8,9,136.6715433,25.99110852
SS094,8,10,143.111532,23.77326087
SS095,8,11,145.3587517,23.57085009
SS096,8,12,149.2530688,23.92146498
SS097,9,1,130.2482423,32.58720506
SS098,9,2,135.0441876,34.44875128
SS099,9,3,133.4367268,30.7153428
SS100,9,4,136.1851597,33.83390986
SS101,9,5,136.1372448,28.96376632
SS102,9,6,137.3072533,28.34601541
SS103,9,7,140.4047229,24.58963177
SS104,9,8,142.4399317,23.85516162
SS105,9,9,146.0952361,24.13650207
SS106,9,10,147.1292209,23.14705723
SS107,9,11,145.9233396,21.79947667
SS108,9,12,151.5122831,23.01845966
SS109,10,1,130.6640481,33.44110462
SS110,10,2,132.3824299,31.97321672
SS111,10,3,133.9747462,31.8345127
SS112,10,4,137.8227632,29.95514698
SS113,10,5,138.155911,28.04187698
SS114,10,6,141.7610229,26.5865116
SS115,10,7,143.5575567,27.54589632
SS116,10,8,150.2528472,25.84949543
SS117,10,9,149.5170224,22.9689652
SS118,10,10,149.1243505,23.44906812
SS119,10,11,152.9651502,23.31302679
SS120,10,12,154.100785,22.0353905
SS121,11,1,135.367351,33.32928133
SS122,11,2,135.777273,32.57773577
SS123,11,3,133.8294232,29.97035745
SS124,11,4,140.1433535,29.06719561
SS125,11,5,145.4180814,27.47749152
SS126,11,6,143.2375335,28.87409222
SS127,11,7,146.2004815,26.93787687
SS128,11,8,148.3918201,21.14377217
SS129,11,9,149.9411369,25.07740379
SS130,11,10,151.1921859,19.7144196
SS131,11,11,156.2491555,21.1133996
SS132,11,12,152.8091608,23.58867179
SS133,12,1,140.7146987,30.81870078
SS134,12,2,143.4964596,28.94519527
SS135,12,3,138.0343256,29.7014183
SS136,12,4,145.0328848,28.11166523
SS137,12,5,146.5134351,22.67351907
SS138,12,6,149.702469,27.2000114
SS139,12,7,149.1261575,22.16419483
SS140,12,8,149.3812595,24.34695521
SS141,12,9,153.6256173,21.89983661
SS142,12,10,154.4010675,21.04752655
SS143,12,11,158.9670387,19.74303797
SS144,12,12,158.9032732,21.70776808
SS145,13,1,144.5359877,30.62671784
SS146,13,2,144.7601959,28.50909836
SS147,13,3,145.2898495,29.79067192
SS148,13,4,151.0451542,28.45148613
SS149,13,5,147.7567399,31.2979594
SS150,13,6,149.8916037,24.1891737
SS151,13,7,155.1725051,23.87516956
SS152,13,8,157.0039586,22.40886442
SS153,13,9,155.7173795,22.99781322
SS154,13,10,158.8199964,18.64635922
SS155,13,11,164.2368737,21.87753672
SS156,13,12,167.3355196,24.66707381
SS157,14,1,143.615503,29.3802549
SS158,14,2,148.301041,28.46474713
SS159,14,3,148.2347633,28.96556874
SS160,14,4,148.8299843,27.85398963
SS161,14,5,149.0652016,24.92535047
SS162,14,6,152.8401577,25.00782501
SS163,14,7,156.0103485,21.91642095
SS164,14,8,157.0507561,21.56975154
SS165,14,9,161.4172582,20.02429669
SS166,14,10,161.4074827,21.54098141
SS167,14,11,165.4410502,20.46770533
SS168,14,12,164.8538605,20.36364373
SS169,15,1,145.0828306,27.86597625
SS170,15,2,148.9607565,29.7283876
SS171,15,3,153.0473315,27.44136997
SS172,15,4,154.0642501,26.67285318
SS173,15,5,155.9920301,21.36758665
SS174,15,6,157.0791079,26.72218706
SS175,15,7,155.908186,22.40990694
SS176,15,8,160.0531695,20.82758774
SS177,15,9,166.928551,22.5558205
SS178,15,10,162.8608479,22.10638675
SS179,15,11,167.2979632,24.74552212
SS180,15,12,170.2014363,20.78550624
